"ASV","s.Antibiotics","s.Antibiotics + HT","s.Control","s.High temperature","index","stat","p.value","Phylum","Class","Order","Family","Genus","Treatment"
"ASV1165",1,0,0,0,1,0.580763059848677,4e-04,"Proteobacteria","Gammaproteobacteria","Pseudomonadales","Spongiibacteraceae","BD1-7 clade","Antibiotics"
"ASV664",1,0,0,0,1,0.600495172309061,4e-04,"Proteobacteria","Gammaproteobacteria","Enterobacterales","Vibrionaceae","Vibrio","Antibiotics"
"ASV1195",1,0,0,0,1,0.562991805979591,8e-04,"Proteobacteria","Gammaproteobacteria","Enterobacterales","Vibrionaceae","Vibrio","Antibiotics"
"ASV1566",1,0,0,0,1,0.523763672112024,0.0012,"Bacteroidota","Bacteroidia","Chitinophagales","Saprospiraceae","Unclassified","Antibiotics"
"ASV884",0,1,0,0,2,0.554862315248176,0.0013,"Myxococcota","Polyangia","Polyangiales","Sandaracinaceae","Unclassified","Antibiotics + HT"
"ASV163",0,1,0,0,2,0.42115168523382,0.0016,"Planctomycetota","Planctomycetes","Pirellulales","Pirellulaceae","Blastopirellula","Antibiotics + HT"
"ASV209",1,0,0,0,1,0.524508858045769,0.0017,"Bacteroidota","Bacteroidia","Flavobacteriales","Flavobacteriaceae","Psychroserpens","Antibiotics"
"ASV1998",1,0,0,0,1,0.550639798089091,0.0017,"Bacteroidota","Bacteroidia","Flavobacteriales","Cryomorphaceae","Unclassified","Antibiotics"
"ASV1538",1,0,0,0,1,0.508147481743671,0.0025,"Campylobacterota","Campylobacteria","Campylobacterales","Arcobacteraceae","Halarcobacter","Antibiotics"
"ASV376",1,0,0,0,1,0.462970058695886,0.0032,"Bacteroidota","Bacteroidia","Flavobacteriales","Flavobacteriaceae","Tenacibaculum","Antibiotics"
"ASV77",1,0,0,0,1,0.513797592336932,0.0036,"Bacteroidota","Bacteroidia","Flavobacteriales","Flavobacteriaceae","Kordia","Antibiotics"
"ASV48",0,0,0,1,4,0.491421393179903,0.0036,"Proteobacteria","Alphaproteobacteria","Rhodobacterales","Rhodobacteraceae","Oceanibulbus","High temperature"
"ASV456",0,1,0,0,2,0.502578441538428,0.0041,"Bacteroidota","Bacteroidia","Chitinophagales","Saprospiraceae","Lewinella","Antibiotics + HT"
"ASV1688",0,1,0,0,2,0.501078374158604,0.0041,"Proteobacteria","Gammaproteobacteria","Francisellales","Francisellaceae","[Caedibacter] taeniospiralis group","Antibiotics + HT"
"ASV567",0,1,0,0,2,0.407655869594131,0.0043,"Proteobacteria","Alphaproteobacteria","Caulobacterales","Hyphomonadaceae","Maricaulis","Antibiotics + HT"
"ASV1054",1,0,0,0,1,0.494885505311873,0.0045,"Verrucomicrobiota","Verrucomicrobiae","Verrucomicrobiales","DEV007","Unclassified","Antibiotics"
"ASV98",0,0,0,1,4,0.48902954395292,0.0046,"Proteobacteria","Alphaproteobacteria","Rhodobacterales","Rhodobacteraceae","Oceanibulbus","High temperature"
"ASV668",1,0,0,0,1,0.500569750081573,0.0048,"Bacteroidota","Bacteroidia","Chitinophagales","Saprospiraceae","Lewinella","Antibiotics"
"ASV382",0,1,0,0,2,0.406955976026752,0.0048,"Planctomycetota","Planctomycetes","Pirellulales","Pirellulaceae","Blastopirellula","Antibiotics + HT"
"ASV962",1,0,0,0,1,0.456418994575203,0.005,"Bacteroidota","Bacteroidia","Flavobacteriales","Cryomorphaceae","Vicingus","Antibiotics"
"ASV643",0,1,0,0,2,0.489326673940758,0.005,"Chloroflexi","Anaerolineae","Ardenticatenales","Ardenticatenaceae","Unclassified","Antibiotics + HT"
"ASV959",1,0,0,0,1,0.431416408843949,0.0054,"Bacteroidota","Bacteroidia","Flavobacteriales","Flavobacteriaceae","Tenacibaculum","Antibiotics"
"ASV1075",1,0,0,0,1,0.485612728848757,0.0056,"Bacteroidota","Bacteroidia","Flavobacteriales","Cryomorphaceae","Vicingus","Antibiotics"
"ASV327",1,0,0,0,1,0.49202914133216,0.0057,"Bacteroidota","Bacteroidia","Chitinophagales","Saprospiraceae","Lewinella","Antibiotics"
"ASV139",1,0,0,0,1,0.482127251212502,0.006,"Bacteroidota","Bacteroidia","Flavobacteriales","Flavobacteriaceae","NS4 marine group","Antibiotics"
"ASV197",1,0,0,0,1,0.473480042717763,0.0072,"Bacteroidota","Bacteroidia","Flavobacteriales","Flavobacteriaceae","Polaribacter","Antibiotics"
"ASV864",1,0,0,0,1,0.47115950293586,0.0076,"Desulfobacterota","Desulfobulbia","Desulfobulbales","Desulfocapsaceae","Unclassified","Antibiotics"
"ASV924",0,1,0,0,2,0.465524973413825,0.0079,"Proteobacteria","Gammaproteobacteria","Pseudomonadales","Moraxellaceae","Psychrobacter","Antibiotics + HT"
"ASV616",1,0,0,0,1,0.480435981254954,0.0079,"Proteobacteria","Alphaproteobacteria","Caulobacterales","Hyphomonadaceae","Algimonas","Antibiotics"
"ASV158",1,0,0,0,1,0.458901544387596,0.0084,"Bacteroidota","Bacteroidia","Flavobacteriales","Flavobacteriaceae","NS3a marine group","Antibiotics"
"ASV1858",1,0,0,0,1,0.421831169894507,0.0084,"Bacteroidota","Rhodothermia","Rhodothermales","Rhodothermaceae","Unclassified","Antibiotics"
"ASV425",1,0,0,0,1,0.473773390869105,0.0097,"Proteobacteria","Gammaproteobacteria","Pseudomonadales","OM182 clade","Unclassified","Antibiotics"
"ASV62",1,0,0,0,1,0.456542769827668,0.0104,"Proteobacteria","Gammaproteobacteria","Pseudomonadales","SAR86 clade","Unclassified","Antibiotics"
"ASV500",0,1,0,0,2,0.466728334689665,0.0111,"Verrucomicrobiota","Verrucomicrobiae","Pedosphaerales","Pedosphaeraceae","SCGC AAA164-E04","Antibiotics + HT"
"ASV743",1,0,0,0,1,0.450465610611673,0.0116,"Bacteroidota","Bacteroidia","Flavobacteriales","Flavobacteriaceae","Actibacter","Antibiotics"
"ASV17",0,0,0,1,4,0.45463098118335,0.012,"Proteobacteria","Alphaproteobacteria","Rhodobacterales","Rhodobacteraceae","Unclassified","High temperature"
"ASV83",1,0,0,0,1,0.430541627491634,0.0149,"Proteobacteria","Gammaproteobacteria","Pseudomonadales","Pseudohongiellaceae","Pseudohongiella","Antibiotics"
"ASV1643",0,0,0,1,4,0.458804360200194,0.0155,"Bacteroidota","Bacteroidia","Chitinophagales","Saprospiraceae","Unclassified","High temperature"
"ASV373",1,0,0,0,1,0.441095054714584,0.0158,"Proteobacteria","Gammaproteobacteria","Enterobacterales","Vibrionaceae","Vibrio","Antibiotics"
"ASV785",0,1,0,0,2,0.445748853961044,0.016,"Nitrospirota","Nitrospiria","Nitrospirales","Nitrospiraceae","Nitrospira","Antibiotics + HT"
"ASV715",1,0,0,0,1,0.446749659979751,0.0163,"Proteobacteria","Gammaproteobacteria","Pseudomonadales","Nitrincolaceae","Amphritea","Antibiotics"
"ASV406",0,0,0,1,4,0.439722381958448,0.0165,"Bacteroidota","Bacteroidia","Cytophagales","Cyclobacteriaceae","Fabibacter","High temperature"
"ASV524",1,0,0,0,1,0.436958743183469,0.017,"Bacteroidota","Bacteroidia","Cytophagales","Cyclobacteriaceae","Unclassified","Antibiotics"
"ASV594",1,0,0,0,1,0.450040650794072,0.0173,"Bacteroidota","Bacteroidia","Chitinophagales","Saprospiraceae","Unclassified","Antibiotics"
"ASV287",0,1,0,0,2,0.436390655295544,0.0173,"Proteobacteria","Alphaproteobacteria","Caulobacterales","Caulobacteraceae","Unclassified","Antibiotics + HT"
"ASV169",1,0,0,0,1,0.442544153094919,0.0187,"Bacteroidota","Bacteroidia","Chitinophagales","Saprospiraceae","Aureispira","Antibiotics"
"ASV1397",1,0,0,0,1,0.448702893232308,0.0193,"Proteobacteria","Gammaproteobacteria","Enterobacterales","Psychromonadaceae","Psychromonas","Antibiotics"
"ASV2200",0,1,0,0,2,0.424980570913328,0.0205,"Bacteroidota","Bacteroidia","Cytophagales","Cyclobacteriaceae","Unclassified","Antibiotics + HT"
"ASV782",0,1,0,0,2,0.432991622130456,0.0209,"Proteobacteria","Alphaproteobacteria","Rickettsiales","Rickettsiaceae","Candidatus Megaira","Antibiotics + HT"
"ASV642",1,0,0,0,1,0.444678538391457,0.0209,"Proteobacteria","Gammaproteobacteria","Pseudomonadales","Halieaceae","Halioglobus","Antibiotics"
"ASV35",1,0,0,0,1,0.419373716847567,0.0232,"Proteobacteria","Gammaproteobacteria","Pseudomonadales","Halieaceae","OM60(NOR5) clade","Antibiotics"
"ASV413",1,0,0,0,1,0.410778327467159,0.0234,"Proteobacteria","Gammaproteobacteria","Pseudomonadales","Halieaceae","Halioglobus","Antibiotics"
"ASV1085",0,0,0,1,4,0.383389396659168,0.0246,"Proteobacteria","Gammaproteobacteria","Pseudomonadales","Alcanivoracaceae1","Alcanivorax","High temperature"
"ASV244",1,0,0,0,1,0.422227303643885,0.0247,"Proteobacteria","Gammaproteobacteria","Enterobacterales","Alteromonadaceae","Salinimonas","Antibiotics"
"ASV1554",0,1,0,0,2,0.411091845668702,0.0252,"Bacteroidota","Bacteroidia","Chitinophagales","Saprospiraceae","Unclassified","Antibiotics + HT"
"ASV1016",1,0,0,0,1,0.432375548277919,0.0253,"Bdellovibrionota","Bdellovibrionia","Bdellovibrionales","Bdellovibrionaceae","OM27 clade","Antibiotics"
"ASV1110",1,0,0,0,1,0.420379092207887,0.0258,"Bacteroidota","Bacteroidia","Chitinophagales","Saprospiraceae","Portibacter","Antibiotics"
"ASV93",1,0,0,0,1,0.41260645051269,0.0266,"Bacteroidota","Bacteroidia","Flavobacteriales","Flavobacteriaceae","Formosa","Antibiotics"
"ASV1149",1,0,0,0,1,0.37836007068447,0.0271,"Proteobacteria","Gammaproteobacteria","Enterobacterales","Shewanellaceae","Unclassified","Antibiotics"
"ASV917",1,0,0,0,1,0.407416798813903,0.0276,"Proteobacteria","Gammaproteobacteria","Pseudomonadales","Cellvibrionaceae","Unclassified","Antibiotics"
"ASV273",1,0,0,0,1,0.415984608204972,0.0292,"Bacteroidota","Bacteroidia","Flavobacteriales","Flavobacteriaceae","Unclassified","Antibiotics"
"ASV184",1,0,0,0,1,0.387520815781766,0.0296,"Proteobacteria","Gammaproteobacteria","Enterobacterales","Pseudoalteromonadaceae","Psychrosphaera","Antibiotics"
"ASV606",1,0,0,0,1,0.372398006971391,0.0297,"Proteobacteria","Gammaproteobacteria","Enterobacterales","Colwelliaceae","Colwellia","Antibiotics"
"ASV506",1,0,0,0,1,0.403580748804568,0.0297,"Proteobacteria","Gammaproteobacteria","Enterobacterales","Alteromonadaceae","Glaciecola","Antibiotics"
"ASV886",1,0,0,0,1,0.400706462528412,0.0317,"Proteobacteria","Alphaproteobacteria","Rhizobiales","Rhizobiaceae","Mesorhizobium","Antibiotics"
"ASV2283",1,0,0,0,1,0.407012581008124,0.0327,"Proteobacteria","Gammaproteobacteria","Enterobacterales","Kangiellaceae","Aliikangiella","Antibiotics"
"ASV1171",0,1,0,0,2,0.376596978307073,0.0338,"Acidobacteriota","Thermoanaerobaculia","Thermoanaerobaculales","Thermoanaerobaculaceae","Subgroup 10","Antibiotics + HT"
"ASV1230",1,0,0,0,1,0.422727679754471,0.0343,"Proteobacteria","Alphaproteobacteria","Rickettsiales","Fokiniaceae","MD3-55","Antibiotics"
"ASV1461",1,0,0,0,1,0.415425977695494,0.0344,"Bacteroidota","Bacteroidia","Chitinophagales","Saprospiraceae","Lewinella","Antibiotics"
"ASV155",0,1,0,0,2,0.392734015041019,0.0347,"Proteobacteria","Alphaproteobacteria","Rhodobacterales","Rhodobacteraceae","Silicimonas","Antibiotics + HT"
"ASV713",1,0,0,0,1,0.38990698854692,0.0354,"Bacteroidota","Bacteroidia","Chitinophagales","Saprospiraceae","Unclassified","Antibiotics"
"ASV558",0,0,0,1,4,0.403842394593547,0.0356,"Bacteroidota","Bacteroidia","Flavobacteriales","Flavobacteriaceae","Unclassified","High temperature"
"ASV87",1,0,0,0,1,0.381190486258973,0.0359,"Proteobacteria","Gammaproteobacteria","Pseudomonadales","Nitrincolaceae","Unclassified","Antibiotics"
"ASV541",1,0,0,0,1,0.411977670688494,0.0363,"Bacteroidota","Bacteroidia","Chitinophagales","Saprospiraceae","Unclassified","Antibiotics"
"ASV301",0,1,0,0,2,0.38816461123694,0.0373,"Bacteroidota","Bacteroidia","Flavobacteriales","Flavobacteriaceae","Unclassified","Antibiotics + HT"
"ASV275",0,1,0,0,2,0.397213117083866,0.0382,"Proteobacteria","Gammaproteobacteria","Enterobacterales","Alteromonadaceae","Paraglaciecola","Antibiotics + HT"
"ASV122",1,0,0,0,1,0.398186630240099,0.0386,"Proteobacteria","Gammaproteobacteria","Enterobacterales","Alteromonadaceae","Salinimonas","Antibiotics"
"ASV199",0,1,0,0,2,0.393353815029123,0.04,"Proteobacteria","Alphaproteobacteria","Rhizobiales","Methyloligellaceae","Unclassified","Antibiotics + HT"
"ASV557",0,1,0,0,2,0.393737012309252,0.0407,"Proteobacteria","Alphaproteobacteria","Rhizobiales","Devosiaceae","Maritalea","Antibiotics + HT"
"ASV974",1,0,0,0,1,0.387438578271342,0.0413,"Proteobacteria","Gammaproteobacteria","Chromatiales","Sedimenticolaceae","Sedimenticola","Antibiotics"
"ASV649",1,0,0,0,1,0.373540649307591,0.0427,"Proteobacteria","Gammaproteobacteria","Enterobacterales","Psychromonadaceae","Psychromonas","Antibiotics"
"ASV364",0,0,0,1,4,0.382789871655871,0.0429,"Proteobacteria","Alphaproteobacteria","Rhodobacterales","Rhodobacteraceae","Unclassified","High temperature"
"ASV851",0,0,1,0,3,0.3812688509223,0.0431,"Actinobacteriota","Actinobacteria","Micrococcales","Microbacteriaceae","Unclassified","Control"
"ASV313",1,0,0,0,1,0.376733548592145,0.0434,"Chloroflexi","Anaerolineae","Ardenticatenales","Ardenticatenaceae","Unclassified","Antibiotics"
"ASV95",1,0,0,0,1,0.376388371560521,0.0458,"Bacteroidota","Bacteroidia","Chitinophagales","Saprospiraceae","Unclassified","Antibiotics"
"ASV2",0,1,0,0,2,0.376338023669498,0.047,"Proteobacteria","Gammaproteobacteria","Enterobacterales","Alteromonadaceae","Alteromonas","Antibiotics + HT"
"ASV261",1,0,0,0,1,0.389780788126437,0.0473,"Proteobacteria","Gammaproteobacteria","Pseudomonadales","Alcanivoracaceae","Ketobacter","Antibiotics"
"ASV270",1,0,0,0,1,0.361474939524069,0.0474,"Proteobacteria","Gammaproteobacteria","Enterobacterales","Colwelliaceae","Colwellia","Antibiotics"
"ASV311",0,1,0,0,2,0.375693283248215,0.0481,"Bacteroidota","Bacteroidia","Flavobacteriales","Flavobacteriaceae","Polaribacter","Antibiotics + HT"
"ASV360",1,0,0,0,1,0.390459737576604,0.049,"Proteobacteria","Gammaproteobacteria","Enterobacterales","Vibrionaceae","Vibrio","Antibiotics"
"ASV218",0,0,0,1,4,0.369417700105382,0.0502,"Bacteroidota","Bacteroidia","Flavobacteriales","Flavobacteriaceae","Algibacter","High temperature"
"ASV550",1,0,0,0,1,0.378054789876748,0.0505,"Proteobacteria","Gammaproteobacteria","Pseudomonadales","Halomonadaceae","Cobetia","Antibiotics"
"ASV92",1,0,0,0,1,0.351172765886934,0.0529,"Bacteroidota","Bacteroidia","Flavobacteriales","Flavobacteriaceae","Polaribacter","Antibiotics"
"ASV52",1,0,0,0,1,0.359313741205318,0.053,"Bacteroidota","Bacteroidia","Flavobacteriales","Flavobacteriaceae","Aurantivirga","Antibiotics"
"ASV76",1,0,0,0,1,0.368838153513274,0.0538,"Proteobacteria","Alphaproteobacteria","Kiloniellales","Kiloniellaceae","Unclassified","Antibiotics"
"ASV296",1,0,0,0,1,0.380322622827255,0.0542,"Campylobacterota","Campylobacteria","Campylobacterales","Arcobacteraceae","Pseudarcobacter","Antibiotics"
"ASV144",1,0,0,0,1,0.36432783073265,0.0545,"Campylobacterota","Campylobacteria","Campylobacterales","Arcobacteraceae","Pseudarcobacter","Antibiotics"
"ASV64",0,1,0,0,2,0.367084999738936,0.0548,"Proteobacteria","Gammaproteobacteria","Enterobacterales","Pseudoalteromonadaceae","Pseudoalteromonas","Antibiotics + HT"
"ASV5",0,1,0,0,2,0.37033862738509,0.0557,"Proteobacteria","Gammaproteobacteria","Enterobacterales","Alteromonadaceae","Alteromonas","Antibiotics + HT"
"ASV329",1,0,0,0,1,0.357124030621028,0.056,"Proteobacteria","Gammaproteobacteria","Enterobacterales","Colwelliaceae","Colwellia","Antibiotics"
"ASV960",1,0,0,0,1,0.382103745251887,0.0561,"Proteobacteria","Gammaproteobacteria","Pseudomonadales","Porticoccaceae","SAR92 clade","Antibiotics"
"ASV204",0,1,0,0,2,0.368707125539103,0.0569,"Proteobacteria","Gammaproteobacteria","Pseudomonadales","Alcanivoracaceae","Ketobacter","Antibiotics + HT"
"ASV393",1,0,0,0,1,0.368290994407438,0.0571,"Bacteroidota","Bacteroidia","Flavobacteriales","Flavobacteriaceae","Lutimonas","Antibiotics"
"ASV266",1,0,0,0,1,0.375357203040798,0.0573,"Bacteroidota","Bacteroidia","Chitinophagales","Saprospiraceae","Aureispira","Antibiotics"
"ASV268",1,0,0,0,1,0.360545165789638,0.0573,"Proteobacteria","Gammaproteobacteria","Enterobacterales","Alteromonadaceae","Paraglaciecola","Antibiotics"
"ASV592",0,1,0,0,2,0.370197164046255,0.0577,"Bacteroidota","Bacteroidia","Cytophagales","Cyclobacteriaceae","Fulvivirga","Antibiotics + HT"
"ASV754",0,1,0,0,2,0.369878393883317,0.0592,"Planctomycetota","Planctomycetes","Pirellulales","Pirellulaceae","Rubripirellula","Antibiotics + HT"
"ASV347",1,0,0,0,1,0.368753463039006,0.0596,"Bacteroidota","Bacteroidia","Chitinophagales","Saprospiraceae","Lewinella","Antibiotics"
"ASV491",0,1,0,0,2,0.366883878396065,0.0615,"Actinobacteriota","Acidimicrobiia","Microtrichales","Microtrichaceae","Sva0996 marine group","Antibiotics + HT"
"ASV149",1,0,0,0,1,0.348349496980732,0.0633,"Bacteroidota","Bacteroidia","Cytophagales","Cyclobacteriaceae","Marinoscillum","Antibiotics"
"ASV152",1,0,0,0,1,0.365734745408958,0.0635,"Actinobacteriota","Acidimicrobiia","Microtrichales","Ilumatobacteraceae","Ilumatobacter","Antibiotics"
"ASV137",0,1,0,0,2,0.359907079749316,0.0637,"Proteobacteria","Gammaproteobacteria","Enterobacterales","Pseudoalteromonadaceae","Pseudoalteromonas","Antibiotics + HT"
"ASV571",1,0,0,0,1,0.363243757899435,0.0648,"Proteobacteria","Gammaproteobacteria","Enterobacterales","Vibrionaceae","Vibrio","Antibiotics"
"ASV985",1,0,0,0,1,0.37391574992822,0.0672,"Proteobacteria","Gammaproteobacteria","Enterobacterales","Shewanellaceae","Shewanella","Antibiotics"
"ASV828",0,1,0,0,2,0.39231148290858,0.0696,"Proteobacteria","Gammaproteobacteria","Enterobacterales","Pseudoalteromonadaceae","Pseudoalteromonas","Antibiotics + HT"
"ASV394",1,0,0,0,1,0.354224613865732,0.07,"Actinobacteriota","Acidimicrobiia","Microtrichales","Microtrichaceae","Unclassified","Antibiotics"
"ASV666",1,0,0,0,1,0.358739233218656,0.0709,"Proteobacteria","Gammaproteobacteria","Pseudomonadales","Alcanivoracaceae1","Alcanivorax","Antibiotics"
"ASV922",0,0,1,0,3,0.354076783243334,0.0709,"Proteobacteria","Gammaproteobacteria","Pseudomonadales","KI89A clade","Unclassified","Control"
"ASV372",0,0,0,1,4,0.355447633305134,0.0722,"Proteobacteria","Gammaproteobacteria","Enterobacterales","Alteromonadaceae","Aliiglaciecola","High temperature"
"ASV102",0,1,0,0,2,0.347212906794289,0.0732,"Proteobacteria","Gammaproteobacteria","Pseudomonadales","Alcanivoracaceae","Ketobacter","Antibiotics + HT"
"ASV1896",0,0,0,1,4,0.371327219579093,0.0733,"Actinobacteriota","Acidimicrobiia","Microtrichales","Microtrichaceae","Sva0996 marine group","High temperature"
"ASV305",1,0,0,0,1,0.3388416517437,0.0735,"Proteobacteria","Gammaproteobacteria","Pseudomonadales","Halieaceae","Marimicrobium","Antibiotics"
"ASV61",1,0,0,0,1,0.374846385600102,0.0737,"Proteobacteria","Gammaproteobacteria","Enterobacterales","Alteromonadaceae","Unclassified","Antibiotics"
"ASV1013",1,0,0,0,1,0.355202115927441,0.0742,"Campylobacterota","Campylobacteria","Campylobacterales","Arcobacteraceae","Pseudarcobacter","Antibiotics"
"ASV1091",1,0,0,0,1,0.354177291826906,0.0744,"Actinobacteriota","Acidimicrobiia","Microtrichales","Microtrichaceae","Sva0996 marine group","Antibiotics"
"ASV264",1,0,0,0,1,0.336771009462847,0.0746,"Bacteroidota","Bacteroidia","Chitinophagales","Saprospiraceae","Unclassified","Antibiotics"
"ASV775",1,0,0,0,1,0.354300194333635,0.076,"Bdellovibrionota","Bdellovibrionia","Bacteriovoracales","Bacteriovoracaceae","Unclassified","Antibiotics"
"ASV641",1,0,0,0,1,0.34555528595129,0.078,"Proteobacteria","Alphaproteobacteria","Rhodobacterales","Rhodobacteraceae","Unclassified","Antibiotics"
"ASV49",1,0,0,0,1,0.340094427069545,0.078,"Actinobacteriota","Acidimicrobiia","Actinomarinales","Actinomarinaceae","Candidatus Actinomarina","Antibiotics"
"ASV821",1,0,0,0,1,0.34950061157058,0.0788,"Proteobacteria","Gammaproteobacteria","Enterobacterales","Colwelliaceae","Colwellia","Antibiotics"
"ASV8",1,0,0,0,1,0.370630439459063,0.0792,"Proteobacteria","Gammaproteobacteria","Enterobacterales","Alteromonadaceae","Alteromonas","Antibiotics"
"ASV16",1,0,0,0,1,0.36838413779817,0.0798,"Proteobacteria","Gammaproteobacteria","Enterobacterales","Alteromonadaceae","Alteromonas","Antibiotics"
"ASV451",0,1,0,0,2,0.350092510397051,0.0799,"Proteobacteria","Gammaproteobacteria","Enterobacterales","Vibrionaceae","Unclassified","Antibiotics + HT"
"ASV325",1,0,0,0,1,0.339273968944242,0.0799,"Proteobacteria","Gammaproteobacteria","Enterobacterales","Pseudoalteromonadaceae","Pseudoalteromonas","Antibiotics"
"ASV345",1,0,0,0,1,0.350808365848558,0.0805,"Proteobacteria","Gammaproteobacteria","Enterobacterales","Colwelliaceae","Colwellia","Antibiotics"
"ASV254",1,0,0,0,1,0.346743676919501,0.0808,"Proteobacteria","Alphaproteobacteria","Caulobacterales","Hyphomonadaceae","Algimonas","Antibiotics"
"ASV146",0,1,0,0,2,0.369831943949684,0.0813,"Proteobacteria","Gammaproteobacteria","Enterobacterales","Alteromonadaceae","Paraglaciecola","Antibiotics + HT"
"ASV30",1,0,0,0,1,0.364646697674324,0.0819,"Proteobacteria","Gammaproteobacteria","Enterobacterales","Alteromonadaceae","Alteromonas","Antibiotics"
"ASV2359",1,0,0,0,1,0.348917368706611,0.0831,"Proteobacteria","Gammaproteobacteria","Pseudomonadales","KI89A clade","Unclassified","Antibiotics"
"ASV565",1,0,0,0,1,0.351456196039233,0.0833,"Proteobacteria","Alphaproteobacteria","Rhodobacterales","Rhodobacteraceae","Unclassified","Antibiotics"
"ASV160",0,1,0,0,2,0.335108701567447,0.0834,"Proteobacteria","Gammaproteobacteria","Enterobacterales","Colwelliaceae","Thalassotalea","Antibiotics + HT"
"ASV1089",0,1,0,0,2,0.353575200633379,0.0842,"Bacteroidota","Bacteroidia","Flavobacteriales","Flavobacteriaceae","Winogradskyella","Antibiotics + HT"
"ASV147",0,0,0,1,4,0.339683583301566,0.0872,"Proteobacteria","Gammaproteobacteria","Pseudomonadales","Cellvibrionaceae","Unclassified","High temperature"
"ASV937",1,0,0,0,1,0.364717446732416,0.0876,"Proteobacteria","Alphaproteobacteria","Rhodobacterales","Rhodobacteraceae","Roseibacterium","Antibiotics"
"ASV4769",0,0,1,0,3,0.340003042704736,0.0887,"Firmicutes","Bacilli","Lactobacillales","Lactobacillaceae","Pediococcus","Control"
"ASV875",1,0,0,0,1,0.337689385962956,0.0894,"Bacteroidota","Bacteroidia","Chitinophagales","Saprospiraceae","Unclassified","Antibiotics"
"ASV651",1,0,0,0,1,0.338514337931242,0.0911,"Proteobacteria","Gammaproteobacteria","Enterobacterales","Kangiellaceae","Unclassified","Antibiotics"
"ASV365",1,0,0,0,1,0.337723673802916,0.0932,"Actinobacteriota","Acidimicrobiia","Microtrichales","Ilumatobacteraceae","Ilumatobacter","Antibiotics"
"ASV792",0,1,0,0,2,0.377290044250087,0.0947,"Firmicutes","Clostridia","Peptostreptococcales-Tissierellales","Fusibacteraceae","Fusibacter","Antibiotics + HT"
"ASV291",0,1,0,0,2,0.330646784586746,0.0957,"Bacteroidota","Bacteroidia","Flavobacteriales","Flavobacteriaceae","Unclassified","Antibiotics + HT"
"ASV455",1,0,0,0,1,0.338791602566452,0.0972,"Bacteroidota","Bacteroidia","Chitinophagales","Saprospiraceae","Unclassified","Antibiotics"
"ASV761",0,0,0,1,4,0.341199701127585,0.0984,"Proteobacteria","Gammaproteobacteria","Gammaproteobacteria Incertae Sedis","Unknown Family","Marinicella","High temperature"
"ASV971",1,0,0,0,1,0.351974291794745,0.0988,"Proteobacteria","Gammaproteobacteria","Pseudomonadales","KI89A clade","Unclassified","Antibiotics"
"ASV323",1,0,0,0,1,0.304910279426694,0.0992,"Proteobacteria","Alphaproteobacteria","Rhizobiales","Stappiaceae","Pannonibacter","Antibiotics"
"ASV114",1,0,0,0,1,0.320260116074344,0.0997,"Bacteroidota","Bacteroidia","Chitinophagales","Saprospiraceae","Unclassified","Antibiotics"
"ASV640",0,0,0,1,4,0.333538308218644,0.0999,"Proteobacteria","Alphaproteobacteria","Rhodobacterales","Rhodobacteraceae","Aestuariibius","High temperature"
"ASV362",0,0,0,1,4,0.327061798136415,0.1009,"Proteobacteria","Gammaproteobacteria","Pseudomonadales","Oleiphilaceae","Oleiphilus","High temperature"
"ASV1303",1,0,0,0,1,0.338371838940333,0.1017,"Bacteroidota","Bacteroidia","Flavobacteriales","Flavobacteriaceae","Bizionia","Antibiotics"
"ASV607",0,1,0,0,2,0.353728418236123,0.1029,"Bacteroidota","Bacteroidia","Flavobacteriales","Flavobacteriaceae","Flavobacterium","Antibiotics + HT"
"ASV417",1,0,0,0,1,0.328107455102421,0.1041,"Bacteroidota","Bacteroidia","Flavobacteriales","Flavobacteriaceae","NS4 marine group","Antibiotics"
"ASV763",1,0,0,0,1,0.324389606316356,0.1042,"Bacteroidota","Bacteroidia","Flavobacteriales","Crocinitomicaceae","Crocinitomix","Antibiotics"
"ASV920",1,0,0,0,1,0.335198410882147,0.1044,"Proteobacteria","Gammaproteobacteria","Enterobacterales","Vibrionaceae","Aliivibrio","Antibiotics"
"ASV41",1,0,0,0,1,0.326156663446566,0.1053,"Bacteroidota","Bacteroidia","Flavobacteriales","Flavobacteriaceae","NS5 marine group","Antibiotics"
"ASV2490",0,1,0,0,2,0.32041874201477,0.1054,"Bacteroidota","Rhodothermia","Rhodothermales","Rhodothermaceae","Rubrivirga","Antibiotics + HT"
"ASV276",1,0,0,0,1,0.322186933366101,0.1069,"Proteobacteria","Alphaproteobacteria","Puniceispirillales","SAR116 clade","Unclassified","Antibiotics"
"ASV532",0,0,0,1,4,0.323975711018012,0.1083,"Proteobacteria","Alphaproteobacteria","Rhodobacterales","Rhodobacteraceae","Planktotalea","High temperature"
"ASV464",1,0,0,0,1,0.332885281592812,0.109,"Proteobacteria","Gammaproteobacteria","Pseudomonadales","Halomonadaceae","Halomonas","Antibiotics"
"ASV79",1,0,0,0,1,0.347517092684308,0.1106,"Proteobacteria","Gammaproteobacteria","Enterobacterales","Alteromonadaceae","Alteromonas","Antibiotics"
"ASV2165",0,1,0,0,2,0.337334007263066,0.1112,"Bacteroidota","Bacteroidia","Flavobacteriales","Cryomorphaceae","Luteibaculum","Antibiotics + HT"
"ASV71",1,0,0,0,1,0.346021264187462,0.1125,"Proteobacteria","Gammaproteobacteria","Enterobacterales","Alteromonadaceae","Alteromonas","Antibiotics"
"ASV194",0,0,0,1,4,0.328668780958583,0.1128,"Proteobacteria","Gammaproteobacteria","Pseudomonadales","Saccharospirillaceae","Oleibacter","High temperature"
"ASV634",1,0,0,0,1,0.322010434666861,0.113,"Bacteroidota","Bacteroidia","Chitinophagales","Saprospiraceae","Lewinella","Antibiotics"
"ASV1360",0,1,0,0,2,0.321713669889768,0.1137,"Proteobacteria","Alphaproteobacteria","Micavibrionales","Micavibrionaceae","Unclassified","Antibiotics + HT"
"ASV105",0,1,0,0,2,0.316923203757838,0.1152,"Firmicutes","Bacilli","Mycoplasmatales","Mycoplasmataceae","Mycoplasma","Antibiotics + HT"
"ASV597",1,0,0,0,1,0.319825860292316,0.1166,"Proteobacteria","Gammaproteobacteria","Pseudomonadales","OM182 clade","Unclassified","Antibiotics"
"ASV250",0,1,0,0,2,0.309147346172594,0.1183,"Proteobacteria","Gammaproteobacteria","Enterobacterales","Psychromonadaceae","Psychromonas","Antibiotics + HT"
"ASV211",1,0,0,0,1,0.342727013730641,0.1224,"Proteobacteria","Gammaproteobacteria","Enterobacterales","Alteromonadaceae","Alteromonas","Antibiotics"
"ASV351",0,1,0,0,2,0.325149248392466,0.1224,"Proteobacteria","Alphaproteobacteria","Rhodobacterales","Rhodobacteraceae","Unclassified","Antibiotics + HT"
"ASV118",1,0,0,0,1,0.341449748528484,0.1227,"Proteobacteria","Gammaproteobacteria","Enterobacterales","Alteromonadaceae","Alteromonas","Antibiotics"
"ASV251",0,1,0,0,2,0.304899986335482,0.1236,"Bacteroidota","Bacteroidia","Cytophagales","Cyclobacteriaceae","Unclassified","Antibiotics + HT"
"ASV977",0,0,0,1,4,0.319161996752762,0.1237,"Proteobacteria","Gammaproteobacteria","Pseudomonadales","Marinobacteraceae","Marinobacter","High temperature"
"ASV288",0,1,0,0,2,0.32352055966222,0.1237,"Proteobacteria","Alphaproteobacteria","SAR11 clade","Clade II","Unclassified","Antibiotics + HT"
"ASV678",1,0,0,0,1,0.318171729156146,0.1247,"Bacteroidota","Bacteroidia","Flavobacteriales","Flavobacteriaceae","Formosa","Antibiotics"
"ASV50",0,0,0,1,4,0.308519528955134,0.1252,"Bacteroidota","Bacteroidia","Flavobacteriales","Crocinitomicaceae","Salinirepens","High temperature"
"ASV328",0,1,0,0,2,0.323978807037131,0.1257,"Proteobacteria","Gammaproteobacteria","Enterobacterales","Alteromonadaceae","Paraglaciecola","Antibiotics + HT"
"ASV1194",1,0,0,0,1,0.328691608108179,0.1269,"Bacteroidota","Bacteroidia","Flavobacteriales","NS9 marine group","Unclassified","Antibiotics"
"ASV27",0,0,0,1,4,0.307541423680607,0.1284,"Bacteroidota","Bacteroidia","Flavobacteriales","Crocinitomicaceae","Salinirepens","High temperature"
"ASV350",1,0,0,0,1,0.303014881000113,0.1291,"Bdellovibrionota","Bdellovibrionia","Bdellovibrionales","Bdellovibrionaceae","OM27 clade","Antibiotics"
"ASV74",0,1,0,0,2,0.308328653545016,0.13,"Proteobacteria","Alphaproteobacteria","Sphingomonadales","Sphingomonadaceae","Sphingorhabdus","Antibiotics + HT"
"ASV1988",1,0,0,0,1,0.333019882857309,0.1302,"Firmicutes","Clostridia","Oscillospirales","Hungateiclostridiaceae","Unclassified","Antibiotics"
"ASV476",1,0,0,0,1,0.32029469002185,0.1303,"Fusobacteriota","Fusobacteriia","Fusobacteriales","Fusobacteriaceae","Psychrilyobacter","Antibiotics"
"ASV121",0,1,0,0,2,0.309962949304055,0.1308,"Proteobacteria","Alphaproteobacteria","Rhodobacterales","Rhodobacteraceae","Unclassified","Antibiotics + HT"
"ASV415",0,0,0,1,4,0.312871910495699,0.1309,"Proteobacteria","Alphaproteobacteria","Sphingomonadales","Sphingomonadaceae","Unclassified","High temperature"
"ASV180",1,0,0,0,1,0.307420026760721,0.1315,"Proteobacteria","Gammaproteobacteria","Pseudomonadales","Thioglobaceae","Candidatus Thioglobus","Antibiotics"
"ASV227",0,1,0,0,2,0.295334367249605,0.1318,"Bacteroidota","Bacteroidia","Flavobacteriales","Flavobacteriaceae","Unclassified","Antibiotics + HT"
"ASV1302",0,1,0,0,2,0.339425051609578,0.132,"Proteobacteria","Gammaproteobacteria","Thiotrichales","Thiotrichaceae","Leucothrix","Antibiotics + HT"
"ASV919",1,0,0,0,1,0.343243000664366,0.1321,"Bacteroidota","Bacteroidia","Flavobacteriales","Flavobacteriaceae","Dokdonia","Antibiotics"
"ASV355",1,0,0,0,1,0.302812415204061,0.1332,"Bacteroidota","Bacteroidia","Flavobacteriales","Flavobacteriaceae","NS3a marine group","Antibiotics"
"ASV1007",0,1,0,0,2,0.318805428857025,0.1345,"Campylobacterota","Campylobacteria","Campylobacterales","Sulfurovaceae","Sulfurovum","Antibiotics + HT"
"ASV1596",0,1,0,0,2,0.30140036950173,0.1359,"Bacteroidota","Bacteroidia","Flavobacteriales","Flavobacteriaceae","Eudoraea","Antibiotics + HT"
"ASV619",0,0,0,1,4,0.330489172336588,0.1377,"Proteobacteria","Gammaproteobacteria","Arenicellales","Arenicellaceae","HTCC5015","High temperature"
"ASV1523",1,0,0,0,1,0.312780380072229,0.1378,"Bacteroidota","Bacteroidia","Chitinophagales","Saprospiraceae","Lewinella","Antibiotics"
"ASV210",1,0,0,0,1,0.290914574105887,0.1379,"Bacteroidota","Bacteroidia","Flavobacteriales","Flavobacteriaceae","NS4 marine group","Antibiotics"
"ASV723",0,0,0,1,4,0.310460881899575,0.1384,"Proteobacteria","Gammaproteobacteria","Pseudomonadales","Oleiphilaceae","Oleiphilus","High temperature"
"ASV229",1,0,0,0,1,0.308156193852558,0.1396,"Bacteroidota","Bacteroidia","Flavobacteriales","Flavobacteriaceae","Formosa","Antibiotics"
"ASV539",1,0,0,0,1,0.301330771840003,0.1396,"Proteobacteria","Gammaproteobacteria","Enterobacterales","Alteromonadaceae","Paraglaciecola","Antibiotics"
"ASV81",1,0,0,0,1,0.296798558046818,0.1399,"Proteobacteria","Gammaproteobacteria","Burkholderiales","Methylophilaceae","OM43 clade","Antibiotics"
"ASV89",0,0,0,1,4,0.325190863929266,0.1404,"Bacteroidota","Bacteroidia","Flavobacteriales","Flavobacteriaceae","Unclassified","High temperature"
"ASV463",1,0,0,0,1,0.30692572234653,0.1407,"Proteobacteria","Gammaproteobacteria","Pseudomonadales","Halieaceae","Halioglobus","Antibiotics"
"ASV1070",0,0,0,1,4,0.316046970216784,0.1408,"Proteobacteria","Gammaproteobacteria","Pseudomonadales","Porticoccaceae","SAR92 clade","High temperature"
"ASV286",1,0,0,0,1,0.305473870366225,0.1409,"Bacteroidota","Bacteroidia","Flavobacteriales","Flavobacteriaceae","Unclassified","Antibiotics"
"ASV1313",1,0,0,0,1,0.311678876051006,0.142,"Bacteroidota","Bacteroidia","Flavobacteriales","NS9 marine group","Unclassified","Antibiotics"
"ASV825",1,0,0,0,1,0.317127636220533,0.1422,"Proteobacteria","Gammaproteobacteria","Pseudomonadales","Halieaceae","Halioglobus","Antibiotics"
"ASV725",0,0,1,0,3,0.312906059886616,0.1434,"Proteobacteria","Alphaproteobacteria","Rhodobacterales","Rhodobacteraceae","Epibacterium","Control"
"ASV294",0,0,0,1,4,0.294059579123983,0.1452,"Proteobacteria","Alphaproteobacteria","Rhodobacterales","Rhodobacteraceae","Yoonia-Loktanella","High temperature"
"ASV1383",1,0,0,0,1,0.319388167120939,0.1455,"Bacteroidota","Bacteroidia","Chitinophagales","Saprospiraceae","Unclassified","Antibiotics"
"ASV781",0,1,0,0,2,0.302314766154643,0.1469,"Bacteroidota","Bacteroidia","Chitinophagales","Saprospiraceae","Unclassified","Antibiotics + HT"
"ASV416",1,0,0,0,1,0.300541686342555,0.1471,"Chloroflexi","Anaerolineae","Ardenticatenales","Ardenticatenaceae","Unclassified","Antibiotics"
"ASV809",1,0,0,0,1,0.304022178616175,0.1471,"Verrucomicrobiota","Verrucomicrobiae","Verrucomicrobiales","Rubritaleaceae","Roseibacillus","Antibiotics"
"ASV128",1,0,0,0,1,0.299199161763373,0.1472,"Proteobacteria","Gammaproteobacteria","Pseudomonadales","SAR86 clade","Unclassified","Antibiotics"
"ASV43",1,0,0,0,1,0.293281633343011,0.1485,"Proteobacteria","Gammaproteobacteria","Pseudomonadales","Thioglobaceae","SUP05 cluster","Antibiotics"
"ASV108",1,0,0,0,1,0.30254168800971,0.1497,"Proteobacteria","Gammaproteobacteria","Pseudomonadales","SAR86 clade","Unclassified","Antibiotics"
"ASV740",1,0,0,0,1,0.307802457854209,0.1498,"Proteobacteria","Gammaproteobacteria","Enterobacterales","Colwelliaceae","Colwellia","Antibiotics"
"ASV47",0,0,0,1,4,0.319484120562465,0.1505,"Bacteroidota","Bacteroidia","Flavobacteriales","Flavobacteriaceae","Unclassified","High temperature"
"ASV698",0,1,0,0,2,0.303283440705797,0.1511,"Proteobacteria","Gammaproteobacteria","Thiotrichales","Thiotrichaceae","Leucothrix","Antibiotics + HT"
"ASV1210",0,0,0,1,4,0.301490962258073,0.1518,"Proteobacteria","Gammaproteobacteria","Thiohalorhabdales","Thiohalorhabdaceae","Unclassified","High temperature"
"ASV688",1,0,0,0,1,0.296359606213816,0.1526,"Bacteroidota","Bacteroidia","Flavobacteriales","Cryomorphaceae","Unclassified","Antibiotics"
"ASV224",0,1,0,0,2,0.306983129687316,0.1527,"Proteobacteria","Alphaproteobacteria","Rhizobiales","Rhizobiaceae","Unclassified","Antibiotics + HT"
"ASV46",0,1,0,0,2,0.309353610134364,0.1545,"Proteobacteria","Alphaproteobacteria","Parvibaculales","PS1 clade","Unclassified","Antibiotics + HT"
"ASV201",1,0,0,0,1,0.306521364125006,0.1549,"Proteobacteria","Gammaproteobacteria","Pseudomonadales","Halomonadaceae","Halomonas","Antibiotics"
"ASV429",0,0,0,1,4,0.320190479605283,0.1561,"Proteobacteria","Gammaproteobacteria","Pseudomonadales","Saccharospirillaceae","Oleibacter","High temperature"
"ASV187",0,1,0,0,2,0.285368622265573,0.1597,"Nitrospinota","Nitrospinia","Nitrospinales","Nitrospinaceae","LS-NOB","Antibiotics + HT"
"ASV645",1,0,0,0,1,0.3150659067026,0.161,"Proteobacteria","Gammaproteobacteria","Pseudomonadales","Pseudomonadaceae","Pseudomonas","Antibiotics"
"ASV1592",0,0,1,0,3,0.315316727089659,0.162,"Planctomycetota","Planctomycetes","Pirellulales","Pirellulaceae","Unclassified","Control"
"ASV150",0,1,0,0,2,0.30390552122032,0.1628,"Proteobacteria","Alphaproteobacteria","Rhodospirillales","AEGEAN-169 marine group","Unclassified","Antibiotics + HT"
"ASV166",0,1,0,0,2,0.301022401594463,0.1631,"Bacteroidota","Bacteroidia","Flavobacteriales","Flavobacteriaceae","Olleya","Antibiotics + HT"
"ASV399",1,0,0,0,1,0.300125711983431,0.1636,"Proteobacteria","Gammaproteobacteria","Pseudomonadales","OM182 clade","Unclassified","Antibiotics"
"ASV576",1,0,0,0,1,0.289664485113233,0.1637,"Acidobacteriota","Holophagae","Acanthopleuribacterales","Acanthopleuribacteraceae","Acanthopleuribacter","Antibiotics"
"ASV257",1,0,0,0,1,0.299117378815655,0.164,"Proteobacteria","Gammaproteobacteria","Pseudomonadales","SAR86 clade","Unclassified","Antibiotics"
"ASV66",1,0,0,0,1,0.290658743980071,0.1641,"Proteobacteria","Alphaproteobacteria","Puniceispirillales","SAR116 clade","Unclassified","Antibiotics"
"ASV107",1,0,0,0,1,0.281265468605688,0.1655,"Proteobacteria","Gammaproteobacteria","Pseudomonadales","Halieaceae","Luminiphilus","Antibiotics"
"ASV1122",0,0,0,1,4,0.289600513745396,0.1662,"Bacteroidota","Bacteroidia","Flavobacteriales","Crocinitomicaceae","Salinirepens","High temperature"
"ASV33",0,1,0,0,2,0.303235651565537,0.168,"Proteobacteria","Alphaproteobacteria","Puniceispirillales","SAR116 clade","Candidatus Puniceispirillum","Antibiotics + HT"
"ASV2066",0,0,0,1,4,0.288507896815326,0.169,"Bdellovibrionota","Bdellovibrionia","Bdellovibrionales","Bdellovibrionaceae","OM27 clade","High temperature"
"ASV359",0,0,0,1,4,0.281062471379333,0.1695,"Proteobacteria","Alphaproteobacteria","Rhodobacterales","Rhodobacteraceae","Unclassified","High temperature"
"ASV1441",1,0,0,0,1,0.290982963369569,0.1701,"Bacteroidota","Bacteroidia","Cytophagales","Spirosomaceae","Taeseokella","Antibiotics"
"ASV55",0,1,0,0,2,0.290671695978959,0.1704,"Proteobacteria","Alphaproteobacteria","Rhodobacterales","Rhodobacteraceae","Unclassified","Antibiotics + HT"
"ASV1448",0,0,0,1,4,0.286313859717718,0.1734,"Proteobacteria","Gammaproteobacteria","Burkholderiales","Methylophilaceae","Methylotenera","High temperature"
"ASV605",1,0,0,0,1,0.299019620163299,0.1749,"Bacteroidota","Bacteroidia","Flavobacteriales","Flavobacteriaceae","Formosa","Antibiotics"
"ASV321",0,1,0,0,2,0.288806805380447,0.1757,"Proteobacteria","Alphaproteobacteria","Parvibaculales","OCS116 clade","Unclassified","Antibiotics + HT"
"ASV310",0,1,0,0,2,0.287626522227869,0.1765,"Bacteroidota","Bacteroidia","Flavobacteriales","Flavobacteriaceae","NS5 marine group","Antibiotics + HT"
"ASV1123",0,0,0,1,4,0.301143646201005,0.1766,"Bacteroidota","Bacteroidia","Chitinophagales","Saprospiraceae","Unclassified","High temperature"
"ASV414",0,1,0,0,2,0.285644556191962,0.177,"Proteobacteria","Gammaproteobacteria","Xanthomonadales","Xanthomonadaceae","Arenimonas","Antibiotics + HT"
"ASV1244",1,0,0,0,1,0.296506156493194,0.1782,"Proteobacteria","Gammaproteobacteria","Pseudomonadales","Litoricolaceae","Litoricola","Antibiotics"
"ASV45",1,0,0,0,1,0.277063443286049,0.1805,"Proteobacteria","Alphaproteobacteria","Rhodobacterales","Rhodobacteraceae","Planktomarina","Antibiotics"
"ASV369",0,1,0,0,2,0.2901366615981,0.1813,"Proteobacteria","Alphaproteobacteria","Rhizobiales","Stappiaceae","Labrenzia","Antibiotics + HT"
"ASV617",0,0,0,1,4,0.287050235807048,0.1813,"Bacteroidota","Bacteroidia","Flavobacteriales","Flavobacteriaceae","Algibacter","High temperature"
"ASV1286",0,1,0,0,2,0.309316394408256,0.1816,"Planctomycetota","Planctomycetes","Planctomycetales","Rubinisphaeraceae","Fuerstia","Antibiotics + HT"
"ASV1342",0,0,0,1,4,0.309567594932182,0.1823,"Proteobacteria","Gammaproteobacteria","Burkholderiales","Methylophilaceae","OM43 clade","High temperature"
"ASV1006",0,1,0,0,2,0.298774976418191,0.1824,"Bacteroidota","Bacteroidia","Flavobacteriales","Flavobacteriaceae","Aquimarina","Antibiotics + HT"
"ASV203",1,0,0,0,1,0.282733017767367,0.1825,"Proteobacteria","Gammaproteobacteria","Pseudomonadales","Pseudohongiellaceae","Pseudohongiella","Antibiotics"
"ASV333",1,0,0,0,1,0.292577436190016,0.1825,"Proteobacteria","Gammaproteobacteria","Pseudomonadales","SAR86 clade","Unclassified","Antibiotics"
"ASV153",1,0,0,0,1,0.282835586498184,0.1835,"Proteobacteria","Gammaproteobacteria","Enterobacterales","Alteromonadaceae","Alteromonas","Antibiotics"
"ASV111",1,0,0,0,1,0.267718544910029,0.1854,"Proteobacteria","Gammaproteobacteria","Enterobacterales","Colwelliaceae","Colwellia","Antibiotics"
"ASV3804",0,1,0,0,2,0.291395878086592,0.1863,"Chloroflexi","Anaerolineae","SBR1031","A4b","Unclassified","Antibiotics + HT"
"ASV109",0,1,0,0,2,0.281655647179005,0.1891,"Proteobacteria","Alphaproteobacteria","SAR11 clade","Clade II","Unclassified","Antibiotics + HT"
"ASV342",1,0,0,0,1,0.280810750093317,0.1893,"Planctomycetota","Phycisphaerae","Phycisphaerales","Phycisphaeraceae","SM1A02","Antibiotics"
"ASV1612",1,0,0,0,1,0.293894724544845,0.1912,"Bacteroidota","Bacteroidia","Sphingobacteriales","NS11-12 marine group","Unclassified","Antibiotics"
"ASV15",0,1,0,0,2,0.281559299004289,0.1925,"Proteobacteria","Alphaproteobacteria","Sphingomonadales","Sphingomonadaceae","Blastomonas","Antibiotics + HT"
"ASV40",0,1,0,0,2,0.276868580142976,0.1927,"Proteobacteria","Alphaproteobacteria","Rhodobacterales","Rhodobacteraceae","Unclassified","Antibiotics + HT"
"ASV833",0,1,0,0,2,0.284215873037056,0.1934,"Bacteroidota","Bacteroidia","Flavobacteriales","Flavobacteriaceae","Confluentibacter","Antibiotics + HT"
"ASV371",0,0,0,1,4,0.273195702965491,0.1936,"Proteobacteria","Alphaproteobacteria","Rhodobacterales","Rhodobacteraceae","Sulfitobacter","High temperature"
"ASV1177",1,0,0,0,1,0.294802372883657,0.1937,"Bacteroidota","Bacteroidia","Flavobacteriales","Crocinitomicaceae","Unclassified","Antibiotics"
"ASV168",1,0,0,0,1,0.27452782852529,0.1954,"Proteobacteria","Gammaproteobacteria","Enterobacterales","Pseudoalteromonadaceae","Pseudoalteromonas","Antibiotics"
"ASV1510",0,0,0,1,4,0.287207157885427,0.2006,"Bacteroidota","Bacteroidia","Flavobacteriales","NS9 marine group","Unclassified","High temperature"
"ASV239",1,0,0,0,1,0.266399125869227,0.2009,"Proteobacteria","Alphaproteobacteria","Caulobacterales","Hyphomonadaceae","Henriciella","Antibiotics"
"ASV419",0,0,0,1,4,0.293441700758446,0.2024,"Proteobacteria","Gammaproteobacteria","Burkholderiales","Methylophilaceae","Methylotenera","High temperature"
"ASV208",1,0,0,0,1,0.261671557344214,0.2033,"Proteobacteria","Gammaproteobacteria","Pseudomonadales","Halieaceae","OM60(NOR5) clade","Antibiotics"
"ASV1246",0,1,0,0,2,0.296544610839509,0.2049,"Proteobacteria","Gammaproteobacteria","Pseudomonadales","KI89A clade","Unclassified","Antibiotics + HT"
"ASV421",1,0,0,0,1,0.270568825997131,0.2051,"Actinobacteriota","Actinobacteria","Micrococcales","Microbacteriaceae","Unclassified","Antibiotics"
"ASV511",0,0,0,1,4,0.285024747341421,0.2058,"Proteobacteria","Gammaproteobacteria","Pseudomonadales","Halieaceae","Marimicrobium","High temperature"
"ASV631",1,0,0,0,1,0.297566088735296,0.2062,"Bacteroidota","Bacteroidia","Flavobacteriales","Flavobacteriaceae","Psychroserpens","Antibiotics"
"ASV721",1,0,0,0,1,0.268118422542574,0.2085,"Proteobacteria","Gammaproteobacteria","Enterobacterales","Colwelliaceae","Thalassomonas","Antibiotics"
"ASV1716",0,0,1,0,3,0.282193600856398,0.2091,"Actinobacteriota","Actinobacteria","Propionibacteriales","Propionibacteriaceae","Cutibacterium","Control"
"ASV857",0,1,0,0,2,0.268327154749907,0.2108,"Bacteroidota","Bacteroidia","Flavobacteriales","Flavobacteriaceae","Pseudofulvibacter","Antibiotics + HT"
"ASV444",1,0,0,0,1,0.267570416066879,0.2117,"Proteobacteria","Gammaproteobacteria","Pseudomonadales","Halomonadaceae","Cobetia","Antibiotics"
"ASV265",1,0,0,0,1,0.261249422103419,0.2128,"Proteobacteria","Gammaproteobacteria","Pseudomonadales","Halomonadaceae","Cobetia","Antibiotics"
"ASV101",0,1,0,0,2,0.28585396862958,0.2139,"Proteobacteria","Alphaproteobacteria","SAR11 clade","Clade I","Clade Ia","Antibiotics + HT"
"ASV986",1,0,0,0,1,0.285278167144535,0.2144,"Bacteroidota","Bacteroidia","Chitinophagales","Saprospiraceae","Unclassified","Antibiotics"
"ASV1311",1,0,0,0,1,0.271363876219674,0.2147,"Proteobacteria","Alphaproteobacteria","Rhodobacterales","Rhodobacteraceae","Unclassified","Antibiotics"
"ASV599",0,1,0,0,2,0.264485840194674,0.2157,"Proteobacteria","Alphaproteobacteria","Rhizobiales","Hyphomicrobiaceae","Filomicrobium","Antibiotics + HT"
"ASV552",0,0,0,1,4,0.272511778415022,0.2161,"Proteobacteria","Gammaproteobacteria","Pseudomonadales","Unknown Family","Alkalimarinus","High temperature"
"ASV1114",1,0,0,0,1,0.296436920738063,0.2168,"Verrucomicrobiota","Verrucomicrobiae","Verrucomicrobiales","Rubritaleaceae","Rubritalea","Antibiotics"
"ASV478",1,0,0,0,1,0.26416768608707,0.2184,"Bacteroidota","Bacteroidia","Chitinophagales","Saprospiraceae","Unclassified","Antibiotics"
"ASV282",1,0,0,0,1,0.275365581912443,0.2188,"Campylobacterota","Campylobacteria","Campylobacterales","Arcobacteraceae","Unclassified","Antibiotics"
"ASV420",0,0,0,1,4,0.2694780268697,0.2195,"Proteobacteria","Gammaproteobacteria","Pseudomonadales","Cellvibrionaceae","Halioxenophilus","High temperature"
"ASV284",1,0,0,0,1,0.267034645507424,0.2202,"Proteobacteria","Gammaproteobacteria","Enterobacterales","Alteromonadaceae","Rheinheimera","Antibiotics"
"ASV23",0,0,0,1,4,0.278419319917857,0.2216,"Firmicutes","Bacilli","Mycoplasmatales","Mycoplasmataceae","Mycoplasma","High temperature"
"ASV299",1,0,0,0,1,0.253782418015731,0.2233,"Bacteroidota","Bacteroidia","Flavobacteriales","Flavobacteriaceae","NS5 marine group","Antibiotics"
"ASV242",0,1,0,0,2,0.255264457754911,0.2243,"Bacteroidota","Bacteroidia","Flavobacteriales","Flavobacteriaceae","Confluentibacter","Antibiotics + HT"
"ASV945",1,0,0,0,1,0.258655648311984,0.2259,"Proteobacteria","Gammaproteobacteria","Pseudomonadales","Saccharospirillaceae","Thalassolituus","Antibiotics"
"ASV724",0,0,0,1,4,0.283577723236802,0.2263,"Proteobacteria","Gammaproteobacteria","Pseudomonadales","Saccharospirillaceae","Unclassified","High temperature"
"ASV1060",0,1,0,0,2,0.268654716897716,0.2275,"Proteobacteria","Gammaproteobacteria","Enterobacterales","Psychromonadaceae","Psychromonas","Antibiotics + HT"
"ASV774",1,0,0,0,1,0.274821899869912,0.2316,"Bacteroidota","Bacteroidia","Flavobacteriales","Flavobacteriaceae","Bizionia","Antibiotics"
"ASV145",0,1,0,0,2,0.261777912997577,0.2324,"Firmicutes","Bacilli","Bacillales","Bacillaceae","Unclassified","Antibiotics + HT"
"ASV1400",1,0,0,0,1,0.276312295817494,0.2334,"Bacteroidota","Bacteroidia","Cytophagales","Cyclobacteriaceae","Unclassified","Antibiotics"
"ASV336",0,1,0,0,2,0.253173574887667,0.2338,"Bacteroidota","Bacteroidia","Chitinophagales","Saprospiraceae","Unclassified","Antibiotics + HT"
"ASV383",1,0,0,0,1,0.273703304335995,0.2386,"Verrucomicrobiota","Verrucomicrobiae","Verrucomicrobiales","Rubritaleaceae","Persicirhabdus","Antibiotics"
"ASV854",1,0,0,0,1,0.262860124856622,0.239,"Proteobacteria","Gammaproteobacteria","Pseudomonadales","Oleiphilaceae","Oleiphilus","Antibiotics"
"ASV544",1,0,0,0,1,0.266529711279243,0.2397,"Bacteroidota","Bacteroidia","Flavobacteriales","Flavobacteriaceae","Unclassified","Antibiotics"
"ASV148",1,0,0,0,1,0.261793638364686,0.2404,"Bacteroidota","Bacteroidia","Flavobacteriales","Flavobacteriaceae","Muricauda","Antibiotics"
"ASV585",1,0,0,0,1,0.257159171456285,0.2417,"Desulfobacterota","Desulfobulbia","Desulfobulbales","Desulfocapsaceae","Unclassified","Antibiotics"
"ASV939",1,0,0,0,1,0.267977087274623,0.2422,"Verrucomicrobiota","Verrucomicrobiae","Verrucomicrobiales","DEV007","Unclassified","Antibiotics"
"ASV1184",1,0,0,0,1,0.266247441934317,0.2435,"Bacteroidota","Bacteroidia","Flavobacteriales","Flavobacteriaceae","Marixanthomonas","Antibiotics"
"ASV1513",1,0,0,0,1,0.263851603148701,0.247,"Bacteroidota","Bacteroidia","Chitinophagales","Saprospiraceae","Lewinella","Antibiotics"
"ASV100",0,1,0,0,2,0.244088786537539,0.2478,"Proteobacteria","Gammaproteobacteria","Pseudomonadales","Alcanivoracaceae","Ketobacter","Antibiotics + HT"
"ASV58",1,0,0,0,1,0.250661335046291,0.2482,"Bacteroidota","Bacteroidia","Flavobacteriales","Flavobacteriaceae","Croceibacter","Antibiotics"
"ASV787",0,1,0,0,2,0.272769185529855,0.2486,"Nitrospinota","Nitrospinia","Nitrospinales","Nitrospinaceae","Nitrospina","Antibiotics + HT"
"ASV193",0,1,0,0,2,0.242217067305268,0.2493,"Bacteroidota","Bacteroidia","Chitinophagales","Saprospiraceae","Lewinella","Antibiotics + HT"
"ASV154",1,0,0,0,1,0.253553675415322,0.2511,"Proteobacteria","Alphaproteobacteria","Puniceispirillales","SAR116 clade","Unclassified","Antibiotics"
"ASV222",1,0,0,0,1,0.250840831031438,0.2526,"Bacteroidota","Bacteroidia","Chitinophagales","Saprospiraceae","Aureispira","Antibiotics"
"ASV549",1,0,0,0,1,0.257214085229769,0.2539,"Bacteroidota","Bacteroidia","Flavobacteriales","Cryomorphaceae","Unclassified","Antibiotics"
"ASV1842",0,1,0,0,2,0.249428965474666,0.2546,"Actinobacteriota","Acidimicrobiia","Microtrichales","Microtrichaceae","Unclassified","Antibiotics + HT"
"ASV84",0,1,0,0,2,0.255383862036966,0.2549,"Proteobacteria","Alphaproteobacteria","Rhodobacterales","Rhodobacteraceae","Tropicibacter","Antibiotics + HT"
"ASV189",1,0,0,0,1,0.241746398978533,0.2553,"Proteobacteria","Gammaproteobacteria","Pseudomonadales","Nitrincolaceae","Unclassified","Antibiotics"
"ASV736",0,0,0,1,4,0.268259425109062,0.2553,"Proteobacteria","Gammaproteobacteria","Pseudomonadales","OM182 clade","Unclassified","High temperature"
"ASV1396",1,0,0,0,1,0.281862974531644,0.2563,"Planctomycetota","Planctomycetes","Pirellulales","Pirellulaceae","Pirellula","Antibiotics"
"ASV2179",0,1,0,0,2,0.280822460591234,0.2566,"Bacteroidota","Bacteroidia","Flavobacteriales","Flavobacteriaceae","Unclassified","Antibiotics + HT"
"ASV563",0,0,0,1,4,0.251466867416055,0.2568,"Bdellovibrionota","Bdellovibrionia","Bdellovibrionales","Bdellovibrionaceae","OM27 clade","High temperature"
"ASV574",0,1,0,0,2,0.273451366308155,0.2572,"Proteobacteria","Alphaproteobacteria","Caulobacterales","Caulobacteraceae","Unclassified","Antibiotics + HT"
"ASV1750",0,1,0,0,2,0.229801994493598,0.2577,"Proteobacteria","Gammaproteobacteria","Pseudomonadales","Cellvibrionaceae","Unclassified","Antibiotics + HT"
"ASV255",0,1,0,0,2,0.255383853324919,0.2578,"Planctomycetota","Planctomycetes","Planctomycetales","Gimesiaceae","Gimesia","Antibiotics + HT"
"ASV106",0,1,0,0,2,0.248302595457298,0.2585,"Proteobacteria","Gammaproteobacteria","Pseudomonadales","Alcanivoracaceae","Ketobacter","Antibiotics + HT"
"ASV620",0,1,0,0,2,0.256579013841762,0.2586,"Proteobacteria","Alphaproteobacteria","SAR11 clade","Clade III","Unclassified","Antibiotics + HT"
"ASV1999",1,0,0,0,1,0.267032705053384,0.2589,"Bacteroidota","Bacteroidia","Flavobacteriales","Cryomorphaceae","Cryomorpha","Antibiotics"
"ASV28",1,0,0,0,1,0.251434625629675,0.2591,"Cyanobacteria","Cyanobacteriia","Synechococcales","Cyanobiaceae","Synechococcus CC9902","Antibiotics"
"ASV465",0,1,0,0,2,0.248420592586773,0.2609,"Bacteroidota","Bacteroidia","Chitinophagales","Saprospiraceae","Unclassified","Antibiotics + HT"
"ASV431",1,0,0,0,1,0.256774675741813,0.2609,"Proteobacteria","Gammaproteobacteria","Pseudomonadales","Thioglobaceae","Candidatus Thioglobus","Antibiotics"
"ASV3643",0,0,1,0,3,0.26948814752473,0.2629,"Firmicutes","Bacilli","Lactobacillales","Streptococcaceae","Streptococcus","Control"
"ASV20",1,0,0,0,1,0.252308460810701,0.2636,"Proteobacteria","Alphaproteobacteria","Rhodobacterales","Rhodobacteraceae","Planktomarina","Antibiotics"
"ASV1746",0,0,0,1,4,0.260407885562153,0.2657,"Proteobacteria","Alphaproteobacteria","Rhizobiales","Stappiaceae","Pseudovibrio","High temperature"
"ASV916",1,0,0,0,1,0.253295620634307,0.2674,"Bacteroidota","Bacteroidia","Chitinophagales","Saprospiraceae","Lewinella","Antibiotics"
"ASV586",0,0,0,1,4,0.254529468072639,0.2693,"Proteobacteria","Gammaproteobacteria","Pseudomonadales","Halieaceae","Unclassified","High temperature"
"ASV206",1,0,0,0,1,0.239603925403714,0.2694,"Proteobacteria","Gammaproteobacteria","Pseudomonadales","Halieaceae","Halioglobus","Antibiotics"
"ASV186",0,1,0,0,2,0.247051569300799,0.2697,"Bacteroidota","Bacteroidia","Flavobacteriales","Flavobacteriaceae","NS4 marine group","Antibiotics + HT"
"ASV115",0,0,0,1,4,0.242437717259305,0.273,"Proteobacteria","Alphaproteobacteria","Rhodobacterales","Rhodobacteraceae","Paracoccus","High temperature"
"ASV582",1,0,0,0,1,0.256848097700284,0.274,"Proteobacteria","Gammaproteobacteria","Enterobacterales","Alteromonadaceae","Unclassified","Antibiotics"
"ASV117",0,1,0,0,2,0.253631488773604,0.2741,"Proteobacteria","Alphaproteobacteria","Rhizobiales","Rhizobiaceae","Unclassified","Antibiotics + HT"
"ASV195",1,0,0,0,1,0.25007166394807,0.2751,"Proteobacteria","Gammaproteobacteria","Pseudomonadales","SAR86 clade","Unclassified","Antibiotics"
"ASV855",1,0,0,0,1,0.271535829755574,0.2761,"Proteobacteria","Gammaproteobacteria","Steroidobacterales","Woeseiaceae","Woeseia","Antibiotics"
"ASV714",0,1,0,0,2,0.24666444085853,0.2761,"Proteobacteria","Gammaproteobacteria","Steroidobacterales","Woeseiaceae","Woeseia","Antibiotics + HT"
"ASV1603",0,1,0,0,2,0.251892314994062,0.2777,"Proteobacteria","Alphaproteobacteria","Rhizobiales","Hyphomicrobiaceae","Filomicrobium","Antibiotics + HT"
"ASV509",0,1,0,0,2,0.250042653257224,0.2777,"Proteobacteria","Alphaproteobacteria","Rhizobiales","Rhizobiaceae","Unclassified","Antibiotics + HT"
"ASV1922",0,1,0,0,2,0.238913936286626,0.2784,"Proteobacteria","Alphaproteobacteria","Kordiimonadales","Kordiimonadaceae","Kordiimonas","Antibiotics + HT"
"ASV205",1,0,0,0,1,0.25931502214626,0.2812,"Bacteroidota","Bacteroidia","Flavobacteriales","Flavobacteriaceae","NS5 marine group","Antibiotics"
"ASV54",0,1,0,0,2,0.242560054765777,0.2834,"Proteobacteria","Gammaproteobacteria","Enterobacterales","Alteromonadaceae","Paraglaciecola","Antibiotics + HT"
"ASV243",1,0,0,0,1,0.248954765128215,0.2839,"Proteobacteria","Gammaproteobacteria","Pseudomonadales","Saccharospirillaceae","Oleispira","Antibiotics"
"ASV878",1,0,0,0,1,0.249026131801238,0.2849,"Proteobacteria","Alphaproteobacteria","Rhodobacterales","Rhodobacteraceae","Unclassified","Antibiotics"
"ASV967",0,1,0,0,2,0.251767646167827,0.2857,"Proteobacteria","Gammaproteobacteria","Pseudomonadales","Oleiphilaceae","Oleiphilus","Antibiotics + HT"
"ASV341",1,0,0,0,1,0.247027614148594,0.2859,"Proteobacteria","Gammaproteobacteria","Enterobacterales","Shewanellaceae","Unclassified","Antibiotics"
"ASV12",1,0,0,0,1,0.24123041397961,0.2869,"Cyanobacteria","Cyanobacteriia","Synechococcales","Cyanobiaceae","Synechococcus CC9902","Antibiotics"
"ASV306",1,0,0,0,1,0.247169288201091,0.2931,"Bacteroidota","Bacteroidia","Flavobacteriales","Flavobacteriaceae","Ulvibacter","Antibiotics"
"ASV293",1,0,0,0,1,0.245100329441229,0.2951,"Proteobacteria","Gammaproteobacteria","Pseudomonadales","Halieaceae","Luminiphilus","Antibiotics"
"ASV515",1,0,0,0,1,0.259676842943589,0.2954,"Bdellovibrionota","Bdellovibrionia","Bdellovibrionales","Bdellovibrionaceae","OM27 clade","Antibiotics"
"ASV561",0,1,0,0,2,0.25028569277376,0.2967,"Proteobacteria","Gammaproteobacteria","Enterobacterales","Psychromonadaceae","Psychromonas","Antibiotics + HT"
"ASV889",1,0,0,0,1,0.239857295169487,0.2971,"Bacteroidota","Bacteroidia","Flavobacteriales","Flavobacteriaceae","Siansivirga","Antibiotics"
"ASV752",1,0,0,0,1,0.277064830789085,0.2975,"Proteobacteria","Gammaproteobacteria","Pseudomonadales","Moraxellaceae","Enhydrobacter","Antibiotics"
"ASV708",0,0,0,1,4,0.246624648171671,0.301,"Proteobacteria","Alphaproteobacteria","Rhodobacterales","Rhodobacteraceae","Octadecabacter","High temperature"
"ASV1616",1,0,0,0,1,0.245880594120011,0.302,"Planctomycetota","Planctomycetes","Planctomycetales","Gimesiaceae","Unclassified","Antibiotics"
"ASV279",0,1,0,0,2,0.276657056520513,0.3022,"Proteobacteria","Alphaproteobacteria","Rhodospirillales","AEGEAN-169 marine group","Unclassified","Antibiotics + HT"
"ASV113",1,0,0,0,1,0.234145063448543,0.3023,"Proteobacteria","Gammaproteobacteria","Pseudomonadales","OM182 clade","Unclassified","Antibiotics"
"ASV587",1,0,0,0,1,0.233199118514548,0.3028,"Bacteroidota","Bacteroidia","Flavobacteriales","Flavobacteriaceae","Aquibacter","Antibiotics"
"ASV1047",0,1,0,0,2,0.272745239659706,0.304,"Proteobacteria","Alphaproteobacteria","Kiloniellales","Kiloniellaceae","Unclassified","Antibiotics + HT"
"ASV738",0,1,0,0,2,0.239388784763909,0.3056,"Proteobacteria","Alphaproteobacteria","Rhodobacterales","Rhodobacteraceae","Unclassified","Antibiotics + HT"
"ASV505",1,0,0,0,1,0.243899370864394,0.3057,"Bacteroidota","Bacteroidia","Chitinophagales","37-13","Unclassified","Antibiotics"
"ASV104",0,1,0,0,2,0.236901700773545,0.306,"Proteobacteria","Gammaproteobacteria","Enterobacterales","Alteromonadaceae","Unclassified","Antibiotics + HT"
"ASV730",0,1,0,0,2,0.240487393769302,0.3066,"Bdellovibrionota","Bdellovibrionia","Bdellovibrionales","Bdellovibrionaceae","Bdellovibrio","Antibiotics + HT"
"ASV903",0,0,0,1,4,0.245115766526295,0.3084,"Verrucomicrobiota","Verrucomicrobiae","Verrucomicrobiales","Rubritaleaceae","Roseibacillus","High temperature"
"ASV307",1,0,0,0,1,0.226748889186865,0.3106,"Proteobacteria","Gammaproteobacteria","Pseudomonadales","Porticoccaceae","SAR92 clade","Antibiotics"
"ASV44",0,1,0,0,2,0.231393857384732,0.3109,"Proteobacteria","Alphaproteobacteria","Rhodobacterales","Rhodobacteraceae","Litoreibacter","Antibiotics + HT"
"ASV722",0,0,0,1,4,0.235838114762623,0.3115,"Proteobacteria","Alphaproteobacteria","Rhodobacterales","Rhodobacteraceae","Roseobacter clade CHAB-I-5 lineage","High temperature"
"ASV503",1,0,0,0,1,0.248566057890846,0.3117,"Proteobacteria","Gammaproteobacteria","Enterobacterales","Colwelliaceae","Colwellia","Antibiotics"
"ASV526",1,0,0,0,1,0.233779256871544,0.3117,"Bacteroidota","Bacteroidia","Chitinophagales","Saprospiraceae","Unclassified","Antibiotics"
"ASV931",0,1,0,0,2,0.273704095349266,0.3139,"Verrucomicrobiota","Verrucomicrobiae","Verrucomicrobiales","Rubritaleaceae","Haloferula","Antibiotics + HT"
"ASV75",0,0,0,1,4,0.26373033960755,0.3144,"Proteobacteria","Alphaproteobacteria","Rhodobacterales","Rhodobacteraceae","Aestuariihabitans","High temperature"
"ASV726",1,0,0,0,1,0.241270246426599,0.3164,"Bacteroidota","Bacteroidia","Flavobacteriales","NS7 marine group","Unclassified","Antibiotics"
"ASV898",1,0,0,0,1,0.234966245843688,0.3164,"Proteobacteria","Gammaproteobacteria","Tenderiales","Tenderiaceae","Candidatus Tenderia","Antibiotics"
"ASV1411",0,1,0,0,2,0.261736014286615,0.3174,"Chloroflexi","Anaerolineae","Ardenticatenales","Ardenticatenaceae","Unclassified","Antibiotics + HT"
"ASV913",1,0,0,0,1,0.25157549210328,0.318,"Proteobacteria","Alphaproteobacteria","Rhodobacterales","Rhodobacteraceae","Jannaschia","Antibiotics"
"ASV466",0,1,0,0,2,0.229311156285542,0.3197,"Bacteroidota","Bacteroidia","Cytophagales","Cyclobacteriaceae","Unclassified","Antibiotics + HT"
"ASV42",0,0,0,1,4,0.262477848215304,0.3203,"Proteobacteria","Alphaproteobacteria","Rhodobacterales","Rhodobacteraceae","Aestuariihabitans","High temperature"
"ASV1521",0,1,0,0,2,0.239724497405657,0.322,"Proteobacteria","Gammaproteobacteria","Enterobacterales","Kangiellaceae","Aliikangiella","Antibiotics + HT"
"ASV24",0,1,0,0,2,0.234623310683853,0.3225,"Proteobacteria","Alphaproteobacteria","Rhodobacterales","Rhodobacteraceae","Amylibacter","Antibiotics + HT"
"ASV497",0,1,0,0,2,0.234800610898039,0.3238,"Proteobacteria","Alphaproteobacteria","Rhodospirillales","Magnetospiraceae","Unclassified","Antibiotics + HT"
"ASV949",0,0,1,0,3,0.245405765937872,0.3259,"Proteobacteria","Gammaproteobacteria","Pseudomonadales","Saccharospirillaceae","Unclassified","Control"
"ASV22",0,0,0,1,4,0.226221881116692,0.3263,"Proteobacteria","Alphaproteobacteria","Rhodobacterales","Rhodobacteraceae","Pseudooceanicola","High temperature"
"ASV490",0,0,0,1,4,0.248606494155463,0.3268,"Proteobacteria","Alphaproteobacteria","Caulobacterales","Caulobacteraceae","Caulobacter","High temperature"
"ASV63",0,0,0,1,4,0.229770612389938,0.3277,"Proteobacteria","Gammaproteobacteria","Pseudomonadales","Cellvibrionaceae","Unclassified","High temperature"
"ASV661",0,1,0,0,2,0.228583353192536,0.3282,"Proteobacteria","Gammaproteobacteria","Burkholderiales","Nitrosomonadaceae","Nitrosospira","Antibiotics + HT"
"ASV426",0,1,0,0,2,0.274999356185372,0.3288,"Bacteroidota","Bacteroidia","Flavobacteriales","Crocinitomicaceae","Salinirepens","Antibiotics + HT"
"ASV534",1,0,0,0,1,0.22977932809134,0.3304,"Planctomycetota","Planctomycetes","Pirellulales","Pirellulaceae","Rubripirellula","Antibiotics"
"ASV320",0,1,0,0,2,0.230321220309137,0.3321,"Bacteroidota","Bacteroidia","Flavobacteriales","Flavobacteriaceae","Muricauda","Antibiotics + HT"
"ASV818",0,1,0,0,2,0.226065894624331,0.3327,"Proteobacteria","Alphaproteobacteria","Caulobacterales","Hyphomonadaceae","Unclassified","Antibiotics + HT"
"ASV814",1,0,0,0,1,0.227859933727116,0.3327,"Actinobacteriota","Acidimicrobiia","Microtrichales","Microtrichaceae","Sva0996 marine group","Antibiotics"
"ASV34",0,1,0,0,2,0.23532200229797,0.3329,"Proteobacteria","Alphaproteobacteria","Rhodobacterales","Rhodobacteraceae","Planktotalea","Antibiotics + HT"
"ASV991",0,0,0,1,4,0.254936561924215,0.334,"Bacteroidota","Bacteroidia","Flavobacteriales","Flavobacteriaceae","NS2b marine group","High temperature"
"ASV404",1,0,0,0,1,0.218217810174645,0.3369,"Bacteroidota","Rhodothermia","Balneolales","Balneolaceae","Unclassified","Antibiotics"
"ASV530",0,1,0,0,2,0.226613057699678,0.3391,"Actinobacteriota","Acidimicrobiia","Microtrichales","Ilumatobacteraceae","Ilumatobacter","Antibiotics + HT"
"ASV164",0,1,0,0,2,0.244308019216764,0.3409,"Proteobacteria","Alphaproteobacteria","Rhodobacterales","Rhodobacteraceae","Unclassified","Antibiotics + HT"
"ASV32",0,1,0,0,2,0.227513713051621,0.3428,"Bacteroidota","Bacteroidia","Flavobacteriales","Flavobacteriaceae","Flavobacterium","Antibiotics + HT"
"ASV1116",0,0,0,1,4,0.234185659464005,0.3445,"Actinobacteriota","Acidimicrobiia","Microtrichales","Microtrichaceae","Sva0996 marine group","High temperature"
"ASV94",0,1,0,0,2,0.218534628511467,0.3468,"Bacteroidota","Bacteroidia","Flavobacteriales","Cryomorphaceae","Unclassified","Antibiotics + HT"
"ASV1151",1,0,0,0,1,0.232574741258052,0.3497,"Proteobacteria","Gammaproteobacteria","Enterobacterales","Colwelliaceae","Thalassomonas","Antibiotics"
"ASV626",1,0,0,0,1,0.223632077223204,0.3534,"Bacteroidota","Bacteroidia","Flavobacteriales","Cryomorphaceae","Unclassified","Antibiotics"
"ASV1796",1,0,0,0,1,0.225870971309808,0.354,"Bacteroidota","Rhodothermia","Balneolales","Balneolaceae","Balneola","Antibiotics"
"ASV447",1,0,0,0,1,0.218000048242499,0.3541,"Bacteroidota","Bacteroidia","Sphingobacteriales","NS11-12 marine group","Unclassified","Antibiotics"
"ASV703",0,0,0,1,4,0.246181923396243,0.3545,"Proteobacteria","Alphaproteobacteria","Rhizobiales","Rhizobiaceae","Pseudaminobacter","High temperature"
"ASV1130",1,0,0,0,1,0.221456024396201,0.3547,"Proteobacteria","Alphaproteobacteria","Rhodobacterales","Rhodobacteraceae","Halocynthiibacter","Antibiotics"
"ASV987",1,0,0,0,1,0.220949864431202,0.3552,"Bacteroidota","Bacteroidia","Flavobacteriales","Cryomorphaceae","Unclassified","Antibiotics"
"ASV482",1,0,0,0,1,0.219602747424242,0.3564,"Proteobacteria","Alphaproteobacteria","Rhodobacterales","Rhodobacteraceae","Unclassified","Antibiotics"
"ASV803",1,0,0,0,1,0.227085660813536,0.3587,"Verrucomicrobiota","Verrucomicrobiae","Verrucomicrobiales","Rubritaleaceae","Rubritalea","Antibiotics"
"ASV387",1,0,0,0,1,0.221266419571469,0.3611,"Bacteroidota","Bacteroidia","Chitinophagales","Saprospiraceae","Rubidimonas","Antibiotics"
"ASV807",0,1,0,0,2,0.252490157994476,0.3611,"Actinobacteriota","Acidimicrobiia","Microtrichales","Microtrichaceae","Unclassified","Antibiotics + HT"
"ASV214",1,0,0,0,1,0.247006626126494,0.3658,"Proteobacteria","Gammaproteobacteria","Pseudomonadales","Halieaceae","Halioglobus","Antibiotics"
"ASV225",1,0,0,0,1,0.211099383607039,0.368,"Proteobacteria","Gammaproteobacteria","Enterobacterales","Colwelliaceae","Colwellia","Antibiotics"
"ASV847",0,1,0,0,2,0.232936342730835,0.3707,"Bacteroidota","Bacteroidia","Chitinophagales","Saprospiraceae","Unclassified","Antibiotics + HT"
"ASV504",0,1,0,0,2,0.229172461974616,0.3709,"Bacteroidota","Bacteroidia","Flavobacteriales","Flavobacteriaceae","Unclassified","Antibiotics + HT"
"ASV1185",1,0,0,0,1,0.214280914342184,0.3711,"Proteobacteria","Alphaproteobacteria","Rickettsiales","Rickettsiaceae","Candidatus Megaira","Antibiotics"
"ASV689",0,1,0,0,2,0.224396150526217,0.3735,"Bdellovibrionota","Bdellovibrionia","Bdellovibrionales","Bdellovibrionaceae","Bdellovibrio","Antibiotics + HT"
"ASV709",0,0,0,1,4,0.221336905056116,0.3736,"Proteobacteria","Gammaproteobacteria","Pseudomonadales","Alcanivoracaceae1","Alcanivorax","High temperature"
"ASV508",0,1,0,0,2,0.226156264151069,0.3748,"Proteobacteria","Alphaproteobacteria","Rhodobacterales","Rhodobacteraceae","Unclassified","Antibiotics + HT"
"ASV57",0,1,0,0,2,0.216686251216496,0.3776,"Bacteroidota","Bacteroidia","Flavobacteriales","Flavobacteriaceae","Unclassified","Antibiotics + HT"
"ASV969",0,0,0,1,4,0.216977896791648,0.3785,"Proteobacteria","Gammaproteobacteria","Enterobacterales","Alteromonadaceae","Glaciecola","High temperature"
"ASV134",0,0,0,1,4,0.212955668068472,0.3787,"Proteobacteria","Gammaproteobacteria","Pseudomonadales","Cellvibrionaceae","Unclassified","High temperature"
"ASV760",1,0,0,0,1,0.216914334828552,0.3791,"Bacteroidota","Bacteroidia","Chitinophagales","Saprospiraceae","Unclassified","Antibiotics"
"ASV402",0,0,0,1,4,0.220863224180496,0.3793,"Proteobacteria","Gammaproteobacteria","Enterobacterales","Colwelliaceae","Colwellia","High temperature"
"ASV767",0,0,0,1,4,0.218210889329612,0.382,"Proteobacteria","Gammaproteobacteria","Pseudomonadales","Cellvibrionaceae","Umboniibacter","High temperature"
"ASV486",0,0,1,0,3,0.217508981975495,0.3863,"Proteobacteria","Alphaproteobacteria","Caulobacterales","Caulobacteraceae","Brevundimonas","Control"
"ASV191",0,1,0,0,2,0.217851520564537,0.3872,"Proteobacteria","Alphaproteobacteria","Rhodobacterales","Rhodobacteraceae","Sulfitobacter","Antibiotics + HT"
"ASV1262",0,1,0,0,2,0.211789390286344,0.3909,"Actinobacteriota","Acidimicrobiia","Microtrichales","Microtrichaceae","Sva0996 marine group","Antibiotics + HT"
"ASV1004",0,0,0,1,4,0.228168644698396,0.3911,"Proteobacteria","Gammaproteobacteria","Enterobacterales","Shewanellaceae","Psychrobium","High temperature"
"ASV687",1,0,0,0,1,0.214875626217688,0.3915,"Actinobacteriota","Actinobacteria","Micrococcales","Micrococcaceae","Unclassified","Antibiotics"
"ASV315",0,1,0,0,2,0.210223181472633,0.3951,"Proteobacteria","Gammaproteobacteria","Pseudomonadales","Halieaceae","OM60(NOR5) clade","Antibiotics + HT"
"ASV475",1,0,0,0,1,0.207777897575429,0.3957,"Bdellovibrionota","Bdellovibrionia","Bdellovibrionales","Bdellovibrionaceae","OM27 clade","Antibiotics"
"ASV472",0,1,0,0,2,0.203196511372179,0.397,"Planctomycetota","Phycisphaerae","Phycisphaerales","Phycisphaeraceae","SM1A02","Antibiotics + HT"
"ASV1039",0,0,0,1,4,0.207174235659202,0.3973,"Proteobacteria","Gammaproteobacteria","Arenicellales","Arenicellaceae","HTCC5015","High temperature"
"ASV1535",0,1,0,0,2,0.254555738242939,0.3979,"Verrucomicrobiota","Chlamydiae","Chlamydiales","Simkaniaceae","Unclassified","Antibiotics + HT"
"ASV396",0,1,0,0,2,0.22766492259706,0.4003,"Proteobacteria","Alphaproteobacteria","Rhizobiales","Rhizobiaceae","Unclassified","Antibiotics + HT"
"ASV56",0,0,0,1,4,0.207730659216636,0.4008,"Proteobacteria","Alphaproteobacteria","Rhodobacterales","Rhodobacteraceae","Unclassified","High temperature"
"ASV1778",1,0,0,0,1,0.233782292439388,0.4021,"Verrucomicrobiota","Verrucomicrobiae","Verrucomicrobiales","Rubritaleaceae","Roseibacillus","Antibiotics"
"ASV281",0,1,0,0,2,0.202719732626892,0.4024,"Proteobacteria","Gammaproteobacteria","Pseudomonadales","Porticoccaceae","SAR92 clade","Antibiotics + HT"
"ASV1109",0,1,0,0,2,0.222156284154914,0.4034,"Bacteroidota","Bacteroidia","Flavobacteriales","Crocinitomicaceae","Crocinitomix","Antibiotics + HT"
"ASV11",0,1,0,0,2,0.211655351953636,0.404,"Proteobacteria","Alphaproteobacteria","Rhodobacterales","Rhodobacteraceae","Amylibacter","Antibiotics + HT"
"ASV1804",0,0,0,1,4,0.249150168963572,0.4041,"Bdellovibrionota","Oligoflexia","Oligoflexales","Oligoflexaceae","Unclassified","High temperature"
"ASV972",1,0,0,0,1,0.212269132563487,0.4043,"Proteobacteria","Alphaproteobacteria","Rhodobacterales","Rhodobacteraceae","Albirhodobacter","Antibiotics"
"ASV583",1,0,0,0,1,0.208197259470684,0.4047,"Bacteroidota","Bacteroidia","Chitinophagales","Saprospiraceae","Unclassified","Antibiotics"
"ASV811",0,1,0,0,2,0.230535824946291,0.4086,"Proteobacteria","Gammaproteobacteria","Steroidobacterales","Woeseiaceae","Woeseia","Antibiotics + HT"
"ASV436",1,0,0,0,1,0.210648826960785,0.4102,"Proteobacteria","Gammaproteobacteria","Burkholderiales","Comamonadaceae","Unclassified","Antibiotics"
"ASV510",0,0,0,1,4,0.20322110050891,0.413,"Proteobacteria","Alphaproteobacteria","Rhodobacterales","Rhodobacteraceae","Unclassified","High temperature"
"ASV674",1,0,0,0,1,0.201792546572976,0.4153,"Bacteroidota","Bacteroidia","Flavobacteriales","Flavobacteriaceae","Unclassified","Antibiotics"
"ASV520",0,1,0,0,2,0.20269245178154,0.4174,"Actinobacteriota","Acidimicrobiia","Microtrichales","Microtrichaceae","Sva0996 marine group","Antibiotics + HT"
"ASV747",1,0,0,0,1,0.211982979235214,0.4177,"Bacteroidota","Bacteroidia","Chitinophagales","Saprospiraceae","Lewinella","Antibiotics"
"ASV1229",0,0,0,1,4,0.211364817188424,0.4188,"Bacteroidota","Bacteroidia","Chitinophagales","Saprospiraceae","Unclassified","High temperature"
"ASV737",0,1,0,0,2,0.204352162055135,0.4205,"Proteobacteria","Gammaproteobacteria","Thiotrichales","Thiotrichaceae","Leucothrix","Antibiotics + HT"
"ASV324",0,1,0,0,2,0.206961504557078,0.4209,"Firmicutes","Bacilli","Bacillales","Bacillaceae","Unclassified","Antibiotics + HT"
"ASV292",0,0,0,1,4,0.239260705306316,0.4222,"Proteobacteria","Gammaproteobacteria","Enterobacterales","Alteromonadaceae","Unclassified","High temperature"
"ASV1486",0,0,0,1,4,0.205513994562008,0.4222,"Bacteroidota","Bacteroidia","Flavobacteriales","Flavobacteriaceae","Seonamhaeicola","High temperature"
"ASV440",1,0,0,0,1,0.197996790078352,0.4225,"Proteobacteria","Gammaproteobacteria","Pseudomonadales","Thioglobaceae","SUP05 cluster","Antibiotics"
"ASV395",0,1,0,0,2,0.212867393016956,0.4226,"Proteobacteria","Gammaproteobacteria","Enterobacterales","Colwelliaceae","Thalassotalea","Antibiotics + HT"
"ASV112",0,1,0,0,2,0.195333132843717,0.4257,"Proteobacteria","Alphaproteobacteria","Caulobacterales","Hyphomonadaceae","Henriciella","Antibiotics + HT"
"ASV120",0,1,0,0,2,0.243739641616282,0.4268,"Proteobacteria","Gammaproteobacteria","Pseudomonadales","Pseudomonadaceae","Pseudomonas","Antibiotics + HT"
"ASV608",1,0,0,0,1,0.221495000603099,0.4304,"Bacteroidota","Bacteroidia","Flavobacteriales","Cryomorphaceae","Unclassified","Antibiotics"
"ASV53",0,1,0,0,2,0.199906582455808,0.4328,"Proteobacteria","Gammaproteobacteria","Pseudomonadales","Alcanivoracaceae","Ketobacter","Antibiotics + HT"
"ASV1057",0,1,0,0,2,0.204209376094697,0.4343,"Bacteroidota","Bacteroidia","Chitinophagales","Saprospiraceae","Lewinella","Antibiotics + HT"
"ASV1069",1,0,0,0,1,0.216174401738667,0.4344,"Proteobacteria","Gammaproteobacteria","Pseudomonadales","Spongiibacteraceae","Dasania","Antibiotics"
"ASV564",0,1,0,0,2,0.195467283666186,0.4349,"Proteobacteria","Gammaproteobacteria","Pseudomonadales","Spongiibacteraceae","Unclassified","Antibiotics + HT"
"ASV460",0,0,1,0,3,0.248640701831161,0.4386,"Proteobacteria","Gammaproteobacteria","Pseudomonadales","Marinobacteraceae","Marinobacter","Control"
"ASV2246",1,0,0,0,1,0.246398459445833,0.4406,"Myxococcota","Polyangia","Polyangiales","Sandaracinaceae","Sandaracinus","Antibiotics"
"ASV479",1,0,0,0,1,0.269404279985632,0.4419,"Proteobacteria","Gammaproteobacteria","Pseudomonadales","Halieaceae","Unclassified","Antibiotics"
"ASV171",1,0,0,0,1,0.193216974649985,0.4443,"Actinobacteriota","Acidimicrobiia","Microtrichales","Microtrichaceae","Unclassified","Antibiotics"
"ASV966",0,1,0,0,2,0.182641787434383,0.4447,"Bdellovibrionota","Bdellovibrionia","Bdellovibrionales","Bdellovibrionaceae","OM27 clade","Antibiotics + HT"
"ASV177",1,0,0,0,1,0.194593956256701,0.4451,"Proteobacteria","Gammaproteobacteria","Pseudomonadales","Thioglobaceae","SUP05 cluster","Antibiotics"
"ASV879",0,1,0,0,2,0.202780358983622,0.4451,"Proteobacteria","Alphaproteobacteria","Parvibaculales","OCS116 clade","Unclassified","Antibiotics + HT"
"ASV37",0,0,0,1,4,0.197264097745691,0.4491,"Proteobacteria","Alphaproteobacteria","Rhodobacterales","Rhodobacteraceae","Celeribacter","High temperature"
"ASV432",0,0,0,1,4,0.206926894769584,0.4507,"Bacteroidota","Bacteroidia","Flavobacteriales","Flavobacteriaceae","Unclassified","High temperature"
"ASV538",1,0,0,0,1,0.206402252583747,0.451,"Proteobacteria","Gammaproteobacteria","Pseudomonadales","Spongiibacteraceae","Unclassified","Antibiotics"
"ASV202",0,1,0,0,2,0.196321595223548,0.4512,"Proteobacteria","Alphaproteobacteria","Rhodobacterales","Rhodobacteraceae","Unclassified","Antibiotics + HT"
"ASV1409",1,0,0,0,1,0.218413582174491,0.4513,"Bacteroidota","Bacteroidia","Chitinophagales","Saprospiraceae","Lewinella","Antibiotics"
"ASV705",1,0,0,0,1,0.203264342260955,0.4525,"Myxococcota","Polyangia","Nannocystales","Nannocystaceae","Unclassified","Antibiotics"
"ASV1871",0,1,0,0,2,0.212093146873916,0.4552,"Bacteroidota","Bacteroidia","Flavobacteriales","Flavobacteriaceae","Unclassified","Antibiotics + HT"
"ASV551",1,0,0,0,1,0.207801153713217,0.4557,"Myxococcota","Polyangia","Polyangiales","Sandaracinaceae","Unclassified","Antibiotics"
"ASV13",0,1,0,0,2,0.187167887870282,0.4599,"Proteobacteria","Gammaproteobacteria","Enterobacterales","Alteromonadaceae","Unclassified","Antibiotics + HT"
"ASV181",1,0,0,0,1,0.19525042924024,0.46,"Proteobacteria","Alphaproteobacteria","Rhodobacterales","Rhodobacteraceae","Marivita","Antibiotics"
"ASV277",0,1,0,0,2,0.186446803999448,0.4601,"Proteobacteria","Alphaproteobacteria","Caulobacterales","Hyphomonadaceae","Unclassified","Antibiotics + HT"
"ASV1052",0,0,1,0,3,0.214202789206229,0.4625,"Proteobacteria","Gammaproteobacteria","Pseudomonadales","KI89A clade","Unclassified","Control"
"ASV493",1,0,0,0,1,0.190935495601391,0.4633,"Bacteroidota","Bacteroidia","Flavobacteriales","Flavobacteriaceae","Polaribacter","Antibiotics"
"ASV1821",1,0,0,0,1,0.23367802694256,0.4636,"Proteobacteria","Gammaproteobacteria","Arenicellales","Arenicellaceae","Arenicella","Antibiotics"
"ASV31",0,1,0,0,2,0.190499440069797,0.4637,"Proteobacteria","Alphaproteobacteria","Rhizobiales","Rhizobiaceae","Pseudahrensia","Antibiotics + HT"
"ASV390",1,0,0,0,1,0.188062368628213,0.4657,"Proteobacteria","Gammaproteobacteria","Pseudomonadales","Halieaceae","Halioglobus","Antibiotics"
"ASV560",1,0,0,0,1,0.197718961236003,0.4663,"Bacteroidota","Bacteroidia","Chitinophagales","Saprospiraceae","Portibacter","Antibiotics"
"ASV471",0,0,0,1,4,0.21251956596554,0.4681,"Actinobacteriota","Acidimicrobiia","Microtrichales","Microtrichaceae","Sva0996 marine group","High temperature"
"ASV507",0,0,0,1,4,0.194965962471721,0.4692,"Proteobacteria","Gammaproteobacteria","Enterobacterales","Psychromonadaceae","Psychromonas","High temperature"
"ASV899",1,0,0,0,1,0.199486227428348,0.4738,"Proteobacteria","Gammaproteobacteria","Pseudomonadales","KI89A clade","Unclassified","Antibiotics"
"ASV51",0,0,0,1,4,0.19534854555468,0.4759,"Proteobacteria","Alphaproteobacteria","Rhodobacterales","Rhodobacteraceae","Sulfitobacter","High temperature"
"ASV370",0,1,0,0,2,0.214325159587708,0.477,"Proteobacteria","Alphaproteobacteria","Parvibaculales","Parvibaculaceae","Unclassified","Antibiotics + HT"
"ASV625",0,1,0,0,2,0.193142381818833,0.4774,"Proteobacteria","Gammaproteobacteria","Pseudomonadales","Pseudohongiellaceae","Pseudohongiella","Antibiotics + HT"
"ASV96",0,0,0,1,4,0.194960257482456,0.478,"Proteobacteria","Gammaproteobacteria","Enterobacterales","Colwelliaceae","Unclassified","High temperature"
"ASV161",0,1,0,0,2,0.196920532869102,0.4805,"Bacteroidota","Bacteroidia","Flavobacteriales","NS9 marine group","Unclassified","Antibiotics + HT"
"ASV131",0,0,0,1,4,0.180534880315088,0.481,"Proteobacteria","Alphaproteobacteria","Rhodobacterales","Rhodobacteraceae","Unclassified","High temperature"
"ASV73",0,1,0,0,2,0.195674363813963,0.485,"Proteobacteria","Alphaproteobacteria","Rhodobacterales","Rhodobacteraceae","Sulfitobacter","Antibiotics + HT"
"ASV1949",1,0,0,0,1,0.192952146020755,0.4854,"Bdellovibrionota","Bdellovibrionia","Bacteriovoracales","Bacteriovoracaceae","Unclassified","Antibiotics"
"ASV274",0,0,1,0,3,0.178924200050073,0.4863,"Proteobacteria","Gammaproteobacteria","Pseudomonadales","Halieaceae","OM60(NOR5) clade","Control"
"ASV386",0,1,0,0,2,0.189315118155178,0.4865,"Proteobacteria","Alphaproteobacteria","Micavibrionales","Micavibrionaceae","Unclassified","Antibiotics + HT"
"ASV838",0,1,0,0,2,0.190270062081535,0.4876,"Proteobacteria","Gammaproteobacteria","Pseudomonadales","Spongiibacteraceae","Spongiibacter","Antibiotics + HT"
"ASV312",0,1,0,0,2,0.187138917788163,0.4884,"Bacteroidota","Bacteroidia","Chitinophagales","Saprospiraceae","Lewinella","Antibiotics + HT"
"ASV1255",1,0,0,0,1,0.195044752185563,0.4894,"Actinobacteriota","Actinobacteria","Micrococcales","Dermacoccaceae","Dermacoccus","Antibiotics"
"ASV693",1,0,0,0,1,0.192738536648184,0.491,"Proteobacteria","Gammaproteobacteria","Pseudomonadales","Pseudohongiellaceae","Pseudohongiella","Antibiotics"
"ASV604",1,0,0,0,1,0.185987564112757,0.491,"Bacteroidota","Bacteroidia","Chitinophagales","Saprospiraceae","Unclassified","Antibiotics"
"ASV450",1,0,0,0,1,0.181794083387996,0.4913,"Bacteroidota","Bacteroidia","Flavobacteriales","Flavobacteriaceae","NS5 marine group","Antibiotics"
"ASV621",1,0,0,0,1,0.191672170686367,0.4984,"Cyanobacteria","Vampirivibrionia","Obscuribacterales","Obscuribacteraceae","Unclassified","Antibiotics"
"ASV339",0,1,0,0,2,0.181041562156388,0.4991,"Proteobacteria","Gammaproteobacteria","Enterobacterales","Pseudoalteromonadaceae","Pseudoalteromonas","Antibiotics + HT"
"ASV262",1,0,0,0,1,0.177264720466511,0.501,"Actinobacteriota","Acidimicrobiia","Microtrichales","Microtrichaceae","Sva0996 marine group","Antibiotics"
"ASV956",0,0,0,1,4,0.198711014708648,0.5031,"Proteobacteria","Gammaproteobacteria","Gammaproteobacteria Incertae Sedis","Unknown Family","Unclassified","High temperature"
"ASV1026",0,1,0,0,2,0.184362146470483,0.5044,"Bacteroidota","Bacteroidia","Flavobacteriales","Flavobacteriaceae","Unclassified","Antibiotics + HT"
"ASV1581",0,0,1,0,3,0.194963763873602,0.5052,"Proteobacteria","Gammaproteobacteria","Pseudomonadales","Cellvibrionaceae","Aestuariicella","Control"
"ASV356",1,0,0,0,1,0.212941378890429,0.5059,"Actinobacteriota","Acidimicrobiia","Microtrichales","Microtrichaceae","Sva0996 marine group","Antibiotics"
"ASV18",0,0,0,1,4,0.184217015093521,0.5068,"Proteobacteria","Alphaproteobacteria","Rhodobacterales","Rhodobacteraceae","Celeribacter","High temperature"
"ASV188",0,0,0,1,4,0.197612155469798,0.5069,"Bacteroidota","Bacteroidia","Flavobacteriales","Flavobacteriaceae","Unclassified","High temperature"
"ASV660",0,1,0,0,2,0.184828897786466,0.5073,"Proteobacteria","Gammaproteobacteria","Ectothiorhodospirales","Thioalkalispiraceae","Unclassified","Antibiotics + HT"
"ASV38",0,1,0,0,2,0.239776815994353,0.5087,"Proteobacteria","Alphaproteobacteria","SAR11 clade","Clade I","Clade Ia","Antibiotics + HT"
"ASV308",0,0,0,1,4,0.183303884395896,0.5098,"Bacteroidota","Bacteroidia","Flavobacteriales","Flavobacteriaceae","Polaribacter","High temperature"
"ASV14",0,1,0,0,2,0.249986273848951,0.5101,"Proteobacteria","Alphaproteobacteria","Rhodobacterales","Rhodobacteraceae","Phaeobacter","Antibiotics + HT"
"ASV29",0,1,0,0,2,0.177765801299255,0.5117,"Proteobacteria","Gammaproteobacteria","Enterobacterales","Alteromonadaceae","Unclassified","Antibiotics + HT"
"ASV595",0,1,0,0,2,0.185485385209352,0.513,"Proteobacteria","Alphaproteobacteria","Rhodospirillales","Magnetospiraceae","Unclassified","Antibiotics + HT"
"ASV332",1,0,0,0,1,0.19593216790391,0.5144,"Bacteroidota","Bacteroidia","Flavobacteriales","NS9 marine group","Unclassified","Antibiotics"
"ASV1436",1,0,0,0,1,0.212275569165738,0.5171,"Myxococcota","Myxococcia","Myxococcales","Myxococcaceae","P3OB-42","Antibiotics"
"ASV400",0,1,0,0,2,0.179481432532807,0.5172,"Proteobacteria","Alphaproteobacteria","Rhizobiales","Rhizobiaceae","Cohaesibacter","Antibiotics + HT"
"ASV343",1,0,0,0,1,0.174609490593963,0.5177,"Bacteroidota","Bacteroidia","Flavobacteriales","Crocinitomicaceae","Fluviicola","Antibiotics"
"ASV36",0,1,0,0,2,0.211050200390242,0.5183,"Proteobacteria","Alphaproteobacteria","Rhodobacterales","Rhodobacteraceae","Unclassified","Antibiotics + HT"
"ASV220",1,0,0,0,1,0.257844994769405,0.5213,"Proteobacteria","Gammaproteobacteria","Pseudomonadales","Cellvibrionaceae","Marinagarivorans","Antibiotics"
"ASV1626",1,0,0,0,1,0.188540952366662,0.5266,"Proteobacteria","Gammaproteobacteria","Nitrosococcales","Nitrosococcaceae","CI75cm.2.12","Antibiotics"
"ASV911",0,0,0,1,4,0.181378612549675,0.5284,"Bacteroidota","Bacteroidia","Flavobacteriales","Crocinitomicaceae","Crocinitomix","High temperature"
"ASV824",0,1,0,0,2,0.245010594732788,0.5303,"Proteobacteria","Gammaproteobacteria","Pseudomonadales","Halieaceae","OM60(NOR5) clade","Antibiotics + HT"
"ASV648",0,0,0,1,4,0.183139272565631,0.5308,"Proteobacteria","Gammaproteobacteria","Enterobacterales","Colwelliaceae","Colwellia","High temperature"
"ASV533",0,1,0,0,2,0.19381204080995,0.5321,"Myxococcota","Polyangia","Polyangiales","Sandaracinaceae","Sandaracinus","Antibiotics + HT"
"ASV1410",0,1,0,0,2,0.177200285188956,0.5351,"Bacteroidota","Bacteroidia","Flavobacteriales","Cryomorphaceae","Vicingus","Antibiotics + HT"
"ASV467",1,0,0,0,1,0.18743673501757,0.5355,"Proteobacteria","Gammaproteobacteria","Burkholderiales","Nitrosomonadaceae","IS-44","Antibiotics"
"ASV353",0,1,0,0,2,0.172217017729732,0.5387,"Nitrospirota","Nitrospiria","Nitrospirales","Nitrospiraceae","Nitrospira","Antibiotics + HT"
"ASV1331",0,1,0,0,2,0.186839837034793,0.5416,"Myxococcota","Polyangia","Nannocystales","Nannocystaceae","Unclassified","Antibiotics + HT"
"ASV519",0,1,0,0,2,0.168804579856684,0.5418,"Bacteroidota","Bacteroidia","Flavobacteriales","Flavobacteriaceae","Lutimonas","Antibiotics + HT"
"ASV950",0,0,1,0,3,0.173174596793914,0.5504,"Proteobacteria","Gammaproteobacteria","Pseudomonadales","Porticoccaceae","SAR92 clade","Control"
"ASV610",0,1,0,0,2,0.167237167536048,0.5541,"Bacteroidota","Bacteroidia","Flavobacteriales","NS7 marine group","Unclassified","Antibiotics + HT"
"ASV2310",1,0,0,0,1,0.176320322413223,0.5542,"Bacteroidota","Bacteroidia","Flavobacteriales","Cryomorphaceae","Unclassified","Antibiotics"
"ASV1345",0,1,0,0,2,0.167575789306163,0.5545,"Proteobacteria","Gammaproteobacteria","Pseudomonadales","Spongiibacteraceae","BD1-7 clade","Antibiotics + HT"
"ASV269",1,0,0,0,1,0.171984506684141,0.5565,"Proteobacteria","Gammaproteobacteria","Pseudomonadales","OM182 clade","Unclassified","Antibiotics"
"ASV591",1,0,0,0,1,0.176011955716717,0.5623,"Bacteroidota","Bacteroidia","Flavobacteriales","NS7 marine group","Unclassified","Antibiotics"
"ASV657",1,0,0,0,1,0.191183732429014,0.563,"Proteobacteria","Gammaproteobacteria","Enterobacterales","Vibrionaceae","Enterovibrio","Antibiotics"
"ASV256",0,1,0,0,2,0.171400916118092,0.5675,"Proteobacteria","Gammaproteobacteria","Pseudomonadales","Cellvibrionaceae","Unclassified","Antibiotics + HT"
"ASV686",1,0,0,0,1,0.174972080952953,0.5703,"Proteobacteria","Gammaproteobacteria","Pseudomonadales","Halieaceae","OM60(NOR5) clade","Antibiotics"
"ASV410",1,0,0,0,1,0.191154913804923,0.5713,"Bacteroidota","Bacteroidia","Chitinophagales","Saprospiraceae","Unclassified","Antibiotics"
"ASV1421",0,0,0,1,4,0.227092420063174,0.5714,"Bacteroidota","Bacteroidia","Cytophagales","Cyclobacteriaceae","Unclassified","High temperature"
"ASV346",1,0,0,0,1,0.169649501286179,0.5721,"Verrucomicrobiota","Verrucomicrobiae","Verrucomicrobiales","Rubritaleaceae","Roseibacillus","Antibiotics"
"ASV1508",0,0,0,1,4,0.250183635717487,0.5724,"Proteobacteria","Alphaproteobacteria","Rhodobacterales","Rhodobacteraceae","Pseudopelagicola","High temperature"
"ASV215",1,0,0,0,1,0.16646759740064,0.5725,"Proteobacteria","Gammaproteobacteria","Pseudomonadales","Oleiphilaceae","Oleiphilus","Antibiotics"
"ASV801",0,1,0,0,2,0.190525905207179,0.5725,"Bdellovibrionota","Bdellovibrionia","Bacteriovoracales","Bacteriovoracaceae","Peredibacter","Antibiotics + HT"
"ASV317",0,0,0,1,4,0.167276789068729,0.573,"Proteobacteria","Alphaproteobacteria","Rhodobacterales","Rhodobacteraceae","Paracoccus","High temperature"
"ASV748",1,0,0,0,1,0.161935051908244,0.5784,"Proteobacteria","Gammaproteobacteria","Enterobacterales","Shewanellaceae","Psychrobium","Antibiotics"
"ASV487",0,0,0,1,4,0.168786688719342,0.5804,"Bacteroidota","Bacteroidia","Chitinophagales","Saprospiraceae","Unclassified","High temperature"
"ASV449",1,0,0,0,1,0.166636389153237,0.5841,"Nitrospinota","Nitrospinia","Nitrospinales","Nitrospinaceae","LS-NOB","Antibiotics"
"ASV216",1,0,0,0,1,0.165433191210049,0.5898,"Cyanobacteria","Vampirivibrionia","Obscuribacterales","Obscuribacteraceae","Unclassified","Antibiotics"
"ASV1051",0,1,0,0,2,0.166394970640858,0.5912,"Bacteroidota","Bacteroidia","Chitinophagales","Saprospiraceae","Unclassified","Antibiotics + HT"
"ASV1027",1,0,0,0,1,0.17029493111599,0.592,"Bacteroidota","Bacteroidia","Chitinophagales","Saprospiraceae","Unclassified","Antibiotics"
"ASV392",0,1,0,0,2,0.179761135738824,0.5934,"Proteobacteria","Alphaproteobacteria","Sphingomonadales","Sphingomonadaceae","Sphingobium","Antibiotics + HT"
"ASV629",1,0,0,0,1,0.167854555779943,0.5953,"Bacteroidota","Bacteroidia","Flavobacteriales","NS9 marine group","Unclassified","Antibiotics"
"ASV623",1,0,0,0,1,0.160999188331385,0.5975,"Bdellovibrionota","Oligoflexia","Oligoflexales","Oligoflexaceae","Unclassified","Antibiotics"
"ASV822",0,1,0,0,2,0.166625958449585,0.5986,"Bacteroidota","Bacteroidia","Chitinophagales","Saprospiraceae","Unclassified","Antibiotics + HT"
"ASV247",1,0,0,0,1,0.167855714573842,0.6024,"Proteobacteria","Alphaproteobacteria","Rhodobacterales","Rhodobacteraceae","Unclassified","Antibiotics"
"ASV556",1,0,0,0,1,0.161262460418342,0.6045,"Proteobacteria","Gammaproteobacteria","Pseudomonadales","Halieaceae","Marimicrobium","Antibiotics"
"ASV4",1,0,0,0,1,0.157256894902115,0.6059,"Proteobacteria","Alphaproteobacteria","Rhodobacterales","Rhodobacteraceae","Unclassified","Antibiotics"
"ASV190",0,0,0,1,4,0.163614427141451,0.6073,"Bdellovibrionota","Bdellovibrionia","Bdellovibrionales","Bdellovibrionaceae","OM27 clade","High temperature"
"ASV575",0,1,0,0,2,0.166051177471912,0.6121,"Proteobacteria","Alphaproteobacteria","Rhodobacterales","Rhodobacteraceae","Albirhodobacter","Antibiotics + HT"
"ASV236",0,0,0,1,4,0.156405246823008,0.6123,"Proteobacteria","Gammaproteobacteria","Pseudomonadales","Marinomonadaceae","Marinomonas","High temperature"
"ASV1238",1,0,0,0,1,0.158424450443804,0.615,"Proteobacteria","Gammaproteobacteria","Pseudomonadales","Marinomonadaceae","Marinomonas","Antibiotics"
"ASV1115",0,1,0,0,2,0.161735100020232,0.6169,"Bacteroidota","Bacteroidia","Chitinophagales","Saprospiraceae","Unclassified","Antibiotics + HT"
"ASV411",0,1,0,0,2,0.154309919388195,0.6222,"Proteobacteria","Gammaproteobacteria","Enterobacterales","Pseudoalteromonadaceae","Pseudoalteromonas","Antibiotics + HT"
"ASV923",0,0,0,1,4,0.164885487150502,0.6231,"Bacteroidota","Bacteroidia","Flavobacteriales","Flavobacteriaceae","Unclassified","High temperature"
"ASV502",1,0,0,0,1,0.15591737832544,0.624,"Bacteroidota","Bacteroidia","Flavobacteriales","NS9 marine group","Unclassified","Antibiotics"
"ASV1373",0,1,0,0,2,0.200099640026578,0.6298,"Proteobacteria","Gammaproteobacteria","Pseudomonadales","Halieaceae","Unclassified","Antibiotics + HT"
"ASV936",0,0,0,1,4,0.151225632924504,0.6328,"Proteobacteria","Alphaproteobacteria","Rhodobacterales","Rhodobacteraceae","Unclassified","High temperature"
"ASV418",0,0,0,1,4,0.164243067007962,0.6354,"Fibrobacterota","Fibrobacteria","Fibrobacterales","Fibrobacteraceae","Unclassified","High temperature"
"ASV138",1,0,0,0,1,0.167465550829834,0.6366,"Bacteroidota","Bacteroidia","Flavobacteriales","Flavobacteriaceae","Unclassified","Antibiotics"
"ASV448",0,0,0,1,4,0.154276084586388,0.6366,"Proteobacteria","Gammaproteobacteria","Burkholderiales","Comamonadaceae","RS62 marine group","High temperature"
"ASV816",0,1,0,0,2,0.14940983536216,0.6373,"Proteobacteria","Gammaproteobacteria","Pseudomonadales","Spongiibacteraceae","Unclassified","Antibiotics + HT"
"ASV157",1,0,0,0,1,0.14619932948764,0.6387,"Actinobacteriota","Actinobacteria","Micrococcales","Microbacteriaceae","ML602J-51","Antibiotics"
"ASV85",0,0,0,1,4,0.154305790804583,0.6406,"Bacteroidota","Bacteroidia","Flavobacteriales","Flavobacteriaceae","Unclassified","High temperature"
"ASV1471",0,0,1,0,3,0.155133394180339,0.6433,"Proteobacteria","Alphaproteobacteria","Rhizobiales","Hyphomicrobiaceae","Filomicrobium","Control"
"ASV638",0,0,0,1,4,0.147899292119403,0.6511,"Proteobacteria","Gammaproteobacteria","Pseudomonadales","Halieaceae","Marimicrobium","High temperature"
"ASV1353",1,0,0,0,1,0.153877557847692,0.6529,"Bacteroidota","Bacteroidia","Flavobacteriales","Schleiferiaceae","Schleiferia","Antibiotics"
"ASV438",1,0,0,0,1,0.147595737209236,0.6623,"Bacteroidota","Bacteroidia","Flavobacteriales","Flavobacteriaceae","Pseudofulvibacter","Antibiotics"
"ASV221",0,0,0,1,4,0.152779632510071,0.6623,"Proteobacteria","Gammaproteobacteria","Enterobacterales","Vibrionaceae","Aliivibrio","High temperature"
"ASV543",0,0,0,1,4,0.184222612301079,0.6634,"Proteobacteria","Gammaproteobacteria","Enterobacterales","Alteromonadaceae","Aestuariibacter","High temperature"
"ASV797",0,0,0,1,4,0.14288981875039,0.6636,"Planctomycetota","Phycisphaerae","Phycisphaerales","Phycisphaeraceae","Unclassified","High temperature"
"ASV67",1,0,0,0,1,0.14401024582066,0.6668,"Proteobacteria","Gammaproteobacteria","Pseudomonadales","Porticoccaceae","Porticoccus","Antibiotics"
"ASV1",1,0,0,0,1,0.143473681993783,0.6714,"Proteobacteria","Alphaproteobacteria","Rhodobacterales","Rhodobacteraceae","Unclassified","Antibiotics"
"ASV119",0,1,0,0,2,0.137399459748173,0.6727,"Actinobacteriota","Acidimicrobiia","Microtrichales","Microtrichaceae","Sva0996 marine group","Antibiotics + HT"
"ASV562",0,1,0,0,2,0.145683929522376,0.6741,"Bacteroidota","Bacteroidia","Chitinophagales","Saprospiraceae","Unclassified","Antibiotics + HT"
"ASV667",0,0,0,1,4,0.143298309653733,0.6746,"Bacteroidota","Bacteroidia","Flavobacteriales","Flavobacteriaceae","Maribacter","High temperature"
"ASV1812",1,0,0,0,1,0.190918446648187,0.6777,"Bacteroidota","Bacteroidia","Chitinophagales","Saprospiraceae","Portibacter","Antibiotics"
"ASV458",0,1,0,0,2,0.143847442010021,0.6811,"Proteobacteria","Gammaproteobacteria","Burkholderiales","Nitrosomonadaceae","Nitrosomonas","Antibiotics + HT"
"ASV1096",0,0,0,1,4,0.195131737443076,0.6815,"Desulfobacterota","Desulfobacteria","Desulfobacterales","Desulfolunaceae","Desulfofrigus","High temperature"
"ASV70",1,0,0,0,1,0.143703876055546,0.6822,"Proteobacteria","Alphaproteobacteria","Rhodobacterales","Rhodobacteraceae","Tateyamaria","Antibiotics"
"ASV794",0,0,0,1,4,0.14667367672593,0.6834,"Bacteroidota","Bacteroidia","Bacteroidales","Prolixibacteraceae","Roseimarinus","High temperature"
"ASV434",1,0,0,0,1,0.141542838656962,0.6851,"Proteobacteria","Gammaproteobacteria","Enterobacterales","Vibrionaceae","Aliivibrio","Antibiotics"
"ASV334",0,1,0,0,2,0.14075580996739,0.6856,"Campylobacterota","Campylobacteria","Campylobacterales","Arcobacteraceae","Pseudarcobacter","Antibiotics + HT"
"ASV598",0,0,0,1,4,0.148710967209781,0.69,"Proteobacteria","Gammaproteobacteria","Pseudomonadales","Halieaceae","Unclassified","High temperature"
"ASV338",0,0,1,0,3,0.144541974658435,0.6907,"Proteobacteria","Alphaproteobacteria","Sphingomonadales","Sphingomonadaceae","Sphingopyxis","Control"
"ASV1245",1,0,0,0,1,0.141482534299199,0.6986,"Proteobacteria","Gammaproteobacteria","Enterobacterales","Colwelliaceae","Unclassified","Antibiotics"
"ASV1973",1,0,0,0,1,0.145394888929835,0.7,"Bacteroidota","Bacteroidia","Chitinophagales","Saprospiraceae","Lewinella","Antibiotics"
"ASV196",1,0,0,0,1,0.138910152488554,0.7006,"Bacteroidota","Bacteroidia","Flavobacteriales","Flavobacteriaceae","Polaribacter","Antibiotics"
"ASV80",0,0,0,1,4,0.144721848878099,0.7049,"Bdellovibrionota","Bdellovibrionia","Bdellovibrionales","Bdellovibrionaceae","OM27 clade","High temperature"
"ASV523",1,0,0,0,1,0.13776408927624,0.706,"Bacteroidota","Bacteroidia","Chitinophagales","Saprospiraceae","Unclassified","Antibiotics"
"ASV770",0,1,0,0,2,0.17829797561371,0.707,"Bdellovibrionota","Oligoflexia","Oligoflexales","Oligoflexaceae","Unclassified","Antibiotics + HT"
"ASV929",1,0,0,0,1,0.133860234854204,0.7072,"Bacteroidota","Bacteroidia","Flavobacteriales","Flavobacteriaceae","Ulvibacter","Antibiotics"
"ASV253",1,0,0,0,1,0.136781818615274,0.7101,"Bacteroidota","Bacteroidia","Flavobacteriales","NS7 marine group","Unclassified","Antibiotics"
"ASV1367",1,0,0,0,1,0.143238339530374,0.7103,"Proteobacteria","Gammaproteobacteria","Pseudomonadales","SAR86 clade","Unclassified","Antibiotics"
"ASV1299",0,0,0,1,4,0.231921654531638,0.711,"Actinobacteriota","Actinobacteria","Corynebacteriales","Corynebacteriaceae","Corynebacterium","High temperature"
"ASV363",1,0,0,0,1,0.131181604867335,0.7159,"Verrucomicrobiota","Verrucomicrobiae","Verrucomicrobiales","Rubritaleaceae","Roseibacillus","Antibiotics"
"ASV540",1,0,0,0,1,0.140196795953107,0.7164,"Proteobacteria","Gammaproteobacteria","Enterobacterales","Colwelliaceae","Colwellia","Antibiotics"
"ASV2093",0,1,0,0,2,0.193452297972924,0.7172,"Proteobacteria","Gammaproteobacteria","Enterobacterales","Moritellaceae","Moritella","Antibiotics + HT"
"ASV1216",1,0,0,0,1,0.131431464947214,0.7208,"Proteobacteria","Gammaproteobacteria","Pseudomonadales","Oleiphilaceae","Oleiphilus","Antibiotics"
"ASV142",0,1,0,0,2,0.133121420972087,0.7274,"Proteobacteria","Alphaproteobacteria","Rhodobacterales","Rhodobacteraceae","Tateyamaria","Antibiotics + HT"
"ASV127",0,1,0,0,2,0.151135115266186,0.7299,"Proteobacteria","Gammaproteobacteria","Pseudomonadales","Spongiibacteraceae","BD1-7 clade","Antibiotics + HT"
"ASV1158",0,0,0,1,4,0.135667987694058,0.7311,"Proteobacteria","Gammaproteobacteria","Enterobacterales","Kangiellaceae","Unclassified","High temperature"
"ASV302",0,0,0,1,4,0.128299607583221,0.7315,"Bacteroidota","Bacteroidia","Flavobacteriales","Flavobacteriaceae","Unclassified","High temperature"
"ASV19",0,0,0,1,4,0.127200282584334,0.7353,"Proteobacteria","Gammaproteobacteria","Enterobacterales","Alteromonadaceae","Paraglaciecola","High temperature"
"ASV609",1,0,0,0,1,0.13923222365828,0.7356,"Proteobacteria","Gammaproteobacteria","Pseudomonadales","OM182 clade","Unclassified","Antibiotics"
"ASV681",1,0,0,0,1,0.132911654968192,0.7363,"Fibrobacterota","Fibrobacteria","Fibrobacterales","Fibrobacteraceae","Unclassified","Antibiotics"
"ASV207",0,0,0,1,4,0.169909667542946,0.7372,"Proteobacteria","Gammaproteobacteria","Pseudomonadales","Alcanivoracaceae","Ketobacter","High temperature"
"ASV462",1,0,0,0,1,0.129290954542112,0.7408,"Bacteroidota","Bacteroidia","Flavobacteriales","Flavobacteriaceae","NS4 marine group","Antibiotics"
"ASV865",1,0,0,0,1,0.131680704324659,0.7424,"Actinobacteriota","Acidimicrobiia","Microtrichales","Ilumatobacteraceae","Ilumatobacter","Antibiotics"
"ASV1003",1,0,0,0,1,0.154477469551051,0.745,"Bacteroidota","Bacteroidia","Chitinophagales","Saprospiraceae","Unclassified","Antibiotics"
"ASV484",0,1,0,0,2,0.127192283470684,0.7472,"Proteobacteria","Alphaproteobacteria","Sneathiellales","Sneathiellaceae","Sneathiella","Antibiotics + HT"
"ASV132",1,0,0,0,1,0.124204246123272,0.7495,"Proteobacteria","Alphaproteobacteria","Rhodobacterales","Rhodobacteraceae","Unclassified","Antibiotics"
"ASV162",0,1,0,0,2,0.144143647156877,0.7499,"Proteobacteria","Alphaproteobacteria","Rhodobacterales","Rhodobacteraceae","Halocynthiibacter","Antibiotics + HT"
"ASV90",0,0,0,1,4,0.125711710355967,0.7515,"Proteobacteria","Alphaproteobacteria","Rhizobiales","Rhizobiaceae","Lentilitoribacter","High temperature"
"ASV1440",0,1,0,0,2,0.131766149985047,0.7521,"Calditrichota","Calditrichia","Calditrichales","Calditrichaceae","Calorithrix","Antibiotics + HT"
"ASV1279",0,1,0,0,2,0.167485487821736,0.7522,"Bacteroidota","Bacteroidia","Chitinophagales","Saprospiraceae","Rubidimonas","Antibiotics + HT"
"ASV316",0,0,0,1,4,0.135776936448857,0.7646,"Proteobacteria","Gammaproteobacteria","Enterobacterales","Alteromonadaceae","Aliiglaciecola","High temperature"
"ASV367",0,1,0,0,2,0.152306932055716,0.7663,"Proteobacteria","Alphaproteobacteria","Rhodobacterales","Rhodobacteraceae","Halocynthiibacter","Antibiotics + HT"
"ASV588",1,0,0,0,1,0.119719163766297,0.7674,"Bacteroidota","Bacteroidia","Flavobacteriales","Flavobacteriaceae","Seonamhaeicola","Antibiotics"
"ASV1309",0,1,0,0,2,0.120921639082923,0.7692,"Proteobacteria","Gammaproteobacteria","Pseudomonadales","OM182 clade","Unclassified","Antibiotics + HT"
"ASV537",0,0,0,1,4,0.17749530097489,0.7702,"Bdellovibrionota","Bdellovibrionia","Bdellovibrionales","Bdellovibrionaceae","OM27 clade","High temperature"
"ASV452",1,0,0,0,1,0.128020556635972,0.7702,"Nitrospinota","Nitrospinia","Nitrospinales","Nitrospinaceae","Nitrospina","Antibiotics"
"ASV374",0,1,0,0,2,0.18765413887132,0.7722,"Proteobacteria","Alphaproteobacteria","Rhodospirillales","AEGEAN-169 marine group","Unclassified","Antibiotics + HT"
"ASV573",0,0,1,0,3,0.194927922156217,0.7732,"Proteobacteria","Gammaproteobacteria","Pseudomonadales","Marinomonadaceae","Marinomonas","Control"
"ASV183",0,1,0,0,2,0.116590947470225,0.7736,"Proteobacteria","Gammaproteobacteria","Pseudomonadales","Saccharospirillaceae","Oceaniserpentilla","Antibiotics + HT"
"ASV91",0,1,0,0,2,0.149052529311664,0.7739,"Proteobacteria","Gammaproteobacteria","Enterobacterales","Colwelliaceae","Unclassified","Antibiotics + HT"
"ASV1012",0,1,0,0,2,0.143952755023697,0.7741,"Bacteroidota","Bacteroidia","Flavobacteriales","Cryomorphaceae","Phaeocystidibacter","Antibiotics + HT"
"ASV846",0,1,0,0,2,0.143764505263019,0.7758,"Bacteroidota","Bacteroidia","Chitinophagales","Saprospiraceae","Aureispira","Antibiotics + HT"
"ASV424",0,0,0,1,4,0.115186271596,0.7763,"Proteobacteria","Alphaproteobacteria","Caulobacterales","Hyphomonadaceae","Hellea","High temperature"
"ASV758",0,0,1,0,3,0.121723216983082,0.7805,"Bacteroidota","Bacteroidia","Flavobacteriales","Flavobacteriaceae","NS4 marine group","Control"
"ASV746",0,0,0,1,4,0.127935616194913,0.7867,"Myxococcota","Polyangia","Polyangiales","Sandaracinaceae","Unclassified","High temperature"
"ASV658",0,1,0,0,2,0.11271226667153,0.7927,"Proteobacteria","Gammaproteobacteria","Pseudomonadales","SAR86 clade","Unclassified","Antibiotics + HT"
"ASV272",0,0,0,1,4,0.113638631515773,0.7935,"Proteobacteria","Alphaproteobacteria","Rhodobacterales","Rhodobacteraceae","Unclassified","High temperature"
"ASV405",0,0,0,1,4,0.112456320152227,0.7948,"Proteobacteria","Alphaproteobacteria","Rhodobacterales","Rhodobacteraceae","Halocynthiibacter","High temperature"
"ASV474",1,0,0,0,1,0.123180246236142,0.7958,"Bacteroidota","Bacteroidia","Flavobacteriales","NS9 marine group","Unclassified","Antibiotics"
"ASV314",0,1,0,0,2,0.118994858474468,0.7986,"Proteobacteria","Alphaproteobacteria","Rhizobiales","Rhizobiaceae","Brucella","Antibiotics + HT"
"ASV1048",0,0,0,1,4,0.178805650740448,0.8,"Planctomycetota","Phycisphaerae","Phycisphaerales","Phycisphaeraceae","CL500-3","High temperature"
"ASV915",0,1,0,0,2,0.145139107383158,0.8005,"Bacteroidota","Bacteroidia","Chitinophagales","Saprospiraceae","Lewinella","Antibiotics + HT"
"ASV259",1,0,0,0,1,0.110206961591284,0.8064,"Proteobacteria","Gammaproteobacteria","Pseudomonadales","Nitrincolaceae","Unclassified","Antibiotics"
"ASV470",0,0,0,1,4,0.113487498957481,0.8069,"Proteobacteria","Gammaproteobacteria","Pseudomonadales","Halomonadaceae","Halomonas","High temperature"
"ASV39",0,0,0,1,4,0.134480910126797,0.8073,"Bacteroidota","Bacteroidia","Flavobacteriales","Cryomorphaceae","Owenweeksia","High temperature"
"ASV680",0,0,0,1,4,0.195152756038845,0.8077,"Proteobacteria","Gammaproteobacteria","Enterobacterales","Psychromonadaceae","Psychromonas","High temperature"
"ASV340",0,0,0,1,4,0.115607050635859,0.8101,"Proteobacteria","Gammaproteobacteria","Pseudomonadales","KI89A clade","Unclassified","High temperature"
"ASV1021",0,0,0,1,4,0.12945627699262,0.8232,"Proteobacteria","Gammaproteobacteria","Xanthomonadales","Xanthomonadaceae","Arenimonas","High temperature"
"ASV322",0,1,0,0,2,0.1110198122946,0.8278,"Proteobacteria","Alphaproteobacteria","Caulobacterales","Hyphomonadaceae","Maricaulis","Antibiotics + HT"
"ASV1457",0,1,0,0,2,0.140709351173636,0.8289,"Bacteroidota","Bacteroidia","Flavobacteriales","Flavobacteriaceae","Meridianimaribacter","Antibiotics + HT"
"ASV630",0,0,0,1,4,0.128064450509628,0.8294,"Proteobacteria","Gammaproteobacteria","Enterobacterales","Vibrionaceae","Catenococcus","High temperature"
"ASV938",0,1,0,0,2,0.115844002225211,0.8323,"Bacteroidota","Bacteroidia","Flavobacteriales","NS9 marine group","Unclassified","Antibiotics + HT"
"ASV704",0,0,0,1,4,0.111450166986469,0.8325,"Proteobacteria","Alphaproteobacteria","Rhodobacterales","Rhodobacteraceae","Oceanicella","High temperature"
"ASV435",1,0,0,0,1,0.129162330076803,0.8351,"Proteobacteria","Gammaproteobacteria","Pseudomonadales","SAR86 clade","Unclassified","Antibiotics"
"ASV283",1,0,0,0,1,0.107558994554517,0.8377,"Bacteroidota","Bacteroidia","Flavobacteriales","NS9 marine group","Unclassified","Antibiotics"
"ASV422",1,0,0,0,1,0.105954210160886,0.8398,"Actinobacteriota","Actinobacteria","Micrococcales","Microbacteriaceae","Unclassified","Antibiotics"
"ASV1022",0,1,0,0,2,0.109288650540431,0.8412,"Bacteroidota","Bacteroidia","Flavobacteriales","Flavobacteriaceae","Lutaonella","Antibiotics + HT"
"ASV263",0,0,0,1,4,0.101548403798832,0.8442,"Proteobacteria","Gammaproteobacteria","Pseudomonadales","OM182 clade","Unclassified","High temperature"
"ASV237",0,1,0,0,2,0.15549415919294,0.8504,"Proteobacteria","Alphaproteobacteria","Rhodospirillales","Terasakiellaceae","Terasakiella","Antibiotics + HT"
"ASV442",0,1,0,0,2,0.0991258690195161,0.8517,"Proteobacteria","Alphaproteobacteria","Rhizobiales","Rhizobiaceae","Unclassified","Antibiotics + HT"
"ASV409",0,1,0,0,2,0.12238255593139,0.8596,"Proteobacteria","Alphaproteobacteria","Caulobacterales","Hyphomonadaceae","Ponticaulis","Antibiotics + HT"
"ASV1347",0,0,0,1,4,0.171420476545533,0.86,"Proteobacteria","Gammaproteobacteria","Arenicellales","Arenicellaceae","Arenicella","High temperature"
"ASV103",0,1,0,0,2,0.105250436195634,0.862,"Proteobacteria","Alphaproteobacteria","Rhodobacterales","Rhodobacteraceae","Unclassified","Antibiotics + HT"
"ASV1319",0,1,0,0,2,0.0990192623343328,0.8632,"Bacteroidota","Bacteroidia","Flavobacteriales","Flavobacteriaceae","NS5 marine group","Antibiotics + HT"
"ASV1257",0,1,0,0,2,0.124878486810723,0.8705,"Desulfobacterota","Desulfobacteria","Desulfobacterales","Desulfosarcinaceae","Sva0081 sediment group","Antibiotics + HT"
"ASV665",1,0,0,0,1,0.0929254547821643,0.8718,"Proteobacteria","Gammaproteobacteria","Steroidobacterales","Woeseiaceae","Woeseia","Antibiotics"
"ASV699",1,0,0,0,1,0.0956094003523836,0.8723,"Firmicutes","Bacilli","Bacillales","Bacillaceae","Virgibacillus","Antibiotics"
"ASV850",0,1,0,0,2,0.107776395692264,0.8755,"Proteobacteria","Alphaproteobacteria","Rhodobacterales","Rhodobacteraceae","WDS1C4","Antibiotics + HT"
"ASV1820",0,0,0,1,4,0.127811717720711,0.8764,"Verrucomicrobiota","Verrucomicrobiae","Pedosphaerales","Pedosphaeraceae","SCGC AAA164-E04","High temperature"
"ASV1549",0,0,0,1,4,0.155354990126832,0.878,"Verrucomicrobiota","Verrucomicrobiae","Verrucomicrobiales","Rubritaleaceae","Luteolibacter","High temperature"
"ASV397",1,0,0,0,1,0.094187752725757,0.8815,"Proteobacteria","Alphaproteobacteria","Rhodobacterales","Rhodobacteraceae","Jannaschia","Antibiotics"
"ASV555",0,1,0,0,2,0.0883763464818698,0.8875,"Firmicutes","Bacilli","Mycoplasmatales","Mycoplasmataceae","Unclassified","Antibiotics + HT"
"ASV1853",0,1,0,0,2,0.114081329160247,0.8904,"Bacteroidota","Bacteroidia","Flavobacteriales","Flavobacteriaceae","Unclassified","Antibiotics + HT"
"ASV1536",0,0,1,0,3,0.112584337621327,0.893,"Actinobacteriota","Acidimicrobiia","Microtrichales","Ilumatobacteraceae","Ilumatobacter","Control"
"ASV1150",1,0,0,0,1,0.106557501404263,0.8944,"Bacteroidota","Bacteroidia","Flavobacteriales","Flavobacteriaceae","Eudoraea","Antibiotics"
"ASV379",0,1,0,0,2,0.131252235096425,0.8953,"Bacteroidota","Bacteroidia","Flavobacteriales","Flavobacteriaceae","Unclassified","Antibiotics + HT"
"ASV859",0,0,0,1,4,0.0885712307139053,0.8996,"Bdellovibrionota","Bdellovibrionia","Bdellovibrionales","Bdellovibrionaceae","OM27 clade","High temperature"
"ASV521",0,1,0,0,2,0.112477038291644,0.9009,"Proteobacteria","Alphaproteobacteria","Caulobacterales","Hyphomonadaceae","Ponticaulis","Antibiotics + HT"
"ASV469",1,0,0,0,1,0.111021558899073,0.9032,"Proteobacteria","Gammaproteobacteria","Enterobacterales","Pseudoalteromonadaceae","Pseudoalteromonas","Antibiotics"
"ASV151",0,0,0,1,4,0.129249890403847,0.9136,"Proteobacteria","Alphaproteobacteria","Rickettsiales","SM2D12","Unclassified","High temperature"
"ASV1550",0,0,0,1,4,0.141082583499899,0.9181,"Bacteroidota","Bacteroidia","Flavobacteriales","Flavobacteriaceae","Unclassified","High temperature"
"ASV603",1,0,0,0,1,0.0800472282544514,0.9261,"Proteobacteria","Gammaproteobacteria","Enterobacterales","Pseudoalteromonadaceae","Pseudoalteromonas","Antibiotics"
"ASV2534",0,0,0,1,4,0.076235895390034,0.927,"Chloroflexi","Anaerolineae","SBR1031","A4b","Unclassified","High temperature"
"ASV295",0,0,0,1,4,0.07681800898804,0.9289,"Bacteroidota","Bacteroidia","Flavobacteriales","Flavobacteriaceae","Gramella","High temperature"
"ASV232",1,0,0,0,1,0.0797290177665421,0.9289,"Nitrospinota","Nitrospinia","Nitrospinales","Nitrospinaceae","LS-NOB","Antibiotics"
"ASV1268",0,0,0,1,4,0.141989624439181,0.9299,"Bdellovibrionota","Bdellovibrionia","Bdellovibrionales","Bdellovibrionaceae","OM27 clade","High temperature"
"ASV124",0,0,1,0,3,0.0771055215879614,0.9308,"Bacteroidota","Bacteroidia","Flavobacteriales","Flavobacteriaceae","Gramella","Control"
"ASV2058",0,0,0,1,4,0.141851689064711,0.9341,"Bacteroidota","Bacteroidia","Flavobacteriales","Flavobacteriaceae","NS5 marine group","High temperature"
"ASV954",0,0,0,1,4,0.128013814840636,0.9368,"Proteobacteria","Gammaproteobacteria","Pseudomonadales","Porticoccaceae","SAR92 clade","High temperature"
"ASV403",0,1,0,0,2,0.0701785034282492,0.944,"Proteobacteria","Alphaproteobacteria","Caulobacterales","Hyphomonadaceae","Unclassified","Antibiotics + HT"
"ASV764",1,0,0,0,1,0.085111773248827,0.9445,"Proteobacteria","Gammaproteobacteria","Pseudomonadales","Halieaceae","Marimicrobium","Antibiotics"
"ASV707",0,1,0,0,2,0.0911928969296207,0.9452,"Bacteroidota","Bacteroidia","Flavobacteriales","Cryomorphaceae","Vicingus","Antibiotics + HT"
"ASV78",0,0,0,1,4,0.0659379320496309,0.9493,"Proteobacteria","Gammaproteobacteria","Enterobacterales","Vibrionaceae","Aliivibrio","High temperature"
"ASV735",0,0,0,1,4,0.063584728191874,0.951,"Proteobacteria","Alphaproteobacteria","Sphingomonadales","Sphingomonadaceae","Sphingorhabdus","High temperature"
"ASV685",1,0,0,0,1,0.0913531480165287,0.9514,"Bacteroidota","Bacteroidia","Flavobacteriales","Flavobacteriaceae","Unclassified","Antibiotics"
"ASV477",0,0,0,1,4,0.0991954190485939,0.9527,"Proteobacteria","Alphaproteobacteria","Rhodobacterales","Rhodobacteraceae","Unclassified","High temperature"
"ASV759",0,1,0,0,2,0.0664226808626967,0.9533,"Planctomycetota","Phycisphaerae","Phycisphaerales","Phycisphaeraceae","SM1A02","Antibiotics + HT"
"ASV1170",0,0,0,1,4,0.0797930964834672,0.9542,"Bacteroidota","Bacteroidia","Cytophagales","Microscillaceae","Unclassified","High temperature"
"ASV776",0,0,0,1,4,0.108979233402443,0.9557,"Proteobacteria","Gammaproteobacteria","Enterobacterales","Colwelliaceae","Colwellia","High temperature"
"ASV1390",1,0,0,0,1,0.096578291949275,0.9559,"Proteobacteria","Alphaproteobacteria","Rhodobacterales","Rhodobacteraceae","Unclassified","Antibiotics"
"ASV1607",0,0,0,1,4,0.0928362305897693,0.9564,"Bacteroidota","Bacteroidia","Chitinophagales","Saprospiraceae","Unclassified","High temperature"
"ASV1477",1,0,0,0,1,0.0572535116122417,0.9613,"Proteobacteria","Gammaproteobacteria","Pseudomonadales","Spongiibacteraceae","Sinobacterium","Antibiotics"
"ASV260",0,0,0,1,4,0.112870379997872,0.963,"Proteobacteria","Gammaproteobacteria","Pseudomonadales","Spongiibacteraceae","BD1-7 clade","High temperature"
"ASV741",0,1,0,0,2,0.0531530212001252,0.9638,"Proteobacteria","Alphaproteobacteria","Rhodobacterales","Rhodobacteraceae","Unclassified","Antibiotics + HT"
"ASV1228",0,1,0,0,2,0.0851104886234386,0.9658,"Proteobacteria","Alphaproteobacteria","Caulobacterales","Hyphomonadaceae","Hellea","Antibiotics + HT"
"ASV337",0,0,0,1,4,0.0940100108021147,0.9705,"Bdellovibrionota","Bdellovibrionia","Bdellovibrionales","Bdellovibrionaceae","OM27 clade","High temperature"
"ASV908",0,0,0,1,4,0.0604698608267717,0.9736,"Actinobacteriota","Acidimicrobiia","Microtrichales","Ilumatobacteraceae","Ilumatobacter","High temperature"
"ASV5071",0,0,0,1,4,0.0855937761481361,0.9744,"Planctomycetota","Planctomycetes","Pirellulales","Pirellulaceae","Blastopirellula","High temperature"
"ASV391",1,0,0,0,1,0.0761986919605771,0.9845,"Proteobacteria","Alphaproteobacteria","Rhodobacterales","Rhodobacteraceae","Marivita","Antibiotics"
"ASV389",1,0,0,0,1,0.0356307106632151,0.9926,"Bacteroidota","Bacteroidia","Cytophagales","Cyclobacteriaceae","Marinoscillum","Antibiotics"
"ASV834",0,1,0,0,2,0.0359822332259952,0.9954,"Bacteroidota","Bacteroidia","Chitinophagales","Saprospiraceae","Lewinella","Antibiotics + HT"
"ASV2034",1,0,0,0,1,0.0151193547438995,1,"Proteobacteria","Gammaproteobacteria","Gammaproteobacteria Incertae Sedis","Unknown Family","Unclassified","Antibiotics"
