"ASV","Comparison","effect_or_lfc","diff.btw","diff.win","p_raw","p_adj","Method","Phylum","Class","Order","Family","Genus"
"ASV161","Antibiotics + HT vs Control",-1.02013706865019,-5.07453631796368,4.39782856971752,0.000754311532568974,0.337774373521195,"ALDEx2","Bacteroidota","Bacteroidia","Flavobacteriales","NS9 marine group","Unclassified"
"ASV206","Antibiotics + HT vs Control",-0.809113254305906,-4.86641627619592,5.18328251066151,0.0197595917721169,0.764694723700623,"ALDEx2","Proteobacteria","Gammaproteobacteria","Pseudomonadales","Halieaceae","Halioglobus"
"ASV163","Antibiotics + HT vs Control",-0.849106942319534,-5.39564181987383,5.76440541935034,0.0369813301345288,0.799813641942634,"ALDEx2","Planctomycetota","Planctomycetes","Pirellulales","Pirellulaceae","Blastopirellula"
"ASV93","Antibiotics + HT vs Control",-0.86935025351388,-5.61410362406672,5.59567510221529,0.0324588469504822,0.800031337041991,"ALDEx2","Bacteroidota","Bacteroidia","Flavobacteriales","Flavobacteriaceae","Formosa"
"ASV186","Antibiotics + HT vs Control",-0.790655662626795,-5.04199135773607,5.45044808435673,0.0522070232391634,0.803882879200297,"ALDEx2","Bacteroidota","Bacteroidia","Flavobacteriales","Flavobacteriaceae","NS4 marine group"
"ASV922","Antibiotics + HT vs Control",0.744443234321864,4.59160071578504,5.46837733960114,0.0298937880570232,0.817008449427499,"ALDEx2","Proteobacteria","Gammaproteobacteria","Pseudomonadales","KI89A clade","Unclassified"
"ASV44","Antibiotics + HT vs Control",-0.836546501532035,-6.80954777046626,7.00533585164068,0.029779250376985,0.834931758331519,"ALDEx2","Proteobacteria","Alphaproteobacteria","Rhodobacterales","Rhodobacteraceae","Litoreibacter"
"ASV5","Antibiotics + HT vs Control",-0.679083762904753,-5.05416432055241,6.73018939836042,0.00940458692440702,0.893992205783186,"ALDEx2","Proteobacteria","Gammaproteobacteria","Enterobacterales","Alteromonadaceae","Alteromonas"
"ASV227","Antibiotics + HT vs Control",-0.711678414813652,-4.50887003482556,5.38995278870568,0.0662790703617429,0.898426462298879,"ALDEx2","Bacteroidota","Bacteroidia","Flavobacteriales","Flavobacteriaceae","Unclassified"
"ASV308","Antibiotics + HT vs Control",0.513685077765373,2.77539313676971,5.02700789935458,0.132417756376894,0.926053479438499,"ALDEx2","Bacteroidota","Bacteroidia","Flavobacteriales","Flavobacteriaceae","Polaribacter"
"ASV274","Antibiotics + HT vs Control",0.671807063910768,5.21910676319294,6.79351738029458,0.0350671249660514,0.9287134287547,"ALDEx2","Proteobacteria","Gammaproteobacteria","Pseudomonadales","Halieaceae","OM60(NOR5) clade"
"ASV46","Antibiotics + HT vs Control",-0.427370138831707,-1.29249883166203,4.09625941738487,0.015357765691567,0.929656757039117,"ALDEx2","Proteobacteria","Alphaproteobacteria","Parvibaculales","PS1 clade","Unclassified"
"ASV811","Antibiotics + HT vs Control",-0.65025390485455,-3.92077883907082,5.48611232614962,0.109854101333854,0.930388234504976,"ALDEx2","Proteobacteria","Gammaproteobacteria","Steroidobacterales","Woeseiaceae","Woeseia"
"ASV225","Antibiotics + HT vs Control",-0.695090490541941,-4.34723101152166,5.99611338759542,0.104188844537789,0.941441687118764,"ALDEx2","Proteobacteria","Gammaproteobacteria","Enterobacterales","Colwelliaceae","Colwellia"
"ASV1592","Antibiotics + HT vs Control",0.528261458050997,2.8060233551599,4.75779639199838,0.128996232882554,0.94526467557165,"ALDEx2","Planctomycetota","Planctomycetes","Pirellulales","Pirellulaceae","Unclassified"
"ASV724","Antibiotics + HT vs Control",0.448428031769748,2.41239626101031,5.34195794775977,0.167325414301543,0.955485408334013,"ALDEx2","Proteobacteria","Gammaproteobacteria","Pseudomonadales","Saccharospirillaceae","Unclassified"
"ASV180","Antibiotics + HT vs Control",-0.515961916793362,-2.41192417286385,5.34534075061182,0.108561756087859,0.957096158242124,"ALDEx2","Proteobacteria","Gammaproteobacteria","Pseudomonadales","Thioglobaceae","Candidatus Thioglobus"
"ASV1096","Antibiotics + HT vs Control",0.510895688998469,2.81626001878539,4.69425093713687,0.190085463594173,0.95990459204432,"ALDEx2","Desulfobacterota","Desulfobacteria","Desulfobacterales","Desulfolunaceae","Desulfofrigus"
"ASV725","Antibiotics + HT vs Control",0.402150436367407,2.26472912933757,5.83833683764453,0.14817647915332,0.960953630917791,"ALDEx2","Proteobacteria","Alphaproteobacteria","Rhodobacterales","Rhodobacteraceae","Epibacterium"
"ASV1151","Antibiotics + HT vs Control",0.419415840888058,2.38043000621759,5.26905112593746,0.161582956408509,0.962028637896235,"ALDEx2","Proteobacteria","Gammaproteobacteria","Enterobacterales","Colwelliaceae","Thalassomonas"
"ASV4769","Antibiotics + HT vs Control",0.5134576936664,2.83148881547084,4.76262359633759,0.140002224936989,0.962490819462522,"ALDEx2","Firmicutes","Bacilli","Lactobacillales","Lactobacillaceae","Pediococcus"
"ASV950","Antibiotics + HT vs Control",0.511045170900309,2.88572739039522,5.13282825918061,0.120497820721473,0.963107155675582,"ALDEx2","Proteobacteria","Gammaproteobacteria","Pseudomonadales","Porticoccaceae","SAR92 clade"
"ASV3643","Antibiotics + HT vs Control",0.517410431707866,2.77351366855109,4.70356879535697,0.156475637012041,0.965257616795648,"ALDEx2","Firmicutes","Bacilli","Lactobacillales","Streptococcaceae","Streptococcus"
"ASV643","Antibiotics + HT vs Control",-0.649748854799956,-4.40315228152546,6.19071394688025,0.107699095534011,0.965819812299613,"ALDEx2","Chloroflexi","Anaerolineae","Ardenticatenales","Ardenticatenaceae","Unclassified"
"ASV1039","Antibiotics + HT vs Control",0.477385262125357,2.73898597315935,5.68029728666624,0.133267914414552,0.965999369006028,"ALDEx2","Proteobacteria","Gammaproteobacteria","Arenicellales","Arenicellaceae","HTCC5015"
"ASV1536","Antibiotics + HT vs Control",0.448152097151278,2.58085102902485,5.16745154388784,0.159054294984077,0.96769422579549,"ALDEx2","Actinobacteriota","Acidimicrobiia","Microtrichales","Ilumatobacteraceae","Ilumatobacter"
"ASV1508","Antibiotics + HT vs Control",0.425955719160587,2.13784756683583,4.41228311887656,0.232479995086642,0.967742550639171,"ALDEx2","Proteobacteria","Alphaproteobacteria","Rhodobacterales","Rhodobacteraceae","Pseudopelagicola"
"ASV391","Antibiotics + HT vs Control",0.36418792978315,1.90458728251845,5.15764548480563,0.208383002886995,0.968058646967644,"ALDEx2","Proteobacteria","Alphaproteobacteria","Rhodobacterales","Rhodobacteraceae","Marivita"
"ASV1021","Antibiotics + HT vs Control",0.409165592797171,2.16061259525835,5.05631452866163,0.246195889381548,0.968435610822249,"ALDEx2","Proteobacteria","Gammaproteobacteria","Xanthomonadales","Xanthomonadaceae","Arenimonas"
"ASV106","Antibiotics + HT vs Control",-0.650486406853535,-4.88538708315989,6.41985128083757,0.126865057479612,0.969447681106231,"ALDEx2","Proteobacteria","Gammaproteobacteria","Pseudomonadales","Alcanivoracaceae","Ketobacter"
"ASV563","Antibiotics + HT vs Control",0.418993132447934,2.39998523039483,5.37262464716345,0.202955230344109,0.969690026970705,"ALDEx2","Bdellovibrionota","Bdellovibrionia","Bdellovibrionales","Bdellovibrionaceae","OM27 clade"
"ASV1122","Antibiotics + HT vs Control",0.319179659714321,1.63890441786565,4.58672395402497,0.344882711698858,0.969940321125215,"ALDEx2","Bacteroidota","Bacteroidia","Flavobacteriales","Crocinitomicaceae","Salinirepens"
"ASV1052","Antibiotics + HT vs Control",0.488461363589277,2.68296145772208,5.0697921318207,0.113554117234441,0.971500033823727,"ALDEx2","Proteobacteria","Gammaproteobacteria","Pseudomonadales","KI89A clade","Unclassified"
"ASV523","Antibiotics + HT vs Control",0.52547844842653,2.90201523208557,5.52216679143086,0.13709269658729,0.971512685912742,"ALDEx2","Bacteroidota","Bacteroidia","Chitinophagales","Saprospiraceae","Unclassified"
"ASV1245","Antibiotics + HT vs Control",0.358647126369436,1.7843017247812,4.7127940224789,0.301131923448357,0.971969334264418,"ALDEx2","Proteobacteria","Gammaproteobacteria","Enterobacterales","Colwelliaceae","Unclassified"
"ASV108","Antibiotics + HT vs Control",-0.523834156236063,-3.45754516229755,5.90115794016812,0.0606470873873049,0.972390435909552,"ALDEx2","Proteobacteria","Gammaproteobacteria","Pseudomonadales","SAR86 clade","Unclassified"
"ASV1448","Antibiotics + HT vs Control",0.365840281520604,1.96575929608332,4.66235906240778,0.292793820649151,0.972493498348082,"ALDEx2","Proteobacteria","Gammaproteobacteria","Burkholderiales","Methylophilaceae","Methylotenera"
"ASV1085","Antibiotics + HT vs Control",0.34799293832687,1.71310089877085,4.38608018869874,0.338496947294634,0.972707306218046,"ALDEx2","Proteobacteria","Gammaproteobacteria","Pseudomonadales","Alcanivoracaceae1","Alcanivorax"
"ASV1184","Antibiotics + HT vs Control",0.414749007592546,1.95563479789246,4.64644379614774,0.265145419075072,0.974049457189546,"ALDEx2","Bacteroidota","Bacteroidia","Flavobacteriales","Flavobacteriaceae","Marixanthomonas"
"ASV752","Antibiotics + HT vs Control",0.430743546893042,2.45010161536426,5.32849152087875,0.201253440263381,0.97408849460879,"ALDEx2","Proteobacteria","Gammaproteobacteria","Pseudomonadales","Moraxellaceae","Enhydrobacter"
"ASV1130","Antibiotics + HT vs Control",0.338522853109352,1.86618158784693,5.02285945372674,0.300947792053674,0.97505500185246,"ALDEx2","Proteobacteria","Alphaproteobacteria","Rhodobacterales","Rhodobacteraceae","Halocynthiibacter"
"ASV641","Antibiotics + HT vs Control",0.376330570344106,2.20727563895575,5.39707345166727,0.168041038300039,0.975598431742054,"ALDEx2","Proteobacteria","Alphaproteobacteria","Rhodobacterales","Rhodobacteraceae","Unclassified"
"ASV1299","Antibiotics + HT vs Control",0.323754256507573,1.72790217775535,4.85685716255911,0.290372104129396,0.97584897072503,"ALDEx2","Actinobacteriota","Actinobacteria","Corynebacteriales","Corynebacteriaceae","Corynebacterium"
"ASV567","Antibiotics + HT vs Control",-0.481778232279509,-3.16871814197123,5.88066206931814,0.20942519822947,0.976593710101687,"ALDEx2","Proteobacteria","Alphaproteobacteria","Caulobacterales","Hyphomonadaceae","Maricaulis"
"ASV1170","Antibiotics + HT vs Control",0.377903825082821,2.00731639167494,4.88606550324281,0.251355171439442,0.976762189292124,"ALDEx2","Bacteroidota","Bacteroidia","Cytophagales","Microscillaceae","Unclassified"
"ASV295","Antibiotics + HT vs Control",0.406748749992626,2.27718699045143,5.26078874597801,0.157642797471076,0.97804368817899,"ALDEx2","Bacteroidota","Bacteroidia","Flavobacteriales","Flavobacteriaceae","Gramella"
"ASV664","Antibiotics + HT vs Control",0.365842580607292,1.93391655896993,4.83427397387863,0.269016317817967,0.978246913866678,"ALDEx2","Proteobacteria","Gammaproteobacteria","Enterobacterales","Vibrionaceae","Vibrio"
"ASV1820","Antibiotics + HT vs Control",0.437149440341491,2.3436617381262,4.88830059174813,0.20873285013762,0.978266805688033,"ALDEx2","Verrucomicrobiota","Verrucomicrobiae","Pedosphaerales","Pedosphaeraceae","SCGC AAA164-E04"
"ASV1110","Antibiotics + HT vs Control",0.308190775188995,1.53960242177051,4.67504204148979,0.325546764327166,0.980478360770128,"ALDEx2","Bacteroidota","Bacteroidia","Chitinophagales","Saprospiraceae","Portibacter"
"ASV155","Antibiotics + HT vs Control",-0.555470524107042,-4.05431514446982,6.63733545190004,0.128254500515374,0.982012243541888,"ALDEx2","Proteobacteria","Alphaproteobacteria","Rhodobacterales","Rhodobacteraceae","Silicimonas"
"ASV878","Antibiotics + HT vs Control",0.327654133586183,1.73143348550848,4.5881073805971,0.320388755502231,0.982283236090257,"ALDEx2","Proteobacteria","Alphaproteobacteria","Rhodobacterales","Rhodobacteraceae","Unclassified"
"ASV558","Antibiotics + HT vs Control",0.337131901843136,1.68602504262595,4.90156980763054,0.217950247575029,0.982329356293474,"ALDEx2","Bacteroidota","Bacteroidia","Flavobacteriales","Flavobacteriaceae","Unclassified"
"ASV310","Antibiotics + HT vs Control",-0.485508313258979,-3.40896098445005,6.24545424790281,0.241161305280389,0.982346388402887,"ALDEx2","Bacteroidota","Bacteroidia","Flavobacteriales","Flavobacteriaceae","NS5 marine group"
"ASV255","Antibiotics + HT vs Control",-0.419398686708159,-2.80386457814166,5.79450609818769,0.268412650760374,0.982703812888448,"ALDEx2","Planctomycetota","Planctomycetes","Planctomycetales","Gimesiaceae","Gimesia"
"ASV444","Antibiotics + HT vs Control",0.353376917490346,1.87892146345502,5.04697784311293,0.274036579794543,0.983386891064186,"ALDEx2","Proteobacteria","Gammaproteobacteria","Pseudomonadales","Halomonadaceae","Cobetia"
"ASV58","Antibiotics + HT vs Control",-0.605539323759606,-4.00743009579371,6.52577961512656,0.0984838331177435,0.983445210811149,"ALDEx2","Bacteroidota","Bacteroidia","Flavobacteriales","Flavobacteriaceae","Croceibacter"
"ASV774","Antibiotics + HT vs Control",-0.43500662160264,-3.08369891210236,6.27519831349009,0.286111520252444,0.983547519350278,"ALDEx2","Bacteroidota","Bacteroidia","Flavobacteriales","Flavobacteriaceae","Bizionia"
"ASV187","Antibiotics + HT vs Control",-0.540813829011926,-3.89784737382072,6.7214714583552,0.188002799904698,0.983662269170311,"ALDEx2","Nitrospinota","Nitrospinia","Nitrospinales","Nitrospinaceae","LS-NOB"
"ASV486","Antibiotics + HT vs Control",0.483122710559417,2.88187471911811,5.91497345852522,0.157194791044333,0.984072042035297,"ALDEx2","Proteobacteria","Alphaproteobacteria","Caulobacterales","Caulobacteraceae","Brevundimonas"
"ASV1949","Antibiotics + HT vs Control",0.300282001013377,1.37303751103395,4.54945157536619,0.344815625508322,0.984214034474758,"ALDEx2","Bdellovibrionota","Bdellovibrionia","Bacteriovoracales","Bacteriovoracaceae","Unclassified"
"ASV1688","Antibiotics + HT vs Control",-0.385579663069708,-2.18869068601035,5.17214004618362,0.302792176647326,0.984799547169359,"ALDEx2","Proteobacteria","Gammaproteobacteria","Francisellales","Francisellaceae","[Caedibacter] taeniospiralis group"
"ASV969","Antibiotics + HT vs Control",0.410050401496626,2.08926045218438,4.91408559795684,0.209519621683422,0.984939607127278,"ALDEx2","Proteobacteria","Gammaproteobacteria","Enterobacterales","Alteromonadaceae","Glaciecola"
"ASV251","Antibiotics + HT vs Control",-0.547528581923979,-3.7571193513285,6.00189855971399,0.168207899943879,0.98506857244567,"ALDEx2","Bacteroidota","Bacteroidia","Cytophagales","Cyclobacteriaceae","Unclassified"
"ASV321","Antibiotics + HT vs Control",-0.467953879404043,-3.1292062061848,5.94337066218049,0.219898493874127,0.985073360494953,"ALDEx2","Proteobacteria","Alphaproteobacteria","Parvibaculales","OCS116 clade","Unclassified"
"ASV1538","Antibiotics + HT vs Control",0.340688448862347,1.67369974765936,4.57488907550397,0.349634364967023,0.985326875792973,"ALDEx2","Campylobacterota","Campylobacteria","Campylobacterales","Arcobacteraceae","Halarcobacter"
"ASV1612","Antibiotics + HT vs Control",0.361176535574782,1.6919702480445,4.25687672880103,0.329753914660661,0.985384637647814,"ALDEx2","Bacteroidota","Bacteroidia","Sphingobacteriales","NS11-12 marine group","Unclassified"
"ASV629","Antibiotics + HT vs Control",0.324352047167542,1.76098208690673,4.79113591410152,0.305373689447165,0.985469822962418,"ALDEx2","Bacteroidota","Bacteroidia","Flavobacteriales","NS9 marine group","Unclassified"
"ASV803","Antibiotics + HT vs Control",0.460039210064397,2.52705018809396,4.85595966443659,0.19925716826345,0.985566872133017,"ALDEx2","Verrucomicrobiota","Verrucomicrobiae","Verrucomicrobiales","Rubritaleaceae","Rubritalea"
"ASV1513","Antibiotics + HT vs Control",0.416857640715951,2.23840118728509,4.81018501248935,0.2103094112943,0.98578701432226,"ALDEx2","Bacteroidota","Bacteroidia","Chitinophagales","Saprospiraceae","Lewinella"
"ASV851","Antibiotics + HT vs Control",0.569245920287211,3.57165868372542,6.59551429905605,0.115138945534587,0.985847681250609,"ALDEx2","Actinobacteriota","Actinobacteria","Micrococcales","Microbacteriaceae","Unclassified"
"ASV353","Antibiotics + HT vs Control",-0.416582692490372,-2.7592278806661,5.91951529809911,0.245532758373082,0.986654129085468,"ALDEx2","Nitrospirota","Nitrospiria","Nitrospirales","Nitrospiraceae","Nitrospira"
"ASV1195","Antibiotics + HT vs Control",0.315897997707119,1.71816868463814,4.45328089779592,0.366135703563445,0.987165568339845,"ALDEx2","Proteobacteria","Gammaproteobacteria","Enterobacterales","Vibrionaceae","Vibrio"
"ASV456","Antibiotics + HT vs Control",-0.55438635947806,-4.0844218391062,6.52563111030049,0.187644245475678,0.987339445502389,"ALDEx2","Bacteroidota","Bacteroidia","Chitinophagales","Saprospiraceae","Lewinella"
"ASV1171","Antibiotics + HT vs Control",-0.510812976566157,-3.09673259810232,5.52319963688041,0.217260625084386,0.987343380382076,"ALDEx2","Acidobacteriota","Thermoanaerobaculia","Thermoanaerobaculales","Thermoanaerobaculaceae","Subgroup 10"
"ASV625","Antibiotics + HT vs Control",-0.249220206161709,-1.44245251782809,5.24029643398648,0.456726648766851,0.987448583808304,"ALDEx2","Proteobacteria","Gammaproteobacteria","Pseudomonadales","Pseudohongiellaceae","Pseudohongiella"
"ASV420","Antibiotics + HT vs Control",0.369774141986883,1.8335487265915,4.7605367183983,0.269644966986025,0.987492262965262,"ALDEx2","Proteobacteria","Gammaproteobacteria","Pseudomonadales","Cellvibrionaceae","Halioxenophilus"
"ASV1311","Antibiotics + HT vs Control",0.262123541542857,1.37454104117118,4.64391194606086,0.398683516912874,0.987541475673428,"ALDEx2","Proteobacteria","Alphaproteobacteria","Rhodobacterales","Rhodobacteraceae","Unclassified"
"ASV299","Antibiotics + HT vs Control",-0.357721240055425,-2.52890240860283,6.45600007356849,0.290842046443853,0.987546529269635,"ALDEx2","Bacteroidota","Bacteroidia","Flavobacteriales","Flavobacteriaceae","NS5 marine group"
"ASV1342","Antibiotics + HT vs Control",0.334281733650992,1.92879269855391,4.84782308974588,0.252090448512051,0.987814729064262,"ALDEx2","Proteobacteria","Gammaproteobacteria","Burkholderiales","Methylophilaceae","OM43 clade"
"ASV723","Antibiotics + HT vs Control",0.307339097534997,1.45599778911256,4.71250103993183,0.322888270815988,0.988332020662524,"ALDEx2","Proteobacteria","Gammaproteobacteria","Pseudomonadales","Oleiphilaceae","Oleiphilus"
"ASV917","Antibiotics + HT vs Control",0.259958747626202,1.53173659324155,5.05550620915761,0.339942643678247,0.988971448425087,"ALDEx2","Proteobacteria","Gammaproteobacteria","Pseudomonadales","Cellvibrionaceae","Unclassified"
"ASV45","Antibiotics + HT vs Control",-0.461896420393257,-3.96864964750187,8.0726792224985,0.15481287038933,0.989084643464961,"ALDEx2","Proteobacteria","Alphaproteobacteria","Rhodobacterales","Rhodobacteraceae","Planktomarina"
"ASV960","Antibiotics + HT vs Control",0.326838928611265,1.5402826795684,4.66737074073006,0.344433083760663,0.989576389840358,"ALDEx2","Proteobacteria","Gammaproteobacteria","Pseudomonadales","Porticoccaceae","SAR92 clade"
"ASV1988","Antibiotics + HT vs Control",0.273839723829694,1.40064163577496,4.46286771479199,0.422024896606046,0.989662342548308,"ALDEx2","Firmicutes","Clostridia","Oscillospirales","Hungateiclostridiaceae","Unclassified"
"ASV2200","Antibiotics + HT vs Control",-0.313298043584409,-2.02898879597696,5.39357640388252,0.361636356621779,0.990389806167206,"ALDEx2","Bacteroidota","Bacteroidia","Cytophagales","Cyclobacteriaceae","Unclassified"
"ASV1566","Antibiotics + HT vs Control",0.272223108251946,1.38599832298275,4.49545236146189,0.359626380943135,0.990577416071405,"ALDEx2","Bacteroidota","Bacteroidia","Chitinophagales","Saprospiraceae","Unclassified"
"ASV104","Antibiotics + HT vs Control",-0.492937901188524,-3.66712392650014,6.77184573551102,0.170459928174454,0.990800230877968,"ALDEx2","Proteobacteria","Gammaproteobacteria","Enterobacterales","Alteromonadaceae","Unclassified"
"ASV100","Antibiotics + HT vs Control",-0.555532651380088,-3.86442288299657,6.50232959468262,0.162078812145572,0.991109210600063,"ALDEx2","Proteobacteria","Gammaproteobacteria","Pseudomonadales","Alcanivoracaceae","Ketobacter"
"ASV1746","Antibiotics + HT vs Control",0.276504188645071,1.55550080493891,4.53619221918929,0.384155961720612,0.991287783953229,"ALDEx2","Proteobacteria","Alphaproteobacteria","Rhizobiales","Stappiaceae","Pseudovibrio"
"ASV301","Antibiotics + HT vs Control",-0.442522926942581,-3.23547498027341,7.01988839882581,0.227662171370415,0.991399787460993,"ALDEx2","Bacteroidota","Bacteroidia","Flavobacteriales","Flavobacteriaceae","Unclassified"
"ASV83","Antibiotics + HT vs Control",-0.251772612237062,-0.940170922095957,3.5008462284061,0.0332648607041508,0.991577276773176,"ALDEx2","Proteobacteria","Gammaproteobacteria","Pseudomonadales","Pseudohongiellaceae","Pseudohongiella"
"ASV121","Antibiotics + HT vs Control",-0.492995493374707,-3.92071240285035,7.38004359419203,0.191334280627793,0.991640779751937,"ALDEx2","Proteobacteria","Alphaproteobacteria","Rhodobacterales","Rhodobacteraceae","Unclassified"
"ASV782","Antibiotics + HT vs Control",-0.373674630947459,-2.63611647754108,6.14787779111238,0.320012005254858,0.992191407818692,"ALDEx2","Proteobacteria","Alphaproteobacteria","Rickettsiales","Rickettsiaceae","Candidatus Megaira"
"ASV1603","Antibiotics + HT vs Control",-0.162690525569339,-0.936842108229206,5.58950048433629,0.531558581053535,0.992309870204019,"ALDEx2","Proteobacteria","Alphaproteobacteria","Rhizobiales","Hyphomicrobiaceae","Filomicrobium"
"ASV24","Antibiotics + HT vs Control",-0.338181896319529,-1.24353209803368,3.83464734171375,0.0327351249587967,0.992491210468153,"ALDEx2","Proteobacteria","Alphaproteobacteria","Rhodobacterales","Rhodobacteraceae","Amylibacter"
"ASV409","Antibiotics + HT vs Control",-0.194717551755696,-1.12490895213692,5.41082531825656,0.460288555383052,0.992998760662669,"ALDEx2","Proteobacteria","Alphaproteobacteria","Caulobacterales","Hyphomonadaceae","Ponticaulis"
"ASV617","Antibiotics + HT vs Control",0.271555438771419,1.33459810267482,4.70003218703525,0.405056059248938,0.993280825700825,"ALDEx2","Bacteroidota","Bacteroidia","Flavobacteriales","Flavobacteriaceae","Algibacter"
"ASV508","Antibiotics + HT vs Control",-0.216227128745098,-1.45629063374425,5.90821818520625,0.419283794802102,0.993395544436831,"ALDEx2","Proteobacteria","Alphaproteobacteria","Rhodobacterales","Rhodobacteraceae","Unclassified"
"ASV355","Antibiotics + HT vs Control",-0.315910243583436,-2.34179802449164,5.91252339730815,0.375248239823808,0.993549675663499,"ALDEx2","Bacteroidota","Bacteroidia","Flavobacteriales","Flavobacteriaceae","NS3a marine group"
"ASV311","Antibiotics + HT vs Control",-0.357635720781348,-2.66998787077321,6.80108637883053,0.30234993096749,0.993585831950105,"ALDEx2","Bacteroidota","Bacteroidia","Flavobacteriales","Flavobacteriaceae","Polaribacter"
"ASV634","Antibiotics + HT vs Control",-0.424107617747374,-2.77626897978246,5.32985284532175,0.204530686956758,0.993750615584754,"ALDEx2","Bacteroidota","Bacteroidia","Chitinophagales","Saprospiraceae","Lewinella"
"ASV575","Antibiotics + HT vs Control",-0.0655660618271589,-0.526411634322971,5.70399072230527,0.556603977287533,0.993822100470052,"ALDEx2","Proteobacteria","Alphaproteobacteria","Rhodobacterales","Rhodobacteraceae","Albirhodobacter"
"ASV1116","Antibiotics + HT vs Control",0.0792661770750541,0.502985176375155,5.23059460636453,0.736248198152393,0.994042545843825,"ALDEx2","Actinobacteriota","Acidimicrobiia","Microtrichales","Microtrichaceae","Sva0996 marine group"
"ASV1616","Antibiotics + HT vs Control",0.342135378557085,1.63049556988984,4.09787337556943,0.356749087781123,0.994214391996891,"ALDEx2","Planctomycetota","Planctomycetes","Planctomycetales","Gimesiaceae","Unclassified"
"ASV54","Antibiotics + HT vs Control",-0.458364020850448,-3.93363047986792,7.69022413286493,0.18969090433382,0.9943595320326,"ALDEx2","Proteobacteria","Gammaproteobacteria","Enterobacterales","Alteromonadaceae","Paraglaciecola"
"ASV315","Antibiotics + HT vs Control",-0.357579153110385,-2.31271930542509,5.9671167609961,0.252923794804982,0.994664294664003,"ALDEx2","Proteobacteria","Gammaproteobacteria","Pseudomonadales","Halieaceae","OM60(NOR5) clade"
"ASV320","Antibiotics + HT vs Control",-0.425813087186021,-3.35321417251997,6.57390537425935,0.247447976767685,0.994830808456199,"ALDEx2","Bacteroidota","Bacteroidia","Flavobacteriales","Flavobacteriaceae","Muricauda"
"ASV1007","Antibiotics + HT vs Control",-0.235014510904474,-1.4006579290132,5.66271192286838,0.43482866335932,0.994914627099606,"ALDEx2","Campylobacterota","Campylobacteria","Campylobacterales","Sulfurovaceae","Sulfurovum"
"ASV411","Antibiotics + HT vs Control",-0.313166900854425,-2.3335151794981,6.84104154777898,0.346664579506789,0.994935860900458,"ALDEx2","Proteobacteria","Gammaproteobacteria","Enterobacterales","Pseudoalteromonadaceae","Pseudoalteromonas"
"ASV595","Antibiotics + HT vs Control",-0.195405220008263,-1.21490302580431,5.60514550445495,0.535330243088894,0.995067187711948,"ALDEx2","Proteobacteria","Alphaproteobacteria","Rhodospirillales","Magnetospiraceae","Unclassified"
"ASV281","Antibiotics + HT vs Control",-0.43222138813543,-3.32837829667084,6.79796525391059,0.268356478137776,0.995179822867714,"ALDEx2","Proteobacteria","Gammaproteobacteria","Pseudomonadales","Porticoccaceae","SAR92 clade"
"ASV1400","Antibiotics + HT vs Control",0.244481402013242,1.13584269776841,4.50858594080309,0.481546954586751,0.995230770039561,"ALDEx2","Bacteroidota","Bacteroidia","Cytophagales","Cyclobacteriaceae","Unclassified"
"ASV507","Antibiotics + HT vs Control",0.37614970584039,1.73316439783377,4.55788829596573,0.395517634937619,0.995243213478847,"ALDEx2","Proteobacteria","Gammaproteobacteria","Enterobacterales","Psychromonadaceae","Psychromonas"
"ASV754","Antibiotics + HT vs Control",-0.315245711785707,-1.80396543514123,5.76919829875584,0.409114889191607,0.99532234699085,"ALDEx2","Planctomycetota","Planctomycetes","Pirellulales","Pirellulaceae","Rubripirellula"
"ASV864","Antibiotics + HT vs Control",0.299194351029429,1.50758628675512,4.57348969788779,0.34810818170949,0.995348692782636,"ALDEx2","Desulfobacterota","Desulfobulbia","Desulfobulbales","Desulfocapsaceae","Unclassified"
"ASV949","Antibiotics + HT vs Control",0.264262910509706,1.83920496518786,6.15094220257718,0.330386749649692,0.995487273914922,"ALDEx2","Proteobacteria","Gammaproteobacteria","Pseudomonadales","Saccharospirillaceae","Unclassified"
"ASV137","Antibiotics + HT vs Control",-0.514508932899342,-4.79304998249328,7.65653458230434,0.166097900140246,0.995513031692655,"ALDEx2","Proteobacteria","Gammaproteobacteria","Enterobacterales","Pseudoalteromonadaceae","Pseudoalteromonas"
"ASV95","Antibiotics + HT vs Control",-0.401405527776897,-3.16217678569192,6.98281156702679,0.287898498866097,0.995696563875562,"ALDEx2","Bacteroidota","Bacteroidia","Chitinophagales","Saprospiraceae","Unclassified"
"ASV342","Antibiotics + HT vs Control",-0.430414671872689,-2.61499533018201,5.68390439025064,0.319785055672588,0.99584021688562,"ALDEx2","Planctomycetota","Phycisphaerae","Phycisphaerales","Phycisphaeraceae","SM1A02"
"ASV797","Antibiotics + HT vs Control",0.384592188911715,2.2051104080788,5.45554705447769,0.224662957256341,0.995845893987562,"ALDEx2","Planctomycetota","Phycisphaerae","Phycisphaerales","Phycisphaeraceae","Unclassified"
"ASV763","Antibiotics + HT vs Control",-0.0709925545046183,-0.402665001972676,4.8413883803591,0.667353632296843,0.995969405884913,"ALDEx2","Bacteroidota","Bacteroidia","Flavobacteriales","Crocinitomicaceae","Crocinitomix"
"ASV1360","Antibiotics + HT vs Control",-0.249891596911253,-1.46331457326321,5.57567052504502,0.472981143005998,0.996051945787978,"ALDEx2","Proteobacteria","Alphaproteobacteria","Micavibrionales","Micavibrionaceae","Unclassified"
"ASV307","Antibiotics + HT vs Control",-0.411856569460376,-3.04094896499533,7.20922764661511,0.291514466063839,0.996101373001098,"ALDEx2","Proteobacteria","Gammaproteobacteria","Pseudomonadales","Porticoccaceae","SAR92 clade"
"ASV312","Antibiotics + HT vs Control",-0.342710686368618,-2.2912570767854,5.53488286460916,0.330660005045465,0.996113267840039,"ALDEx2","Bacteroidota","Bacteroidia","Chitinophagales","Saprospiraceae","Lewinella"
"ASV74","Antibiotics + HT vs Control",-0.431417076249781,-3.08100945486715,7.22920507277686,0.154677100308075,0.996201348941931,"ALDEx2","Proteobacteria","Alphaproteobacteria","Sphingomonadales","Sphingomonadaceae","Sphingorhabdus"
"ASV3804","Antibiotics + HT vs Control",-0.182074348877127,-0.915606558948939,4.80554920074859,0.556419197176199,0.996251750359334,"ALDEx2","Chloroflexi","Anaerolineae","SBR1031","A4b","Unclassified"
"ASV102","Antibiotics + HT vs Control",-0.522831177097685,-4.23823613766918,7.26299137734302,0.202082955071652,0.996278980982174,"ALDEx2","Proteobacteria","Gammaproteobacteria","Pseudomonadales","Alcanivoracaceae","Ketobacter"
"ASV857","Antibiotics + HT vs Control",-0.15073185126599,-0.934994050631438,5.6816692265934,0.568011483223668,0.996394999105021,"ALDEx2","Bacteroidota","Bacteroidia","Flavobacteriales","Flavobacteriaceae","Pseudofulvibacter"
"ASV327","Antibiotics + HT vs Control",-0.287199753996661,-1.96194196492782,5.71011477710132,0.39578906510115,0.99651026736239,"ALDEx2","Bacteroidota","Bacteroidia","Chitinophagales","Saprospiraceae","Lewinella"
"ASV244","Antibiotics + HT vs Control",-0.139155781244967,-0.950938001534224,6.65334832034495,0.528837412733033,0.996513647039972,"ALDEx2","Proteobacteria","Gammaproteobacteria","Enterobacterales","Alteromonadaceae","Salinimonas"
"ASV1210","Antibiotics + HT vs Control",0.171956594241191,0.914855792695276,5.25457155165541,0.503435749947623,0.996607620372155,"ALDEx2","Proteobacteria","Gammaproteobacteria","Thiohalorhabdales","Thiohalorhabdaceae","Unclassified"
"ASV152","Antibiotics + HT vs Control",-0.291009123201678,-1.42705906213896,5.72785855909034,0.12966815086851,0.99670367190515,"ALDEx2","Actinobacteriota","Acidimicrobiia","Microtrichales","Ilumatobacteraceae","Ilumatobacter"
"ASV1486","Antibiotics + HT vs Control",0.279605369727094,1.25785712208562,4.58324263207665,0.339910920799005,0.996766378400956,"ALDEx2","Bacteroidota","Bacteroidia","Flavobacteriales","Flavobacteriaceae","Seonamhaeicola"
"ASV337","Antibiotics + HT vs Control",-0.132186726255805,-0.910557352120773,5.93889789394116,0.605037799308343,0.996777580140215,"ALDEx2","Bdellovibrionota","Bdellovibrionia","Bdellovibrionales","Bdellovibrionaceae","OM27 clade"
"ASV497","Antibiotics + HT vs Control",-0.237915777239268,-1.67961520598912,5.7332020543173,0.422680393149742,0.99690279962132,"ALDEx2","Proteobacteria","Alphaproteobacteria","Rhodospirillales","Magnetospiraceae","Unclassified"
"ASV382","Antibiotics + HT vs Control",-0.447904606060524,-3.39690507896803,6.94460037352754,0.265528540542679,0.996909990488793,"ALDEx2","Planctomycetota","Planctomycetes","Pirellulales","Pirellulaceae","Blastopirellula"
"ASV658","Antibiotics + HT vs Control",-0.117422654246153,-0.647778370542814,5.339673824052,0.574035895058152,0.99718183737441,"ALDEx2","Proteobacteria","Gammaproteobacteria","Pseudomonadales","SAR86 clade","Unclassified"
"ASV738","Antibiotics + HT vs Control",-0.252180841687357,-1.49117997575869,6.24028682730722,0.469433778221826,0.997213350230203,"ALDEx2","Proteobacteria","Alphaproteobacteria","Rhodobacterales","Rhodobacteraceae","Unclassified"
"ASV158","Antibiotics + HT vs Control",-0.388816963163204,-2.37390452931852,6.0808540423395,0.184500505163946,0.997339673986437,"ALDEx2","Bacteroidota","Bacteroidia","Flavobacteriales","Flavobacteriaceae","NS3a marine group"
"ASV854","Antibiotics + HT vs Control",0.209643724438118,1.17807770076887,5.28204081357199,0.459277709060003,0.997352575757969,"ALDEx2","Proteobacteria","Gammaproteobacteria","Pseudomonadales","Oleiphilaceae","Oleiphilus"
"ASV913","Antibiotics + HT vs Control",-0.0216390610894143,-0.142402102890871,5.37429855652192,0.698875666954065,0.997438489415249,"ALDEx2","Proteobacteria","Alphaproteobacteria","Rhodobacterales","Rhodobacteraceae","Jannaschia"
"ASV1554","Antibiotics + HT vs Control",-0.123574628356792,-0.77187897765628,5.70492054286979,0.582854682393472,0.99746975949382,"ALDEx2","Bacteroidota","Bacteroidia","Chitinophagales","Saprospiraceae","Unclassified"
"ASV477","Antibiotics + HT vs Control",0.382658614007338,2.51698891866219,6.12896828690917,0.262168941173591,0.997755290435873,"ALDEx2","Proteobacteria","Alphaproteobacteria","Rhodobacterales","Rhodobacteraceae","Unclassified"
"ASV28","Antibiotics + HT vs Control",-0.498599897848445,-3.3873663437509,7.90506791845115,0.0767974524495006,0.997808660179767,"ALDEx2","Cyanobacteria","Cyanobacteriia","Synechococcales","Cyanobiaceae","Synechococcus CC9902"
"ASV619","Antibiotics + HT vs Control",0.29327025247996,1.60911040012473,5.13156428274972,0.446073803842878,0.99787724281392,"ALDEx2","Proteobacteria","Gammaproteobacteria","Arenicellales","Arenicellaceae","HTCC5015"
"ASV1302","Antibiotics + HT vs Control",-0.00101323409768953,-0.0134746409154838,5.99090622010829,0.639716064642431,0.997877294371195,"ALDEx2","Proteobacteria","Gammaproteobacteria","Thiotrichales","Thiotrichaceae","Leucothrix"
"ASV583","Antibiotics + HT vs Control",-0.190201318437509,-1.11856107466893,6.17145760408865,0.493354330080223,0.997898764860029,"ALDEx2","Bacteroidota","Bacteroidia","Chitinophagales","Saprospiraceae","Unclassified"
"ASV460","Antibiotics + HT vs Control",0.44552929088772,3.08392430812381,6.50775617292632,0.161658974669544,0.998006495425338,"ALDEx2","Proteobacteria","Gammaproteobacteria","Pseudomonadales","Marinobacteraceae","Marinobacter"
"ASV576","Antibiotics + HT vs Control",0.349517720420738,2.20158161666873,5.78931975045162,0.336319483612206,0.998080187828292,"ALDEx2","Acidobacteriota","Holophagae","Acanthopleuribacterales","Acanthopleuribacteraceae","Acanthopleuribacter"
"ASV642","Antibiotics + HT vs Control",0.0650627272482632,0.372071646624104,4.67180889320812,0.711259545426805,0.998148854588168,"ALDEx2","Proteobacteria","Gammaproteobacteria","Pseudomonadales","Halieaceae","Halioglobus"
"ASV435","Antibiotics + HT vs Control",-0.0666099546033772,-0.372704765699714,5.09435137313463,0.693452392924961,0.998268386603163,"ALDEx2","Proteobacteria","Gammaproteobacteria","Pseudomonadales","SAR86 clade","Unclassified"
"ASV809","Antibiotics + HT vs Control",0.209168220664791,1.27275502635082,5.21605468251806,0.471837006845052,0.998316077486458,"ALDEx2","Verrucomicrobiota","Verrucomicrobiae","Verrucomicrobiales","Rubritaleaceae","Roseibacillus"
"ASV261","Antibiotics + HT vs Control",-0.0540251396672446,-0.314643524203365,5.28460676682559,0.702132191944045,0.99832025113682,"ALDEx2","Proteobacteria","Gammaproteobacteria","Pseudomonadales","Alcanivoracaceae","Ketobacter"
"ASV937","Antibiotics + HT vs Control",0.172879713711528,0.815774155329788,4.93792482214137,0.579835503068539,0.998341545708632,"ALDEx2","Proteobacteria","Alphaproteobacteria","Rhodobacterales","Rhodobacteraceae","Roseibacterium"
"ASV986","Antibiotics + HT vs Control",-0.0688991305650428,-0.304788555017781,4.98680705415065,0.695085914174012,0.998342487577602,"ALDEx2","Bacteroidota","Bacteroidia","Chitinophagales","Saprospiraceae","Unclassified"
"ASV209","Antibiotics + HT vs Control",-0.454286372074036,-3.45550557607159,6.64201100823223,0.250486006185021,0.99838423221006,"ALDEx2","Bacteroidota","Bacteroidia","Flavobacteriales","Flavobacteriaceae","Psychroserpens"
"ASV154","Antibiotics + HT vs Control",-0.354529123662253,-2.81123638607665,7.35193910685864,0.304391220542993,0.998402954214959,"ALDEx2","Proteobacteria","Alphaproteobacteria","Puniceispirillales","SAR116 clade","Unclassified"
"ASV972","Antibiotics + HT vs Control",-0.109693941694399,-0.615130367075984,5.32784932122294,0.570782652370139,0.998414158133449,"ALDEx2","Proteobacteria","Alphaproteobacteria","Rhodobacterales","Rhodobacteraceae","Albirhodobacter"
"ASV693","Antibiotics + HT vs Control",-0.223976291240173,-1.32118263258268,5.2766777919552,0.508288833361017,0.998492697998344,"ALDEx2","Proteobacteria","Gammaproteobacteria","Pseudomonadales","Pseudohongiellaceae","Pseudohongiella"
"ASV565","Antibiotics + HT vs Control",0.0949391274575509,0.483073007303693,4.86518753379342,0.74246039059897,0.998492697998344,"ALDEx2","Proteobacteria","Alphaproteobacteria","Rhodobacterales","Rhodobacteraceae","Unclassified"
"ASV1896","Antibiotics + HT vs Control",0.135448128428628,0.714584949815826,4.42862323229083,0.558210521688662,0.998503020057645,"ALDEx2","Actinobacteriota","Acidimicrobiia","Microtrichales","Microtrichaceae","Sva0996 marine group"
"ASV510","Antibiotics + HT vs Control",-0.201962756469009,-1.19150076915031,6.0730103175653,0.554357659090208,0.998537215832453,"ALDEx2","Proteobacteria","Alphaproteobacteria","Rhodobacterales","Rhodobacteraceae","Unclassified"
"ASV638","Antibiotics + HT vs Control",0.263634323793986,1.63970342991256,6.27921338206638,0.423228955349485,0.998568336683868,"ALDEx2","Proteobacteria","Gammaproteobacteria","Pseudomonadales","Halieaceae","Marimicrobium"
"ASV402","Antibiotics + HT vs Control",-0.112915242195231,-0.748367426339465,6.50665486613644,0.478392004711746,0.998667358335286,"ALDEx2","Proteobacteria","Gammaproteobacteria","Enterobacterales","Colwelliaceae","Colwellia"
"ASV447","Antibiotics + HT vs Control",-0.3422652717184,-2.4209609728209,6.63190728119025,0.310658095429157,0.998735082022796,"ALDEx2","Bacteroidota","Bacteroidia","Sphingobacteriales","NS11-12 marine group","Unclassified"
"ASV449","Antibiotics + HT vs Control",-0.185080330668397,-1.23258131961185,5.70311947798244,0.529956640632955,0.998735082022796,"ALDEx2","Nitrospinota","Nitrospinia","Nitrospinales","Nitrospinaceae","LS-NOB"
"ASV1194","Antibiotics + HT vs Control",0.239030579522224,1.38973864674696,5.07331751842956,0.393933638071142,0.998795185461969,"ALDEx2","Bacteroidota","Bacteroidia","Flavobacteriales","NS9 marine group","Unclassified"
"ASV1510","Antibiotics + HT vs Control",0.181737355547532,0.916556642380542,4.47997486669793,0.506211572906136,0.998798251454473,"ALDEx2","Bacteroidota","Bacteroidia","Flavobacteriales","NS9 marine group","Unclassified"
"ASV816","Antibiotics + HT vs Control",-0.0658302394689676,-0.400006346087513,5.19515998871239,0.677615656348515,0.998835072832146,"ALDEx2","Proteobacteria","Gammaproteobacteria","Pseudomonadales","Spongiibacteraceae","Unclassified"
"ASV5071","Antibiotics + HT vs Control",0.208786819073827,1.06543893315826,4.60487053751265,0.530069424383993,0.998836286841515,"ALDEx2","Planctomycetota","Planctomycetes","Pirellulales","Pirellulaceae","Blastopirellula"
"ASV1012","Antibiotics + HT vs Control",-0.010448921579026,-0.106261894835567,5.62088718904879,0.689312623207232,0.998887369948886,"ALDEx2","Bacteroidota","Bacteroidia","Flavobacteriales","Cryomorphaceae","Phaeocystidibacter"
"ASV2179","Antibiotics + HT vs Control",-0.0468570125266804,-0.249939532569022,5.16675505715432,0.663840465719118,0.998952092692582,"ALDEx2","Bacteroidota","Bacteroidia","Flavobacteriales","Flavobacteriaceae","Unclassified"
"ASV1804","Antibiotics + HT vs Control",0.208906542564217,1.10941831617055,4.59373437710173,0.492759218843034,0.998973766474443,"ALDEx2","Bdellovibrionota","Oligoflexia","Oligoflexales","Oligoflexaceae","Unclassified"
"ASV740","Antibiotics + HT vs Control",-0.279728951614396,-1.74390491004413,5.98951928158712,0.372314594951842,0.998997152222338,"ALDEx2","Proteobacteria","Gammaproteobacteria","Enterobacterales","Colwelliaceae","Colwellia"
"ASV1303","Antibiotics + HT vs Control",0.0172213566157874,0.113033519033928,5.56441387072424,0.691875310780194,0.998999162432696,"ALDEx2","Bacteroidota","Bacteroidia","Flavobacteriales","Flavobacteriaceae","Bizionia"
"ASV855","Antibiotics + HT vs Control",-0.0443072207781281,-0.328034277341013,5.74803479357117,0.604342118814713,0.998999162432696,"ALDEx2","Proteobacteria","Gammaproteobacteria","Steroidobacterales","Woeseiaceae","Woeseia"
"ASV153","Antibiotics + HT vs Control",-0.406453845003523,-3.26443569669252,8.00710498723604,0.289592029402163,0.999003019929741,"ALDEx2","Proteobacteria","Gammaproteobacteria","Enterobacterales","Alteromonadaceae","Alteromonas"
"ASV689","Antibiotics + HT vs Control",-0.0115412961787203,-0.0402167508244275,5.4732967066841,0.664784739352923,0.999003019929741,"ALDEx2","Bdellovibrionota","Bdellovibrionia","Bdellovibrionales","Bdellovibrionaceae","Bdellovibrio"
"ASV474","Antibiotics + HT vs Control",-0.153697998304821,-0.954259475347446,5.44867202899346,0.615179773611811,0.99901388182577,"ALDEx2","Bacteroidota","Bacteroidia","Flavobacteriales","NS9 marine group","Unclassified"
"ASV1441","Antibiotics + HT vs Control",-0.00526590094987167,-0.0468436627750455,5.42815365934303,0.721692555594643,0.999017511777389,"ALDEx2","Bacteroidota","Bacteroidia","Cytophagales","Spirosomaceae","Taeseokella"
"ASV592","Antibiotics + HT vs Control",0.0426385707707608,0.246754056036557,5.37236957366969,0.73439320502735,0.999017511777389,"ALDEx2","Bacteroidota","Bacteroidia","Cytophagales","Cyclobacteriaceae","Fulvivirga"
"ASV787","Antibiotics + HT vs Control",-0.266376802981894,-1.55749089116107,5.76816396753591,0.428087612071893,0.999017511777389,"ALDEx2","Nitrospinota","Nitrospinia","Nitrospinales","Nitrospinaceae","Nitrospina"
"ASV599","Antibiotics + HT vs Control",-0.274286513500386,-1.72351527804464,6.10330658967194,0.438078557398798,0.99902250797353,"ALDEx2","Proteobacteria","Alphaproteobacteria","Rhizobiales","Hyphomicrobiaceae","Filomicrobium"
"ASV204","Antibiotics + HT vs Control",-0.190628004333583,-1.17085360703874,6.53449204528213,0.40751781338685,0.999027397327383,"ALDEx2","Proteobacteria","Gammaproteobacteria","Pseudomonadales","Alcanivoracaceae","Ketobacter"
"ASV1216","Antibiotics + HT vs Control",-0.0417398397275877,-0.305070879028882,5.30190175450815,0.724833327697112,0.999027397327383,"ALDEx2","Proteobacteria","Gammaproteobacteria","Pseudomonadales","Oleiphilaceae","Oleiphilus"
"ASV661","Antibiotics + HT vs Control",-0.224405829461299,-1.33117714924636,6.1030825171286,0.456548077316276,0.999027397327383,"ALDEx2","Proteobacteria","Gammaproteobacteria","Burkholderiales","Nitrosomonadaceae","Nitrosospira"
"ASV472","Antibiotics + HT vs Control",-0.332451507016033,-2.11526044921636,5.45149825547583,0.358589303663613,0.999029510007158,"ALDEx2","Planctomycetota","Phycisphaerae","Phycisphaerales","Phycisphaeraceae","SM1A02"
"ASV1821","Antibiotics + HT vs Control",-0.0432886254545226,-0.217815045755538,4.91596263141159,0.726613175939341,0.999044704564244,"ALDEx2","Proteobacteria","Gammaproteobacteria","Arenicellales","Arenicellaceae","Arenicella"
"ASV605","Antibiotics + HT vs Control",-0.215960109500486,-1.42141306556654,5.24452985603377,0.510479844749756,0.999101464624663,"ALDEx2","Bacteroidota","Bacteroidia","Flavobacteriales","Flavobacteriaceae","Formosa"
"ASV626","Antibiotics + HT vs Control",0.0260264686358157,0.17268583698532,4.80760761952609,0.739808710594799,0.999119154559725,"ALDEx2","Bacteroidota","Bacteroidia","Flavobacteriales","Cryomorphaceae","Unclassified"
"ASV196","Antibiotics + HT vs Control",-0.451131512454085,-3.99882618138658,6.94833140772063,0.255906075780195,0.999144887985242,"ALDEx2","Bacteroidota","Bacteroidia","Flavobacteriales","Flavobacteriaceae","Polaribacter"
"ASV1436","Antibiotics + HT vs Control",0.0927976734928346,0.575207769042025,5.51204427584019,0.794033845295071,0.999148681934654,"ALDEx2","Myxococcota","Myxococcia","Myxococcales","Myxococcaceae","P3OB-42"
"ASV911","Antibiotics + HT vs Control",-0.0122430362352645,-0.0884160944191965,5.1967298680332,0.706823524594793,0.999157405616372,"ALDEx2","Bacteroidota","Bacteroidia","Flavobacteriales","Crocinitomicaceae","Crocinitomix"
"ASV821","Antibiotics + HT vs Control",0.284969348617001,1.92797935812044,5.7264574681222,0.303525559412017,0.99918274248397,"ALDEx2","Proteobacteria","Gammaproteobacteria","Enterobacterales","Colwelliaceae","Colwellia"
"ASV2534","Antibiotics + HT vs Control",0.360573240010909,2.02918169150436,5.0677206401158,0.346501706881482,0.999196585536027,"ALDEx2","Chloroflexi","Anaerolineae","SBR1031","A4b","Unclassified"
"ASV770","Antibiotics + HT vs Control",0.212738634159562,1.20124626834737,4.83971978669321,0.523915702903514,0.999219020041071,"ALDEx2","Bdellovibrionota","Oligoflexia","Oligoflexales","Oligoflexaceae","Unclassified"
"ASV360","Antibiotics + HT vs Control",-0.116825194360633,-0.710562337605857,5.74582796222113,0.594896603322566,0.999253959795397,"ALDEx2","Proteobacteria","Gammaproteobacteria","Enterobacterales","Vibrionaceae","Vibrio"
"ASV509","Antibiotics + HT vs Control",-0.225043705191302,-1.47929826605142,6.49796673465088,0.510093898917246,0.999256994528832,"ALDEx2","Proteobacteria","Alphaproteobacteria","Rhizobiales","Rhizobiaceae","Unclassified"
"ASV218","Antibiotics + HT vs Control",0.454699907333302,2.90451745595258,6.50619270641223,0.180317743585165,0.999302084543273,"ALDEx2","Bacteroidota","Bacteroidia","Flavobacteriales","Flavobacteriaceae","Algibacter"
"ASV1871","Antibiotics + HT vs Control",0.00875546840442129,0.0501188433657083,5.57712441915789,0.65859876457947,0.999317852296097,"ALDEx2","Bacteroidota","Bacteroidia","Flavobacteriales","Flavobacteriaceae","Unclassified"
"ASV680","Antibiotics + HT vs Control",0.126243264424612,0.675032163728742,5.09913904639972,0.71083252342197,0.99933306679299,"ALDEx2","Proteobacteria","Gammaproteobacteria","Enterobacterales","Psychromonadaceae","Psychromonas"
"ASV667","Antibiotics + HT vs Control",-0.162471335168829,-0.920207625840304,5.8729991931567,0.547038268087927,0.999343784839758,"ALDEx2","Bacteroidota","Bacteroidia","Flavobacteriales","Flavobacteriaceae","Maribacter"
"ASV325","Antibiotics + HT vs Control",0.031568468566236,0.183550364538448,5.92676081162243,0.631188323424379,0.999343784839758,"ALDEx2","Proteobacteria","Gammaproteobacteria","Enterobacterales","Pseudoalteromonadaceae","Pseudoalteromonas"
"ASV144","Antibiotics + HT vs Control",-0.518878758175869,-3.99782340413268,6.80507048817298,0.212005055271279,0.999349280070944,"ALDEx2","Campylobacterota","Campylobacteria","Campylobacterales","Arcobacteraceae","Pseudarcobacter"
"ASV879","Antibiotics + HT vs Control",-0.105655494116402,-0.568036493427404,5.52783184482337,0.623491511525758,0.999384531354197,"ALDEx2","Proteobacteria","Alphaproteobacteria","Parvibaculales","OCS116 clade","Unclassified"
"ASV648","Antibiotics + HT vs Control",0.000347512369983126,0.00134977893523036,5.77877238560273,0.791316871379353,0.999411542021792,"ALDEx2","Proteobacteria","Gammaproteobacteria","Enterobacterales","Colwelliaceae","Colwellia"
"ASV974","Antibiotics + HT vs Control",-0.08617395918684,-0.588717431814547,5.20487248561685,0.603340879539889,0.99946681959746,"ALDEx2","Proteobacteria","Gammaproteobacteria","Chromatiales","Sedimenticolaceae","Sedimenticola"
"ASV916","Antibiotics + HT vs Control",0.15209690069801,0.86732986283306,4.45634644550333,0.511465741799424,0.99947726387106,"ALDEx2","Bacteroidota","Bacteroidia","Chitinophagales","Saprospiraceae","Lewinella"
"ASV296","Antibiotics + HT vs Control",0.233998423125671,1.38045740780281,5.67959221001243,0.582955960908612,0.999507256853811,"ALDEx2","Campylobacterota","Campylobacteria","Campylobacterales","Arcobacteraceae","Pseudarcobacter"
"ASV609","Antibiotics + HT vs Control",0.348419084918371,2.07164150546846,5.46580901679322,0.340134244790966,0.999536120372249,"ALDEx2","Proteobacteria","Gammaproteobacteria","Pseudomonadales","OM182 clade","Unclassified"
"ASV2034","Antibiotics + HT vs Control",0.235301863823053,1.25925837653157,4.97920092761715,0.502014794362005,0.999536120372249,"ALDEx2","Proteobacteria","Gammaproteobacteria","Gammaproteobacteria Incertae Sedis","Unknown Family","Unclassified"
"ASV924","Antibiotics + HT vs Control",-0.112137587764626,-0.844668371984823,6.73543330317579,0.494785392962259,0.99953899250952,"ALDEx2","Proteobacteria","Gammaproteobacteria","Pseudomonadales","Moraxellaceae","Psychrobacter"
"ASV534","Antibiotics + HT vs Control",-0.138159783967476,-0.854273466854353,5.26566109318752,0.57193716195238,0.999540729147782,"ALDEx2","Planctomycetota","Planctomycetes","Pirellulales","Pirellulaceae","Rubripirellula"
"ASV698","Antibiotics + HT vs Control",-0.127661375679053,-0.831166171167875,6.56794870538311,0.523573360269832,0.999626820369877,"ALDEx2","Proteobacteria","Gammaproteobacteria","Thiotrichales","Thiotrichaceae","Leucothrix"
"ASV519","Antibiotics + HT vs Control",-0.179548406238175,-1.2313562359839,6.65893666209538,0.433929471773616,0.99962910312261,"ALDEx2","Bacteroidota","Bacteroidia","Flavobacteriales","Flavobacteriaceae","Lutimonas"
"ASV1778","Antibiotics + HT vs Control",-0.0195320792923739,-0.181151736079231,4.7847960326732,0.704062438217612,0.99962910312261,"ALDEx2","Verrucomicrobiota","Verrucomicrobiae","Verrucomicrobiales","Rubritaleaceae","Roseibacillus"
"ASV707","Antibiotics + HT vs Control",0.279545661988181,1.69301547424308,5.76450551991464,0.39590930522597,0.999682436181598,"ALDEx2","Bacteroidota","Bacteroidia","Flavobacteriales","Cryomorphaceae","Vicingus"
"ASV1070","Antibiotics + HT vs Control",0.216198261921576,1.20508882033018,4.94589458828912,0.480119155326226,0.999682436181598,"ALDEx2","Proteobacteria","Gammaproteobacteria","Pseudomonadales","Porticoccaceae","SAR92 clade"
"ASV221","Antibiotics + HT vs Control",0.332884481767344,2.01292592943429,6.54675746441659,0.286863464722235,0.999682436181598,"ALDEx2","Proteobacteria","Gammaproteobacteria","Enterobacterales","Vibrionaceae","Aliivibrio"
"ASV491","Antibiotics + HT vs Control",-0.368159175505655,-2.34083913708327,6.1889410261,0.324111036074048,0.999682895445286,"ALDEx2","Actinobacteriota","Acidimicrobiia","Microtrichales","Microtrichaceae","Sva0996 marine group"
"ASV530","Antibiotics + HT vs Control",-0.105907091901782,-0.783841583568907,6.18537694671673,0.509971523880431,0.999685387516407,"ALDEx2","Actinobacteriota","Acidimicrobiia","Microtrichales","Ilumatobacteraceae","Ilumatobacter"
"ASV781","Antibiotics + HT vs Control",-0.157408007290449,-0.957972454086805,6.27989944578315,0.611772711052982,0.9996895830497,"ALDEx2","Bacteroidota","Bacteroidia","Chitinophagales","Saprospiraceae","Unclassified"
"ASV276","Antibiotics + HT vs Control",-0.172728342549155,-1.02199136253895,5.92894902832558,0.531638145037832,0.999704594891178,"ALDEx2","Proteobacteria","Alphaproteobacteria","Puniceispirillales","SAR116 clade","Unclassified"
"ASV229","Antibiotics + HT vs Control",-0.104287068897151,-0.59590362429502,5.65302505761784,0.662992761562837,0.999746619113812,"ALDEx2","Bacteroidota","Bacteroidia","Flavobacteriales","Flavobacteriaceae","Formosa"
"ASV715","Antibiotics + HT vs Control",0.238349376665162,1.36737415219179,5.18888302215762,0.408555507275822,0.99974930971647,"ALDEx2","Proteobacteria","Gammaproteobacteria","Pseudomonadales","Nitrincolaceae","Amphritea"
"ASV164","Antibiotics + HT vs Control",-0.323879181587329,-2.70054626369565,8.08052003271643,0.329788156244815,0.999760786674457,"ALDEx2","Proteobacteria","Alphaproteobacteria","Rhodobacterales","Rhodobacteraceae","Unclassified"
"ASV520","Antibiotics + HT vs Control",-0.169237873781886,-1.08297024039978,5.96749160097147,0.572405765770589,0.999770107758277,"ALDEx2","Actinobacteriota","Acidimicrobiia","Microtrichales","Microtrichaceae","Sva0996 marine group"
"ASV1999","Antibiotics + HT vs Control",0.290518867340951,1.46099978170275,4.51161045600472,0.444198942216319,0.999784427778786,"ALDEx2","Bacteroidota","Bacteroidia","Flavobacteriales","Cryomorphaceae","Cryomorpha"
"ASV84","Antibiotics + HT vs Control",-0.330146061369619,-2.04708638820359,7.59327790930141,0.253498618935029,0.999788543074007,"ALDEx2","Proteobacteria","Alphaproteobacteria","Rhodobacterales","Rhodobacteraceae","Tropicibacter"
"ASV275","Antibiotics + HT vs Control",-0.12293880467675,-1.07617991152561,7.44662524410655,0.401457602479379,0.999800955525778,"ALDEx2","Proteobacteria","Gammaproteobacteria","Enterobacterales","Alteromonadaceae","Paraglaciecola"
"ASV966","Antibiotics + HT vs Control",-0.127445019252372,-0.759450495675939,5.21070376728068,0.669454633952708,0.999806973259405,"ALDEx2","Bdellovibrionota","Bdellovibrionia","Bdellovibrionales","Bdellovibrionaceae","OM27 clade"
"ASV56","Antibiotics + HT vs Control",-0.10688058631803,-0.76511142093066,6.83681989998268,0.513069572686303,0.99981455148336,"ALDEx2","Proteobacteria","Alphaproteobacteria","Rhodobacterales","Rhodobacteraceae","Unclassified"
"ASV936","Antibiotics + HT vs Control",0.198970203606464,1.18411834677555,5.87173148891541,0.527901687789436,0.999815397405564,"ALDEx2","Proteobacteria","Alphaproteobacteria","Rhodobacterales","Rhodobacteraceae","Unclassified"
"ASV479","Antibiotics + HT vs Control",-0.191755017105104,-1.1179556413365,5.52181026831546,0.530386596179056,0.999866307552855,"ALDEx2","Proteobacteria","Gammaproteobacteria","Pseudomonadales","Halieaceae","Unclassified"
"ASV396","Antibiotics + HT vs Control",-0.0683836883728169,-0.366455658170064,5.34328208534968,0.63370492061812,0.999911626025172,"ALDEx2","Proteobacteria","Alphaproteobacteria","Rhizobiales","Rhizobiaceae","Unclassified"
"ASV610","Antibiotics + HT vs Control",-0.249731370314587,-1.77131209564335,6.14287506627295,0.411646678834127,0.999931726561762,"ALDEx2","Bacteroidota","Bacteroidia","Flavobacteriales","NS7 marine group","Unclassified"
"ASV502","Antibiotics + HT vs Control",-0.142832807204656,-0.851228458313424,5.38279764200795,0.631592301530126,0.999936291709342,"ALDEx2","Bacteroidota","Bacteroidia","Flavobacteriales","NS9 marine group","Unclassified"
"ASV908","Antibiotics + HT vs Control",0.229118065434559,1.35326524014089,5.46941051287599,0.491093545261844,0.99995420069561,"ALDEx2","Actinobacteriota","Acidimicrobiia","Microtrichales","Ilumatobacteraceae","Ilumatobacter"
"ASV147","Antibiotics + HT vs Control",0.430154119946124,2.68304197332403,5.87454944262603,0.219328618610787,0.99995420069561,"ALDEx2","Proteobacteria","Gammaproteobacteria","Pseudomonadales","Cellvibrionaceae","Unclassified"
"ASV552","Antibiotics + HT vs Control",0.291417940003675,1.80752163080784,5.68674077281945,0.356888321361096,0.99995420069561,"ALDEx2","Proteobacteria","Gammaproteobacteria","Pseudomonadales","Unknown Family","Alkalimarinus"
"ASV1347","Antibiotics + HT vs Control",0.224282345314081,1.36682579486988,5.12665279083066,0.486175926313489,0.99995420069561,"ALDEx2","Proteobacteria","Gammaproteobacteria","Arenicellales","Arenicellaceae","Arenicella"
"ASV2283","Antibiotics + HT vs Control",0.0697972964279978,0.357194763868162,4.68040482280574,0.68861328890821,0.999954681527683,"ALDEx2","Proteobacteria","Gammaproteobacteria","Enterobacterales","Kangiellaceae","Aliikangiella"
"ASV954","Antibiotics + HT vs Control",0.0915247944563515,0.524900584680934,5.33007923432262,0.685764743346177,0.999954681527683,"ALDEx2","Proteobacteria","Gammaproteobacteria","Pseudomonadales","Porticoccaceae","SAR92 clade"
"ASV181","Antibiotics + HT vs Control",0.30133194275764,2.243650289057,7.01074209371904,0.264710342234268,0.999954790386093,"ALDEx2","Proteobacteria","Alphaproteobacteria","Rhodobacterales","Rhodobacteraceae","Marivita"
"ASV53","Antibiotics + HT vs Control",-0.157812319464587,-1.02569621620583,7.43800289226451,0.465620654632375,1,"ALDEx2","Proteobacteria","Gammaproteobacteria","Pseudomonadales","Alcanivoracaceae","Ketobacter"
"ASV207","Antibiotics + HT vs Control",-0.0376998785682894,-0.286440723223796,6.23348153334561,0.719504403282967,1,"ALDEx2","Proteobacteria","Gammaproteobacteria","Pseudomonadales","Alcanivoracaceae","Ketobacter"
"ASV203","Antibiotics + HT vs Control",0.0295280372848245,0.144830061026985,6.81443196405012,0.834699176230335,1,"ALDEx2","Proteobacteria","Gammaproteobacteria","Pseudomonadales","Pseudohongiellaceae","Pseudohongiella"
"ASV362","Antibiotics + HT vs Control",0.138683095046815,1.04378096686186,6.8211063962355,0.649032600092665,1,"ALDEx2","Proteobacteria","Gammaproteobacteria","Pseudomonadales","Oleiphilaceae","Oleiphilus"
"ASV1244","Antibiotics + HT vs Control",0.120117706426552,0.572665628858875,4.3626668771349,0.638346584067848,1,"ALDEx2","Proteobacteria","Gammaproteobacteria","Pseudomonadales","Litoricolaceae","Litoricola"
"ASV120","Antibiotics + HT vs Control",-0.0886874172684213,-0.47186269087345,6.10618963355758,0.622090108262412,1,"ALDEx2","Proteobacteria","Gammaproteobacteria","Pseudomonadales","Pseudomonadaceae","Pseudomonas"
"ASV645","Antibiotics + HT vs Control",-0.148229212175572,-0.89249533101987,5.45061771460279,0.539911346362187,1,"ALDEx2","Proteobacteria","Gammaproteobacteria","Pseudomonadales","Pseudomonadaceae","Pseudomonas"
"ASV666","Antibiotics + HT vs Control",0.0738638259909547,0.549766922127596,5.98409535653902,0.775506981314761,1,"ALDEx2","Proteobacteria","Gammaproteobacteria","Pseudomonadales","Alcanivoracaceae1","Alcanivorax"
"ASV709","Antibiotics + HT vs Control",0.119239831687243,0.672905661859913,5.37362509426854,0.664452801264043,1,"ALDEx2","Proteobacteria","Gammaproteobacteria","Pseudomonadales","Alcanivoracaceae1","Alcanivorax"
"ASV977","Antibiotics + HT vs Control",0.188730091979697,0.945319458206654,5.05553682730289,0.523602582082146,1,"ALDEx2","Proteobacteria","Gammaproteobacteria","Pseudomonadales","Marinobacteraceae","Marinobacter"
"ASV316","Antibiotics + HT vs Control",0.100801395064816,0.73307148156151,7.58937812631874,0.82868029447347,1,"ALDEx2","Proteobacteria","Gammaproteobacteria","Enterobacterales","Alteromonadaceae","Aliiglaciecola"
"ASV292","Antibiotics + HT vs Control",0.13566390832956,0.936514537963252,7.55026752240523,0.629992167996429,1,"ALDEx2","Proteobacteria","Gammaproteobacteria","Enterobacterales","Alteromonadaceae","Unclassified"
"ASV543","Antibiotics + HT vs Control",0.188652555548567,1.25978429829981,5.61828328659577,0.570756928096825,1,"ALDEx2","Proteobacteria","Gammaproteobacteria","Enterobacterales","Alteromonadaceae","Aestuariibacter"
"ASV582","Antibiotics + HT vs Control",0.109971070575836,0.574421293817777,4.99351347155391,0.757762468329065,1,"ALDEx2","Proteobacteria","Gammaproteobacteria","Enterobacterales","Alteromonadaceae","Unclassified"
"ASV122","Antibiotics + HT vs Control",0.113949233752189,0.98349565751252,7.55338928195356,0.760808991354277,1,"ALDEx2","Proteobacteria","Gammaproteobacteria","Enterobacterales","Alteromonadaceae","Salinimonas"
"ASV561","Antibiotics + HT vs Control",-0.0340865853654678,-0.19507544260729,5.9307269345526,0.755144060628223,1,"ALDEx2","Proteobacteria","Gammaproteobacteria","Enterobacterales","Psychromonadaceae","Psychromonas"
"ASV250","Antibiotics + HT vs Control",-0.303616645954184,-1.74851368192105,6.75234158805347,0.412703921945852,1,"ALDEx2","Proteobacteria","Gammaproteobacteria","Enterobacterales","Psychromonadaceae","Psychromonas"
"ASV1149","Antibiotics + HT vs Control",0.11289705733968,0.61124482160581,5.16622069603294,0.574033267422063,1,"ALDEx2","Proteobacteria","Gammaproteobacteria","Enterobacterales","Shewanellaceae","Unclassified"
"ASV1477","Antibiotics + HT vs Control",0.209796174406223,1.40101869877511,5.7330799120254,0.538112316757193,1,"ALDEx2","Proteobacteria","Gammaproteobacteria","Pseudomonadales","Spongiibacteraceae","Sinobacterium"
"ASV329","Antibiotics + HT vs Control",0.204538727259794,1.38782056951355,6.95948123584166,0.553867148276595,1,"ALDEx2","Proteobacteria","Gammaproteobacteria","Enterobacterales","Colwelliaceae","Colwellia"
"ASV606","Antibiotics + HT vs Control",0.186564496253117,1.2358702023034,5.6196324566406,0.58262648150105,1,"ALDEx2","Proteobacteria","Gammaproteobacteria","Enterobacterales","Colwelliaceae","Colwellia"
"ASV1397","Antibiotics + HT vs Control",0.0865359292651166,0.551245326329989,4.81248965412129,0.688170710064878,1,"ALDEx2","Proteobacteria","Gammaproteobacteria","Enterobacterales","Psychromonadaceae","Psychromonas"
"ASV1060","Antibiotics + HT vs Control",-0.101300491848978,-0.71730413356912,5.74550355417033,0.69908096966194,1,"ALDEx2","Proteobacteria","Gammaproteobacteria","Enterobacterales","Psychromonadaceae","Psychromonas"
"ASV2093","Antibiotics + HT vs Control",0.12793855897898,0.945462186760208,5.34238911857665,0.673550874411266,1,"ALDEx2","Proteobacteria","Gammaproteobacteria","Enterobacterales","Moritellaceae","Moritella"
"ASV259","Antibiotics + HT vs Control",-0.0927539279482966,-0.503775701361274,6.64780455844781,0.705456771749667,1,"ALDEx2","Proteobacteria","Gammaproteobacteria","Pseudomonadales","Nitrincolaceae","Unclassified"
"ASV189","Antibiotics + HT vs Control",0.0728039091677503,0.611995845888364,7.0049833920609,0.799266440540874,1,"ALDEx2","Proteobacteria","Gammaproteobacteria","Pseudomonadales","Nitrincolaceae","Unclassified"
"ASV87","Antibiotics + HT vs Control",0.0583139791090212,0.430319291298574,7.83128215988824,0.828983437345895,1,"ALDEx2","Proteobacteria","Gammaproteobacteria","Pseudomonadales","Nitrincolaceae","Unclassified"
"ASV260","Antibiotics + HT vs Control",0.1737791789,1.07867378307571,5.75990442615162,0.598379782185294,1,"ALDEx2","Proteobacteria","Gammaproteobacteria","Pseudomonadales","Spongiibacteraceae","BD1-7 clade"
"ASV127","Antibiotics + HT vs Control",0.0406394143598152,0.289652315792137,6.97892081908027,0.848295278868903,1,"ALDEx2","Proteobacteria","Gammaproteobacteria","Pseudomonadales","Spongiibacteraceae","BD1-7 clade"
"ASV748","Antibiotics + HT vs Control",0.0319883089465913,0.17547992384609,5.1613472129732,0.769779959864666,1,"ALDEx2","Proteobacteria","Gammaproteobacteria","Enterobacterales","Shewanellaceae","Psychrobium"
"ASV341","Antibiotics + HT vs Control",-0.0763167997414694,-0.428094086557923,6.2192054079291,0.681259250863672,1,"ALDEx2","Proteobacteria","Gammaproteobacteria","Enterobacterales","Shewanellaceae","Unclassified"
"ASV1004","Antibiotics + HT vs Control",-0.0498873553267823,-0.258814006656811,5.68726938127769,0.7121847390926,1,"ALDEx2","Proteobacteria","Gammaproteobacteria","Enterobacterales","Shewanellaceae","Psychrobium"
"ASV270","Antibiotics + HT vs Control",0.181470448267278,1.58809173665571,7.7014373509209,0.518510905406223,1,"ALDEx2","Proteobacteria","Gammaproteobacteria","Enterobacterales","Colwelliaceae","Colwellia"
"ASV503","Antibiotics + HT vs Control",0.151753288109591,1.09317319765259,6.55731280186142,0.56184211928071,1,"ALDEx2","Proteobacteria","Gammaproteobacteria","Enterobacterales","Colwelliaceae","Colwellia"
"ASV243","Antibiotics + HT vs Control",0.241745519029022,2.0278334685012,8.54944577993622,0.337280935815145,1,"ALDEx2","Proteobacteria","Gammaproteobacteria","Pseudomonadales","Saccharospirillaceae","Oleispira"
"ASV184","Antibiotics + HT vs Control",0.134349315573285,0.990374356932317,7.74285074625099,0.789572984478583,1,"ALDEx2","Proteobacteria","Gammaproteobacteria","Enterobacterales","Pseudoalteromonadaceae","Psychrosphaera"
"ASV323","Antibiotics + HT vs Control",0.0149405044461975,0.0911224728630202,5.56008225693252,0.734618537994022,1,"ALDEx2","Proteobacteria","Alphaproteobacteria","Rhizobiales","Stappiaceae","Pannonibacter"
"ASV369","Antibiotics + HT vs Control",0.0304485767073162,0.182947444959503,6.22374058056751,0.787802294690202,1,"ALDEx2","Proteobacteria","Alphaproteobacteria","Rhizobiales","Stappiaceae","Labrenzia"
"ASV1643","Antibiotics + HT vs Control",0.10026993520583,0.528042876059447,4.61412131745848,0.674403905608536,1,"ALDEx2","Bacteroidota","Bacteroidia","Chitinophagales","Saprospiraceae","Unclassified"
"ASV846","Antibiotics + HT vs Control",0.00218916023496292,0.0143825174719172,5.20733911864868,0.800023879418679,1,"ALDEx2","Bacteroidota","Bacteroidia","Chitinophagales","Saprospiraceae","Aureispira"
"ASV169","Antibiotics + HT vs Control",-0.110292699054273,-0.769027327764269,6.83722597669621,0.513582869390832,1,"ALDEx2","Bacteroidota","Bacteroidia","Chitinophagales","Saprospiraceae","Aureispira"
"ASV266","Antibiotics + HT vs Control",-0.0444719034080823,-0.282669526331863,6.58042912661037,0.699272456007541,1,"ALDEx2","Bacteroidota","Bacteroidia","Chitinophagales","Saprospiraceae","Aureispira"
"ASV222","Antibiotics + HT vs Control",-0.0127547347955376,-0.0693995603482707,6.36669312627809,0.829964445459649,1,"ALDEx2","Bacteroidota","Bacteroidia","Chitinophagales","Saprospiraceae","Aureispira"
"ASV404","Antibiotics + HT vs Control",0.0408552287012981,0.267100411718494,5.95560997103001,0.738422785773109,1,"ALDEx2","Bacteroidota","Rhodothermia","Balneolales","Balneolaceae","Unclassified"
"ASV1796","Antibiotics + HT vs Control",0.0485935447730894,0.314631672616893,5.38267200932303,0.784249139294627,1,"ALDEx2","Bacteroidota","Rhodothermia","Balneolales","Balneolaceae","Balneola"
"ASV524","Antibiotics + HT vs Control",0.173749862975149,1.20837372375887,6.36143623855742,0.630460370375934,1,"ALDEx2","Bacteroidota","Bacteroidia","Cytophagales","Cyclobacteriaceae","Unclassified"
"ASV1022","Antibiotics + HT vs Control",0.146622341503603,0.829793175397625,5.44212181820987,0.612707990538245,1,"ALDEx2","Bacteroidota","Bacteroidia","Flavobacteriales","Flavobacteriaceae","Lutaonella"
"ASV919","Antibiotics + HT vs Control",0.0247191626754792,0.0949617980928705,5.74380698045837,0.658092677094622,1,"ALDEx2","Bacteroidota","Bacteroidia","Flavobacteriales","Flavobacteriaceae","Dokdonia"
"ASV1150","Antibiotics + HT vs Control",0.119537146386756,0.688975338373359,4.79690925417356,0.721463135079054,1,"ALDEx2","Bacteroidota","Bacteroidia","Flavobacteriales","Flavobacteriaceae","Eudoraea"
"ASV1596","Antibiotics + HT vs Control",-0.201712424169914,-0.99597058909755,5.40642050943462,0.521169272346085,1,"ALDEx2","Bacteroidota","Bacteroidia","Flavobacteriales","Flavobacteriaceae","Eudoraea"
"ASV794","Antibiotics + HT vs Control",0.158420236071141,1.06435944888544,4.68231620376477,0.545224498751682,1,"ALDEx2","Bacteroidota","Bacteroidia","Bacteroidales","Prolixibacteraceae","Roseimarinus"
"ASV726","Antibiotics + HT vs Control",-0.0405447021461559,-0.297398827545557,5.44044776687912,0.701279186221557,1,"ALDEx2","Bacteroidota","Bacteroidia","Flavobacteriales","NS7 marine group","Unclassified"
"ASV1089","Antibiotics + HT vs Control",-0.10590332338928,-0.741625918499384,6.66075966437709,0.555003683073851,1,"ALDEx2","Bacteroidota","Bacteroidia","Flavobacteriales","Flavobacteriaceae","Winogradskyella"
"ASV588","Antibiotics + HT vs Control",-0.0507338889351863,-0.318323355673661,6.31533348204098,0.696146862168904,1,"ALDEx2","Bacteroidota","Bacteroidia","Flavobacteriales","Flavobacteriaceae","Seonamhaeicola"
"ASV148","Antibiotics + HT vs Control",-0.255760043293076,-2.08474314969138,7.457170530794,0.445324622878677,1,"ALDEx2","Bacteroidota","Bacteroidia","Flavobacteriales","Flavobacteriaceae","Muricauda"
"ASV1353","Antibiotics + HT vs Control",0.0501946096378422,0.255878451473013,4.95975954762985,0.756417347660408,1,"ALDEx2","Bacteroidota","Bacteroidia","Flavobacteriales","Schleiferiaceae","Schleiferia"
"ASV39","Antibiotics + HT vs Control",-0.194720005839552,-0.893158455173424,4.72850493838152,0.126688506195899,1,"ALDEx2","Bacteroidota","Bacteroidia","Flavobacteriales","Cryomorphaceae","Owenweeksia"
"ASV1550","Antibiotics + HT vs Control",0.131624747567085,0.736709795394399,4.52046174425233,0.698234927127244,1,"ALDEx2","Bacteroidota","Bacteroidia","Flavobacteriales","Flavobacteriaceae","Unclassified"
"ASV283","Antibiotics + HT vs Control",-0.0254388834236737,-0.14472679288104,6.27748672902782,0.852387976394988,1,"ALDEx2","Bacteroidota","Bacteroidia","Flavobacteriales","NS9 marine group","Unclassified"
"ASV332","Antibiotics + HT vs Control",0.0644293738547344,0.262617365017638,4.88813183031552,0.778238082504405,1,"ALDEx2","Bacteroidota","Bacteroidia","Flavobacteriales","NS9 marine group","Unclassified"
"ASV1075","Antibiotics + HT vs Control",0.12423040293486,0.684198101119637,4.87714602007732,0.683846885787916,1,"ALDEx2","Bacteroidota","Bacteroidia","Flavobacteriales","Cryomorphaceae","Vicingus"
"ASV962","Antibiotics + HT vs Control",0.171472650928045,0.899282898809918,4.63900926461104,0.665858676161338,1,"ALDEx2","Bacteroidota","Bacteroidia","Flavobacteriales","Cryomorphaceae","Vicingus"
"ASV138","Antibiotics + HT vs Control",-0.0574845377176805,-0.424868203303687,6.71945127297373,0.806588502560056,1,"ALDEx2","Bacteroidota","Bacteroidia","Flavobacteriales","Flavobacteriaceae","Unclassified"
"ASV2165","Antibiotics + HT vs Control",0.0316038907245224,0.168909287648055,6.04988254772614,0.808210707155193,1,"ALDEx2","Bacteroidota","Bacteroidia","Flavobacteriales","Cryomorphaceae","Luteibaculum"
"ASV379","Antibiotics + HT vs Control",0.0229339288389507,0.14228384400288,6.14788176819623,0.734242919632993,1,"ALDEx2","Bacteroidota","Bacteroidia","Flavobacteriales","Flavobacteriaceae","Unclassified"
"ASV1319","Antibiotics + HT vs Control",0.221590142271696,1.27318924589906,5.28098445772249,0.566825212485488,1,"ALDEx2","Bacteroidota","Bacteroidia","Flavobacteriales","Flavobacteriaceae","NS5 marine group"
"ASV2058","Antibiotics + HT vs Control",0.197964375954911,1.03708039665917,4.77848134080336,0.557113339760201,1,"ALDEx2","Bacteroidota","Bacteroidia","Flavobacteriales","Flavobacteriaceae","NS5 marine group"
"ASV462","Antibiotics + HT vs Control",-0.0272490544578885,-0.114075161884604,5.6084398833064,0.780213501486077,1,"ALDEx2","Bacteroidota","Bacteroidia","Flavobacteriales","Flavobacteriaceae","NS4 marine group"
"ASV139","Antibiotics + HT vs Control",-0.0105381302911336,-0.0707496679104498,6.14142336343298,0.76747178820452,1,"ALDEx2","Bacteroidota","Bacteroidia","Flavobacteriales","Flavobacteriaceae","NS4 marine group"
"ASV417","Antibiotics + HT vs Control",0.120248078367304,0.805946824637403,5.97048001185472,0.645013427449111,1,"ALDEx2","Bacteroidota","Bacteroidia","Flavobacteriales","Flavobacteriaceae","NS4 marine group"
"ASV210","Antibiotics + HT vs Control",0.0081868545041956,0.0541737847709669,7.2162094001797,0.86150788422194,1,"ALDEx2","Bacteroidota","Bacteroidia","Flavobacteriales","Flavobacteriaceae","NS4 marine group"
"ASV758","Antibiotics + HT vs Control",0.264053501649687,1.83155655709681,5.93817984589902,0.440300183342574,1,"ALDEx2","Bacteroidota","Bacteroidia","Flavobacteriales","Flavobacteriaceae","NS4 marine group"
"ASV306","Antibiotics + HT vs Control",0.111242558877193,0.694385288192124,6.1142345368453,0.700414655099988,1,"ALDEx2","Bacteroidota","Bacteroidia","Flavobacteriales","Flavobacteriaceae","Ulvibacter"
"ASV929","Antibiotics + HT vs Control",0.0229001698912193,0.143699424871839,5.55865764077542,0.771729372368463,1,"ALDEx2","Bacteroidota","Bacteroidia","Flavobacteriales","Flavobacteriaceae","Ulvibacter"
"ASV166","Antibiotics + HT vs Control",0.112138319029292,1.02295041566893,8.75736821619076,0.779185408056442,1,"ALDEx2","Bacteroidota","Bacteroidia","Flavobacteriales","Flavobacteriaceae","Olleya"
"ASV47","Antibiotics + HT vs Control",0.222416135206773,2.001476028976,9.29651766191222,0.361668881410963,1,"ALDEx2","Bacteroidota","Bacteroidia","Flavobacteriales","Flavobacteriaceae","Unclassified"
"ASV89","Antibiotics + HT vs Control",0.134959814643228,1.11071120966244,8.34813048849893,0.700414140160873,1,"ALDEx2","Bacteroidota","Bacteroidia","Flavobacteriales","Flavobacteriaceae","Unclassified"
"ASV273","Antibiotics + HT vs Control",-0.111576220671562,-0.830550667550225,6.67225333904744,0.661798899225574,1,"ALDEx2","Bacteroidota","Bacteroidia","Flavobacteriales","Flavobacteriaceae","Unclassified"
"ASV889","Antibiotics + HT vs Control",0.00097045798085715,0.00732665219378159,5.76666683108661,0.644570672769901,1,"ALDEx2","Bacteroidota","Bacteroidia","Flavobacteriales","Flavobacteriaceae","Siansivirga"
"ASV685","Antibiotics + HT vs Control",0.154526329925134,0.875174666840009,5.27702587667974,0.63580158372028,1,"ALDEx2","Bacteroidota","Bacteroidia","Flavobacteriales","Flavobacteriaceae","Unclassified"
"ASV41","Antibiotics + HT vs Control",-0.221289129832504,-0.647360237406009,2.17751930395926,0.107697476696371,1,"ALDEx2","Bacteroidota","Bacteroidia","Flavobacteriales","Flavobacteriaceae","NS5 marine group"
"ASV393","Antibiotics + HT vs Control",0.107259811111658,0.706128897808256,5.91878331791639,0.809908354658227,1,"ALDEx2","Bacteroidota","Bacteroidia","Flavobacteriales","Flavobacteriaceae","Lutimonas"
"ASV587","Antibiotics + HT vs Control",-0.21032512670705,-1.2635112284684,6.33239509853475,0.415767736541465,1,"ALDEx2","Bacteroidota","Bacteroidia","Flavobacteriales","Flavobacteriaceae","Aquibacter"
"ASV302","Antibiotics + HT vs Control",-0.0396939680071643,-0.317075064797593,7.27043327491272,0.748286213659639,1,"ALDEx2","Bacteroidota","Bacteroidia","Flavobacteriales","Flavobacteriaceae","Unclassified"
"ASV92","Antibiotics + HT vs Control",0.140519214868023,0.905347092939805,3.6936547806504,0.804775207778931,1,"ALDEx2","Bacteroidota","Bacteroidia","Flavobacteriales","Flavobacteriaceae","Polaribacter"
"ASV1006","Antibiotics + HT vs Control",0.0543718398876955,0.418398227533053,6.36915619974331,0.778337494503919,1,"ALDEx2","Bacteroidota","Bacteroidia","Flavobacteriales","Flavobacteriaceae","Aquimarina"
"ASV188","Antibiotics + HT vs Control",-0.268607210933224,-1.87566397221182,7.42168597517318,0.504983549005397,1,"ALDEx2","Bacteroidota","Bacteroidia","Flavobacteriales","Flavobacteriaceae","Unclassified"
"ASV432","Antibiotics + HT vs Control",0.0835808942784244,0.600164581329764,6.76777363336346,0.814565261686314,1,"ALDEx2","Bacteroidota","Bacteroidia","Flavobacteriales","Flavobacteriaceae","Unclassified"
"ASV631","Antibiotics + HT vs Control",0.17911449140643,1.04879832746199,5.33720576403379,0.57799123794406,1,"ALDEx2","Bacteroidota","Bacteroidia","Flavobacteriales","Flavobacteriaceae","Psychroserpens"
"ASV124","Antibiotics + HT vs Control",0.298454476964295,2.37008723358831,7.08090191720318,0.34111341812818,1,"ALDEx2","Bacteroidota","Bacteroidia","Flavobacteriales","Flavobacteriaceae","Gramella"
"ASV85","Antibiotics + HT vs Control",0.0823560543418869,0.487581213064552,4.75712689572525,0.812218200048649,1,"ALDEx2","Bacteroidota","Bacteroidia","Flavobacteriales","Flavobacteriaceae","Unclassified"
"ASV52","Antibiotics + HT vs Control",-0.122401186446633,-0.54473116236494,2.91022469398029,0.581686688919208,1,"ALDEx2","Bacteroidota","Bacteroidia","Flavobacteriales","Flavobacteriaceae","Aurantivirga"
"ASV197","Antibiotics + HT vs Control",0.195072250734524,1.39104616464761,6.59206477022917,0.489467599570789,1,"ALDEx2","Bacteroidota","Bacteroidia","Flavobacteriales","Flavobacteriaceae","Polaribacter"
"ASV493","Antibiotics + HT vs Control",0.187807118391333,1.16700905773989,5.48746825414023,0.492080984491217,1,"ALDEx2","Bacteroidota","Bacteroidia","Flavobacteriales","Flavobacteriaceae","Polaribacter"
"ASV959","Antibiotics + HT vs Control",0.0985919202318343,0.567086596909853,4.67817263204301,0.7191952878496,1,"ALDEx2","Bacteroidota","Bacteroidia","Flavobacteriales","Flavobacteriaceae","Tenacibaculum"
"ASV376","Antibiotics + HT vs Control",-0.00289775029496629,-0.0194867764431628,6.56130514941461,0.830494250045138,1,"ALDEx2","Bacteroidota","Bacteroidia","Flavobacteriales","Flavobacteriaceae","Tenacibaculum"
"ASV450","Antibiotics + HT vs Control",0.0658194670858616,0.355383017261033,5.79125259172649,0.783687018333857,1,"ALDEx2","Bacteroidota","Bacteroidia","Flavobacteriales","Flavobacteriaceae","NS5 marine group"
"ASV678","Antibiotics + HT vs Control",0.141770762507513,0.915239853557053,5.18977061692824,0.628598266014523,1,"ALDEx2","Bacteroidota","Bacteroidia","Flavobacteriales","Flavobacteriaceae","Formosa"
"ASV205","Antibiotics + HT vs Control",-0.137387835906346,-0.817563198543724,6.27044054514896,0.595137351167199,1,"ALDEx2","Bacteroidota","Bacteroidia","Flavobacteriales","Flavobacteriaceae","NS5 marine group"
"ASV438","Antibiotics + HT vs Control",-0.229176248596642,-1.55243007387711,6.40638354942385,0.60763442176146,1,"ALDEx2","Bacteroidota","Bacteroidia","Flavobacteriales","Flavobacteriaceae","Pseudofulvibacter"
"ASV94","Antibiotics + HT vs Control",-0.125062278651262,-0.444206270353523,1.93904593104708,0.672172789572352,1,"ALDEx2","Bacteroidota","Bacteroidia","Flavobacteriales","Cryomorphaceae","Unclassified"
"ASV2310","Antibiotics + HT vs Control",0.11725697418435,0.70717305816024,4.92899112811476,0.63963671696437,1,"ALDEx2","Bacteroidota","Bacteroidia","Flavobacteriales","Cryomorphaceae","Unclassified"
"ASV1998","Antibiotics + HT vs Control",0.200430719499191,1.00838329124141,4.63676957770062,0.545666736745074,1,"ALDEx2","Bacteroidota","Bacteroidia","Flavobacteriales","Cryomorphaceae","Unclassified"
"ASV549","Antibiotics + HT vs Control",0.0228158550874874,0.135628864779901,5.37401991897633,0.762147390899543,1,"ALDEx2","Bacteroidota","Bacteroidia","Flavobacteriales","Cryomorphaceae","Unclassified"
"ASV77","Antibiotics + HT vs Control",0.037721006486045,0.330953262633123,8.09923790271277,0.653186836939673,1,"ALDEx2","Bacteroidota","Bacteroidia","Flavobacteriales","Flavobacteriaceae","Kordia"
"ASV27","Antibiotics + HT vs Control",-0.026657310717455,-0.233532981037897,6.97383937031276,0.416495351763738,1,"ALDEx2","Bacteroidota","Bacteroidia","Flavobacteriales","Crocinitomicaceae","Salinirepens"
"ASV50","Antibiotics + HT vs Control",-0.0333516485043249,-0.279701821740966,7.93628476016985,0.685729852518322,1,"ALDEx2","Bacteroidota","Bacteroidia","Flavobacteriales","Crocinitomicaceae","Salinirepens"
"ASV426","Antibiotics + HT vs Control",0.0251663161398963,0.219320120932487,5.90628690373599,0.697466084860576,1,"ALDEx2","Bacteroidota","Bacteroidia","Flavobacteriales","Crocinitomicaceae","Salinirepens"
"ASV343","Antibiotics + HT vs Control",0.0736301937090671,0.54858946175299,6.25912088616646,0.774029102381286,1,"ALDEx2","Bacteroidota","Bacteroidia","Flavobacteriales","Crocinitomicaceae","Fluviicola"
"ASV1109","Antibiotics + HT vs Control",0.00597221591254614,0.0359281246500869,5.5420459011353,0.745979326662873,1,"ALDEx2","Bacteroidota","Bacteroidia","Flavobacteriales","Crocinitomicaceae","Crocinitomix"
"ASV1177","Antibiotics + HT vs Control",0.148363817797461,0.83575598668783,4.97164906577679,0.684457213630705,1,"ALDEx2","Bacteroidota","Bacteroidia","Flavobacteriales","Crocinitomicaceae","Unclassified"
"ASV608","Antibiotics + HT vs Control",0.115147793535814,0.526639143587054,5.34087486013726,0.633037842259176,1,"ALDEx2","Bacteroidota","Bacteroidia","Flavobacteriales","Cryomorphaceae","Unclassified"
"ASV743","Antibiotics + HT vs Control",0.1066583428697,0.678349663339465,5.424164638515,0.686674068956238,1,"ALDEx2","Bacteroidota","Bacteroidia","Flavobacteriales","Flavobacteriaceae","Actibacter"
"ASV688","Antibiotics + HT vs Control",-0.17025651847251,-1.23487833429675,6.09607268765211,0.490728133863229,1,"ALDEx2","Bacteroidota","Bacteroidia","Flavobacteriales","Cryomorphaceae","Unclassified"
"ASV253","Antibiotics + HT vs Control",0.215294815013271,1.27088496632851,6.44916321436231,0.546919698368336,1,"ALDEx2","Bacteroidota","Bacteroidia","Flavobacteriales","NS7 marine group","Unclassified"
"ASV591","Antibiotics + HT vs Control",0.183541562227874,1.09878344272799,5.20446210995951,0.615422855754133,1,"ALDEx2","Bacteroidota","Bacteroidia","Flavobacteriales","NS7 marine group","Unclassified"
"ASV1410","Antibiotics + HT vs Control",0.0295577340356154,0.189124830933653,5.57786402746959,0.785104630474201,1,"ALDEx2","Bacteroidota","Bacteroidia","Flavobacteriales","Cryomorphaceae","Vicingus"
"ASV938","Antibiotics + HT vs Control",0.145623742446681,0.767135010149914,5.01128231194633,0.672742328791928,1,"ALDEx2","Bacteroidota","Bacteroidia","Flavobacteriales","NS9 marine group","Unclassified"
"ASV1313","Antibiotics + HT vs Control",0.215975580321295,1.24790278631304,5.19026771311163,0.57478332564748,1,"ALDEx2","Bacteroidota","Bacteroidia","Flavobacteriales","NS9 marine group","Unclassified"
"ASV987","Antibiotics + HT vs Control",0.165670591970452,1.0180841356765,5.48091415504963,0.617188823022766,1,"ALDEx2","Bacteroidota","Bacteroidia","Flavobacteriales","Cryomorphaceae","Unclassified"
"ASV991","Antibiotics + HT vs Control",0.140844770919119,0.773518616085302,5.06144227682307,0.631514757992154,1,"ALDEx2","Bacteroidota","Bacteroidia","Flavobacteriales","Flavobacteriaceae","NS2b marine group"
"ASV57","Antibiotics + HT vs Control",0.329275870823401,3.00394422786783,9.62450270109168,0.410679656518195,1,"ALDEx2","Bacteroidota","Bacteroidia","Flavobacteriales","Flavobacteriaceae","Unclassified"
"ASV32","Antibiotics + HT vs Control",0.346245207414171,3.04580703418253,9.86298686577276,0.355943402087938,1,"ALDEx2","Bacteroidota","Bacteroidia","Flavobacteriales","Flavobacteriaceae","Flavobacterium"
"ASV1853","Antibiotics + HT vs Control",0.236235111633988,1.4056227428616,5.38089737030196,0.534188412883774,1,"ALDEx2","Bacteroidota","Bacteroidia","Flavobacteriales","Flavobacteriaceae","Unclassified"
"ASV1026","Antibiotics + HT vs Control",0.0412955125604665,0.293202032588367,6.33293280104224,0.780457798598747,1,"ALDEx2","Bacteroidota","Bacteroidia","Flavobacteriales","Flavobacteriaceae","Unclassified"
"ASV504","Antibiotics + HT vs Control",0.0336059686494391,0.304897733166338,7.31706795921186,0.718908632846842,1,"ALDEx2","Bacteroidota","Bacteroidia","Flavobacteriales","Flavobacteriaceae","Unclassified"
"ASV607","Antibiotics + HT vs Control",0.126717350770613,0.995865446296515,6.99292752681609,0.76661512918117,1,"ALDEx2","Bacteroidota","Bacteroidia","Flavobacteriales","Flavobacteriaceae","Flavobacterium"
"ASV544","Antibiotics + HT vs Control",0.154571301384686,1.06303763013722,5.90464905928911,0.555990107135391,1,"ALDEx2","Bacteroidota","Bacteroidia","Flavobacteriales","Flavobacteriaceae","Unclassified"
"ASV286","Antibiotics + HT vs Control",0.0902951797886188,0.623343056339737,6.13847417263399,0.701384533005973,1,"ALDEx2","Bacteroidota","Bacteroidia","Flavobacteriales","Flavobacteriaceae","Unclassified"
"ASV291","Antibiotics + HT vs Control",-0.0794995032985963,-0.571825917131385,7.20133522005476,0.637659675741411,1,"ALDEx2","Bacteroidota","Bacteroidia","Flavobacteriales","Flavobacteriaceae","Unclassified"
"ASV1457","Antibiotics + HT vs Control",0.0460394965743336,0.222321408656817,5.99215130397311,0.792307926908015,1,"ALDEx2","Bacteroidota","Bacteroidia","Flavobacteriales","Flavobacteriaceae","Meridianimaribacter"
"ASV674","Antibiotics + HT vs Control",0.0347469010286536,0.225874643945362,5.79983564486768,0.789336614923216,1,"ALDEx2","Bacteroidota","Bacteroidia","Flavobacteriales","Flavobacteriaceae","Unclassified"
"ASV923","Antibiotics + HT vs Control",0.191119720353254,1.24772177479735,5.83339639645415,0.63510068033184,1,"ALDEx2","Bacteroidota","Bacteroidia","Flavobacteriales","Flavobacteriaceae","Unclassified"
"ASV242","Antibiotics + HT vs Control",-0.0497878358698843,-0.219413130469446,7.19320262869227,0.707987447904163,1,"ALDEx2","Bacteroidota","Bacteroidia","Flavobacteriales","Flavobacteriaceae","Confluentibacter"
"ASV833","Antibiotics + HT vs Control",-0.0301298857657322,-0.148565511770309,5.93351772451573,0.615011114475638,1,"ALDEx2","Bacteroidota","Bacteroidia","Flavobacteriales","Flavobacteriaceae","Confluentibacter"
"ASV1115","Antibiotics + HT vs Control",-0.0433363295948259,-0.328075502313173,5.2030806399175,0.709753919397116,1,"ALDEx2","Bacteroidota","Bacteroidia","Chitinophagales","Saprospiraceae","Unclassified"
"ASV1812","Antibiotics + HT vs Control",0.123565636836075,0.750819920451167,5.21978968868577,0.622402271603146,1,"ALDEx2","Bacteroidota","Bacteroidia","Chitinophagales","Saprospiraceae","Portibacter"
"ASV1003","Antibiotics + HT vs Control",0.0925277100516352,0.498869567341611,4.85823618339256,0.740216862128654,1,"ALDEx2","Bacteroidota","Bacteroidia","Chitinophagales","Saprospiraceae","Unclassified"
"ASV747","Antibiotics + HT vs Control",0.0633042671399413,0.433659595267866,6.56306968309761,0.803048510615748,1,"ALDEx2","Bacteroidota","Bacteroidia","Chitinophagales","Saprospiraceae","Lewinella"
"ASV834","Antibiotics + HT vs Control",0.238759221910455,1.29097454681644,5.59168592655479,0.530657636159092,1,"ALDEx2","Bacteroidota","Bacteroidia","Chitinophagales","Saprospiraceae","Lewinella"
"ASV1409","Antibiotics + HT vs Control",-0.0814050803384365,-0.42280055227567,5.34327619553864,0.660138794463205,1,"ALDEx2","Bacteroidota","Bacteroidia","Chitinophagales","Saprospiraceae","Lewinella"
"ASV1279","Antibiotics + HT vs Control",0.18623867284671,1.20988034740887,5.43111194935334,0.666021538137573,1,"ALDEx2","Bacteroidota","Bacteroidia","Chitinophagales","Saprospiraceae","Rubidimonas"
"ASV1383","Antibiotics + HT vs Control",-0.00496873797052619,-0.0242000429015237,4.94606511334038,0.719597643925477,1,"ALDEx2","Bacteroidota","Bacteroidia","Chitinophagales","Saprospiraceae","Unclassified"
"ASV604","Antibiotics + HT vs Control",0.0605184180399413,0.307117892476023,5.6202699240001,0.78825000149225,1,"ALDEx2","Bacteroidota","Bacteroidia","Chitinophagales","Saprospiraceae","Unclassified"
"ASV410","Antibiotics + HT vs Control",-0.0845818674827795,-0.660415687161025,5.9792821389747,0.737942533343343,1,"ALDEx2","Bacteroidota","Bacteroidia","Chitinophagales","Saprospiraceae","Unclassified"
"ASV465","Antibiotics + HT vs Control",-0.0865179396514598,-0.679371972579737,6.84706609668906,0.654926817862061,1,"ALDEx2","Bacteroidota","Bacteroidia","Chitinophagales","Saprospiraceae","Unclassified"
"ASV505","Antibiotics + HT vs Control",-0.0312850939234908,-0.20440097069642,5.47524333549006,0.731130190753832,1,"ALDEx2","Bacteroidota","Bacteroidia","Chitinophagales","37-13","Unclassified"
"ASV760","Antibiotics + HT vs Control",-0.15996112844787,-0.982629753750279,5.76533099104205,0.533088274744837,1,"ALDEx2","Bacteroidota","Bacteroidia","Chitinophagales","Saprospiraceae","Unclassified"
"ASV1607","Antibiotics + HT vs Control",0.155160665896691,0.940319177557657,5.06003923166472,0.596686571931018,1,"ALDEx2","Bacteroidota","Bacteroidia","Chitinophagales","Saprospiraceae","Unclassified"
"ASV713","Antibiotics + HT vs Control",0.166125172992816,0.951825600718084,5.67947259896436,0.601059070536737,1,"ALDEx2","Bacteroidota","Bacteroidia","Chitinophagales","Saprospiraceae","Unclassified"
"ASV562","Antibiotics + HT vs Control",0.0624489609113752,0.38033284918847,6.12901890266094,0.762659268830335,1,"ALDEx2","Bacteroidota","Bacteroidia","Chitinophagales","Saprospiraceae","Unclassified"
"ASV822","Antibiotics + HT vs Control",0.0836203095559805,0.484552792509115,5.36130784706119,0.673701085485443,1,"ALDEx2","Bacteroidota","Bacteroidia","Chitinophagales","Saprospiraceae","Unclassified"
"ASV560","Antibiotics + HT vs Control",0.0847439018945104,0.499981094833384,5.7673003263047,0.751959813748844,1,"ALDEx2","Bacteroidota","Bacteroidia","Chitinophagales","Saprospiraceae","Portibacter"
"ASV1057","Antibiotics + HT vs Control",0.0100290546326573,0.0655857538372144,5.46097581427237,0.805789523057086,1,"ALDEx2","Bacteroidota","Bacteroidia","Chitinophagales","Saprospiraceae","Lewinella"
"ASV1461","Antibiotics + HT vs Control",0.0668940626445363,0.410639976970357,5.40603507045894,0.785557077549261,1,"ALDEx2","Bacteroidota","Bacteroidia","Chitinophagales","Saprospiraceae","Lewinella"
"ASV478","Antibiotics + HT vs Control",-0.147812338757284,-0.950383798134266,5.98819623982352,0.634490403006465,1,"ALDEx2","Bacteroidota","Bacteroidia","Chitinophagales","Saprospiraceae","Unclassified"
"ASV336","Antibiotics + HT vs Control",-0.266924537161542,-1.70295529234455,6.25980441200014,0.465774642942946,1,"ALDEx2","Bacteroidota","Bacteroidia","Chitinophagales","Saprospiraceae","Unclassified"
"ASV541","Antibiotics + HT vs Control",-0.0126559039279767,-0.0947062801279559,5.15184010878074,0.779759327553167,1,"ALDEx2","Bacteroidota","Bacteroidia","Chitinophagales","Saprospiraceae","Unclassified"
"ASV594","Antibiotics + HT vs Control",0.166959983936102,0.953337276715684,5.54735271769223,0.590926678339086,1,"ALDEx2","Bacteroidota","Bacteroidia","Chitinophagales","Saprospiraceae","Unclassified"
"ASV1051","Antibiotics + HT vs Control",0.111190944968781,0.760628264009149,6.01656393633562,0.723456441282754,1,"ALDEx2","Bacteroidota","Bacteroidia","Chitinophagales","Saprospiraceae","Unclassified"
"ASV526","Antibiotics + HT vs Control",-0.212452070677307,-1.40232120855238,6.307927194289,0.513948772096054,1,"ALDEx2","Bacteroidota","Bacteroidia","Chitinophagales","Saprospiraceae","Unclassified"
"ASV455","Antibiotics + HT vs Control",0.189140373098897,1.24753909908912,5.71935926456847,0.563154089673032,1,"ALDEx2","Bacteroidota","Bacteroidia","Chitinophagales","Saprospiraceae","Unclassified"
"ASV668","Antibiotics + HT vs Control",0.149183462243244,0.815039577639075,4.75047734226446,0.723986548785951,1,"ALDEx2","Bacteroidota","Bacteroidia","Chitinophagales","Saprospiraceae","Lewinella"
"ASV193","Antibiotics + HT vs Control",-0.0866164494055679,-0.530163882102975,6.38223874685241,0.603730366267429,1,"ALDEx2","Bacteroidota","Bacteroidia","Chitinophagales","Saprospiraceae","Lewinella"
"ASV347","Antibiotics + HT vs Control",0.152736035271976,0.832021726735134,5.75873917637356,0.676407921360237,1,"ALDEx2","Bacteroidota","Bacteroidia","Chitinophagales","Saprospiraceae","Lewinella"
"ASV915","Antibiotics + HT vs Control",-0.0418683491151105,-0.301276357669084,5.91540199802736,0.744728947227558,1,"ALDEx2","Bacteroidota","Bacteroidia","Chitinophagales","Saprospiraceae","Lewinella"
"ASV1027","Antibiotics + HT vs Control",-0.0567742281265838,-0.412084478323609,5.03216621746879,0.719876678303341,1,"ALDEx2","Bacteroidota","Bacteroidia","Chitinophagales","Saprospiraceae","Unclassified"
"ASV847","Antibiotics + HT vs Control",-0.0466840312201739,-0.303089173083547,5.51267977505377,0.724317756197159,1,"ALDEx2","Bacteroidota","Bacteroidia","Chitinophagales","Saprospiraceae","Unclassified"
"ASV387","Antibiotics + HT vs Control",0.0487631347994174,0.269247321113411,5.58978874507989,0.754797119094613,1,"ALDEx2","Bacteroidota","Bacteroidia","Chitinophagales","Saprospiraceae","Rubidimonas"
"ASV264","Antibiotics + HT vs Control",-0.0407341740524952,-0.33235272166165,7.70417697984074,0.726095143176556,1,"ALDEx2","Bacteroidota","Bacteroidia","Chitinophagales","Saprospiraceae","Unclassified"
"ASV487","Antibiotics + HT vs Control",-0.0146390520418367,-0.110224792913062,5.98097690840915,0.793654598387164,1,"ALDEx2","Bacteroidota","Bacteroidia","Chitinophagales","Saprospiraceae","Unclassified"
"ASV1523","Antibiotics + HT vs Control",0.100277754065073,0.433870308828181,4.7824091895257,0.724208423042441,1,"ALDEx2","Bacteroidota","Bacteroidia","Chitinophagales","Saprospiraceae","Lewinella"
"ASV1973","Antibiotics + HT vs Control",0.248360113486027,1.42922660948586,4.78535407714547,0.4779878505208,1,"ALDEx2","Bacteroidota","Bacteroidia","Chitinophagales","Saprospiraceae","Lewinella"
"ASV114","Antibiotics + HT vs Control",0.0712668848403032,0.484089126935366,6.58723740099702,0.734393109812555,1,"ALDEx2","Bacteroidota","Bacteroidia","Chitinophagales","Saprospiraceae","Unclassified"
"ASV406","Antibiotics + HT vs Control",0.239750818439047,1.35500696832815,5.26687500768842,0.478866914984067,1,"ALDEx2","Bacteroidota","Bacteroidia","Cytophagales","Cyclobacteriaceae","Fabibacter"
"ASV1421","Antibiotics + HT vs Control",0.214610753713425,1.10579892956984,4.58411739383277,0.525320105381742,1,"ALDEx2","Bacteroidota","Bacteroidia","Cytophagales","Cyclobacteriaceae","Unclassified"
"ASV466","Antibiotics + HT vs Control",-0.38820998263211,-2.52062234219568,6.30574269119282,0.411202200553029,1,"ALDEx2","Bacteroidota","Bacteroidia","Cytophagales","Cyclobacteriaceae","Unclassified"
"ASV149","Antibiotics + HT vs Control",0.0380823568051188,0.276569891169691,6.85910622127368,0.772284803255046,1,"ALDEx2","Bacteroidota","Bacteroidia","Cytophagales","Cyclobacteriaceae","Marinoscillum"
"ASV389","Antibiotics + HT vs Control",0.30198878554054,1.8192124304156,6.13888690335076,0.372147633567218,1,"ALDEx2","Bacteroidota","Bacteroidia","Cytophagales","Cyclobacteriaceae","Marinoscillum"
"ASV436","Antibiotics + HT vs Control",0.154582192755327,1.02198156874608,5.87983042566707,0.587748018244509,1,"ALDEx2","Proteobacteria","Gammaproteobacteria","Burkholderiales","Comamonadaceae","Unclassified"
"ASV448","Antibiotics + HT vs Control",0.246885837330837,1.54519081188001,5.35777595186933,0.498472648755964,1,"ALDEx2","Proteobacteria","Gammaproteobacteria","Burkholderiales","Comamonadaceae","RS62 marine group"
"ASV467","Antibiotics + HT vs Control",-0.190488660714221,-1.13392240133658,6.11965615016349,0.541511558338203,1,"ALDEx2","Proteobacteria","Gammaproteobacteria","Burkholderiales","Nitrosomonadaceae","IS-44"
"ASV476","Antibiotics + HT vs Control",0.120749780732161,0.763420762671049,5.27316700639652,0.643636432435539,1,"ALDEx2","Fusobacteriota","Fusobacteriia","Fusobacteriales","Fusobacteriaceae","Psychrilyobacter"
"ASV418","Antibiotics + HT vs Control",-0.0913018642291749,-0.600833196292118,5.67575557009891,0.677265348921908,1,"ALDEx2","Fibrobacterota","Fibrobacteria","Fibrobacterales","Fibrobacteraceae","Unclassified"
"ASV681","Antibiotics + HT vs Control",0.203805432168851,1.29656192510512,5.31864553698184,0.600426392433868,1,"ALDEx2","Fibrobacterota","Fibrobacteria","Fibrobacterales","Fibrobacteraceae","Unclassified"
"ASV1440","Antibiotics + HT vs Control",0.102633002462478,0.631972897618732,5.47723411102971,0.704937414924064,1,"ALDEx2","Calditrichota","Calditrichia","Calditrichales","Calditrichaceae","Calorithrix"
"ASV365","Antibiotics + HT vs Control",0.00858810245025135,0.0801136212476248,6.14544624442966,0.763409770196394,1,"ALDEx2","Actinobacteriota","Acidimicrobiia","Microtrichales","Ilumatobacteraceae","Ilumatobacter"
"ASV865","Antibiotics + HT vs Control",0.200752681306376,1.19483628399923,5.56380907835594,0.517773977118075,1,"ALDEx2","Actinobacteriota","Acidimicrobiia","Microtrichales","Ilumatobacteraceae","Ilumatobacter"
"ASV1842","Antibiotics + HT vs Control",0.0141529395845088,0.0970642437359386,5.25091999581937,0.700747748841183,1,"ALDEx2","Actinobacteriota","Acidimicrobiia","Microtrichales","Microtrichaceae","Unclassified"
"ASV807","Antibiotics + HT vs Control",0.046565996542968,0.351705974257543,6.25498554414987,0.7714214023003,1,"ALDEx2","Actinobacteriota","Acidimicrobiia","Microtrichales","Microtrichaceae","Unclassified"
"ASV394","Antibiotics + HT vs Control",0.0293648503102062,0.142377828326131,5.73128405606834,0.739917123336581,1,"ALDEx2","Actinobacteriota","Acidimicrobiia","Microtrichales","Microtrichaceae","Unclassified"
"ASV171","Antibiotics + HT vs Control",-0.0141501850455973,-0.0874679185627434,6.08507108681796,0.384783597148272,1,"ALDEx2","Actinobacteriota","Acidimicrobiia","Microtrichales","Microtrichaceae","Unclassified"
"ASV157","Antibiotics + HT vs Control",0.0679335443365734,0.580647573866186,7.36204535615728,0.763759799829546,1,"ALDEx2","Actinobacteriota","Actinobacteria","Micrococcales","Microbacteriaceae","ML602J-51"
"ASV421","Antibiotics + HT vs Control",-0.160790987468065,-1.0603051678553,6.08944915109506,0.491795708070296,1,"ALDEx2","Actinobacteriota","Actinobacteria","Micrococcales","Microbacteriaceae","Unclassified"
"ASV422","Antibiotics + HT vs Control",-0.0212723179209594,-0.139092000485834,6.20711262738576,0.615083764554854,1,"ALDEx2","Actinobacteriota","Actinobacteria","Micrococcales","Microbacteriaceae","Unclassified"
"ASV1716","Antibiotics + HT vs Control",0.295739426169451,1.61548484358124,4.96565819601564,0.374351344215697,1,"ALDEx2","Actinobacteriota","Actinobacteria","Propionibacteriales","Propionibacteriaceae","Cutibacterium"
"ASV1255","Antibiotics + HT vs Control",0.0612832105111814,0.37491811819278,5.93940406685365,0.779779802467375,1,"ALDEx2","Actinobacteriota","Actinobacteria","Micrococcales","Dermacoccaceae","Dermacoccus"
"ASV687","Antibiotics + HT vs Control",0.229877444090504,1.4415274179244,5.76858006381096,0.511989174808267,1,"ALDEx2","Actinobacteriota","Actinobacteria","Micrococcales","Micrococcaceae","Unclassified"
"ASV623","Antibiotics + HT vs Control",-0.281959222464257,-1.6443323583479,5.07826235106428,0.458678726245463,1,"ALDEx2","Bdellovibrionota","Oligoflexia","Oligoflexales","Oligoflexaceae","Unclassified"
"ASV288","Antibiotics + HT vs Control",-0.318849954426167,-2.09758762849722,7.01649343217803,0.424696672840868,1,"ALDEx2","Proteobacteria","Alphaproteobacteria","SAR11 clade","Clade II","Unclassified"
"ASV101","Antibiotics + HT vs Control",-0.40448954899945,-3.5610123130689,8.16440420708212,0.262093388966011,1,"ALDEx2","Proteobacteria","Alphaproteobacteria","SAR11 clade","Clade I","Clade Ia"
"ASV38","Antibiotics + HT vs Control",0.272248323983468,0.857264403263768,2.24989300304468,0.294874804620176,1,"ALDEx2","Proteobacteria","Alphaproteobacteria","SAR11 clade","Clade I","Clade Ia"
"ASV109","Antibiotics + HT vs Control",0.0761921506038712,0.532498109993942,7.74095381488036,0.563422117066175,1,"ALDEx2","Proteobacteria","Alphaproteobacteria","SAR11 clade","Clade II","Unclassified"
"ASV620","Antibiotics + HT vs Control",0.23935568880999,1.60868030847793,6.2346166328186,0.421127803229421,1,"ALDEx2","Proteobacteria","Alphaproteobacteria","SAR11 clade","Clade III","Unclassified"
"ASV1581","Antibiotics + HT vs Control",0.256276591224286,1.65895365180527,6.58301484784848,0.345683327467379,1,"ALDEx2","Proteobacteria","Gammaproteobacteria","Pseudomonadales","Cellvibrionaceae","Aestuariicella"
"ASV216","Antibiotics + HT vs Control",0.048064750988287,0.303254918191446,5.51056340908322,0.753572712636738,1,"ALDEx2","Cyanobacteria","Vampirivibrionia","Obscuribacterales","Obscuribacteraceae","Unclassified"
"ASV621","Antibiotics + HT vs Control",0.034487656963223,0.230049944023375,6.14104425282068,0.79634199655403,1,"ALDEx2","Cyanobacteria","Vampirivibrionia","Obscuribacterales","Obscuribacteraceae","Unclassified"
"ASV2490","Antibiotics + HT vs Control",0.0337027121594562,0.176916054420031,4.83779419713898,0.770052683086985,1,"ALDEx2","Bacteroidota","Rhodothermia","Rhodothermales","Rhodothermaceae","Rubrivirga"
"ASV334","Antibiotics + HT vs Control",-0.0805914965605459,-0.541756790238474,6.42780858659409,0.682257721611168,1,"ALDEx2","Campylobacterota","Campylobacteria","Campylobacterales","Arcobacteraceae","Pseudarcobacter"
"ASV1013","Antibiotics + HT vs Control",0.0228852399435379,0.154172467084671,5.39630036533488,0.77341836607222,1,"ALDEx2","Campylobacterota","Campylobacteria","Campylobacterales","Arcobacteraceae","Pseudarcobacter"
"ASV282","Antibiotics + HT vs Control",0.274278619227906,1.68171399962668,5.6395267816152,0.38669713196399,1,"ALDEx2","Campylobacterota","Campylobacteria","Campylobacterales","Arcobacteraceae","Unclassified"
"ASV313","Antibiotics + HT vs Control",-0.166917560430445,-1.16078368239315,6.70581765341913,0.570054179362475,1,"ALDEx2","Chloroflexi","Anaerolineae","Ardenticatenales","Ardenticatenaceae","Unclassified"
"ASV416","Antibiotics + HT vs Control",0.0404625419755939,0.248737911400819,6.36942809700294,0.747526380265127,1,"ALDEx2","Chloroflexi","Anaerolineae","Ardenticatenales","Ardenticatenaceae","Unclassified"
"ASV1411","Antibiotics + HT vs Control",0.117185933103332,0.650990380728643,5.84965448721373,0.712221062377043,1,"ALDEx2","Chloroflexi","Anaerolineae","Ardenticatenales","Ardenticatenaceae","Unclassified"
"ASV12","Antibiotics + HT vs Control",-0.171770656557524,-0.414190990281858,2.61706030627497,0.517508178921297,1,"ALDEx2","Cyanobacteria","Cyanobacteriia","Synechococcales","Cyanobiaceae","Synechococcus CC9902"
"ASV1535","Antibiotics + HT vs Control",0.0657012287471583,0.369071510661582,5.33576968047249,0.749751095813874,1,"ALDEx2","Verrucomicrobiota","Chlamydiae","Chlamydiales","Simkaniaceae","Unclassified"
"ASV1048","Antibiotics + HT vs Control",-0.0457916588820452,-0.223572185801596,4.9232992022521,0.694374021255048,1,"ALDEx2","Planctomycetota","Phycisphaerae","Phycisphaerales","Phycisphaeraceae","CL500-3"
"ASV759","Antibiotics + HT vs Control",0.233221052135036,1.31450254651965,5.70293657475083,0.48065307547373,1,"ALDEx2","Planctomycetota","Phycisphaerae","Phycisphaerales","Phycisphaeraceae","SM1A02"
"ASV1286","Antibiotics + HT vs Control",0.0118516030701109,0.0964398400580571,5.23172835140844,0.743855584903774,1,"ALDEx2","Planctomycetota","Planctomycetes","Planctomycetales","Rubinisphaeraceae","Fuerstia"
"ASV1396","Antibiotics + HT vs Control",0.260687969096136,1.37473577219058,4.49767550258552,0.409607982260388,1,"ALDEx2","Planctomycetota","Planctomycetes","Pirellulales","Pirellulaceae","Pirellula"
"ASV939","Antibiotics + HT vs Control",0.0057047422428736,0.019953057315683,6.10862548002638,0.83207614794924,1,"ALDEx2","Verrucomicrobiota","Verrucomicrobiae","Verrucomicrobiales","DEV007","Unclassified"
"ASV1114","Antibiotics + HT vs Control",0.144449370673155,0.851534349999882,5.06655988381304,0.638505339715483,1,"ALDEx2","Verrucomicrobiota","Verrucomicrobiae","Verrucomicrobiales","Rubritaleaceae","Rubritalea"
"ASV383","Antibiotics + HT vs Control",0.314233470023723,1.99969344418088,5.41902208665757,0.38667793606149,1,"ALDEx2","Verrucomicrobiota","Verrucomicrobiae","Verrucomicrobiales","Rubritaleaceae","Persicirhabdus"
"ASV1549","Antibiotics + HT vs Control",0.133880588784441,0.822124715628975,5.12677501093797,0.647525100687551,1,"ALDEx2","Verrucomicrobiota","Verrucomicrobiae","Verrucomicrobiales","Rubritaleaceae","Luteolibacter"
"ASV931","Antibiotics + HT vs Control",0.126142889740752,0.803056231609151,5.88216821357705,0.732857798240936,1,"ALDEx2","Verrucomicrobiota","Verrucomicrobiae","Verrucomicrobiales","Rubritaleaceae","Haloferula"
"ASV903","Antibiotics + HT vs Control",0.0179714835471972,0.0993230468270667,5.64743368578453,0.786879859613489,1,"ALDEx2","Verrucomicrobiota","Verrucomicrobiae","Verrucomicrobiales","Rubritaleaceae","Roseibacillus"
"ASV363","Antibiotics + HT vs Control",-0.0371872841465148,-0.172209167508018,5.83418644391543,0.79908422443814,1,"ALDEx2","Verrucomicrobiota","Verrucomicrobiae","Verrucomicrobiales","Rubritaleaceae","Roseibacillus"
"ASV346","Antibiotics + HT vs Control",-0.0722186141837951,-0.480535147316931,6.13179929934863,0.72561721686334,1,"ALDEx2","Verrucomicrobiota","Verrucomicrobiae","Verrucomicrobiales","Rubritaleaceae","Roseibacillus"
"ASV500","Antibiotics + HT vs Control",-0.175553433836435,-1.11362425016907,5.93562184470173,0.622240244788375,1,"ALDEx2","Verrucomicrobiota","Verrucomicrobiae","Pedosphaerales","Pedosphaeraceae","SCGC AAA164-E04"
"ASV1054","Antibiotics + HT vs Control",0.112340920572671,0.597152047663656,4.91960190096302,0.678330798665596,1,"ALDEx2","Verrucomicrobiota","Verrucomicrobiae","Verrucomicrobiales","DEV007","Unclassified"
"ASV699","Antibiotics + HT vs Control",0.197574369249334,1.29587753924643,5.75931839304579,0.562804792111271,1,"ALDEx2","Firmicutes","Bacilli","Bacillales","Bacillaceae","Virgibacillus"
"ASV324","Antibiotics + HT vs Control",0.061493427181158,0.425539982079604,7.49299148871926,0.832645692475658,1,"ALDEx2","Firmicutes","Bacilli","Bacillales","Bacillaceae","Unclassified"
"ASV145","Antibiotics + HT vs Control",-0.155659544681146,-1.25189648032471,7.85625382484752,0.589413833464486,1,"ALDEx2","Firmicutes","Bacilli","Bacillales","Bacillaceae","Unclassified"
"ASV105","Antibiotics + HT vs Control",0.0101725913099425,0.0959051339411667,9.74956847648693,0.792669774261464,1,"ALDEx2","Firmicutes","Bacilli","Mycoplasmatales","Mycoplasmataceae","Mycoplasma"
"ASV23","Antibiotics + HT vs Control",-0.0863458768821544,-0.859762884848033,8.96684364388293,0.64051724985693,1,"ALDEx2","Firmicutes","Bacilli","Mycoplasmatales","Mycoplasmataceae","Mycoplasma"
"ASV515","Antibiotics + HT vs Control",0.0502822787791834,0.262686423220056,5.15835808092273,0.737142071094552,1,"ALDEx2","Bdellovibrionota","Bdellovibrionia","Bdellovibrionales","Bdellovibrionaceae","OM27 clade"
"ASV2246","Antibiotics + HT vs Control",0.320419470115671,1.68281374206821,4.94669933197003,0.377812349191631,1,"ALDEx2","Myxococcota","Polyangia","Polyangiales","Sandaracinaceae","Sandaracinus"
"ASV533","Antibiotics + HT vs Control",0.0355728773264332,0.247946113459055,5.69785797253831,0.78881081986467,1,"ALDEx2","Myxococcota","Polyangia","Polyangiales","Sandaracinaceae","Sandaracinus"
"ASV551","Antibiotics + HT vs Control",0.0770012302302017,0.533749787719792,6.03523541247901,0.744718331642685,1,"ALDEx2","Myxococcota","Polyangia","Polyangiales","Sandaracinaceae","Unclassified"
"ASV884","Antibiotics + HT vs Control",-0.333506427449366,-2.30026351914276,6.85761433628861,0.361212222230496,1,"ALDEx2","Myxococcota","Polyangia","Polyangiales","Sandaracinaceae","Unclassified"
"ASV746","Antibiotics + HT vs Control",0.116162636165781,0.691196482735172,5.2439030321987,0.661997219639456,1,"ALDEx2","Myxococcota","Polyangia","Polyangiales","Sandaracinaceae","Unclassified"
"ASV537","Antibiotics + HT vs Control",0.0752283379125261,0.453744289674725,6.19033965662282,0.749244108388012,1,"ALDEx2","Bdellovibrionota","Bdellovibrionia","Bdellovibrionales","Bdellovibrionaceae","OM27 clade"
"ASV350","Antibiotics + HT vs Control",-0.0563396857894078,-0.265911274850596,6.26473981858631,0.7700684384983,1,"ALDEx2","Bdellovibrionota","Bdellovibrionia","Bdellovibrionales","Bdellovibrionaceae","OM27 clade"
"ASV322","Antibiotics + HT vs Control",-0.0574173985842145,-0.405024279096036,6.48331300781977,0.709192767824934,1,"ALDEx2","Proteobacteria","Alphaproteobacteria","Caulobacterales","Hyphomonadaceae","Maricaulis"
"ASV1185","Antibiotics + HT vs Control",0.217886287637517,1.30838312445193,5.36664780685263,0.493264629065109,1,"ALDEx2","Proteobacteria","Alphaproteobacteria","Rickettsiales","Rickettsiaceae","Candidatus Megaira"
"ASV392","Antibiotics + HT vs Control",-0.210159734619611,-1.42304324833854,6.77976749733213,0.454381900760117,1,"ALDEx2","Proteobacteria","Alphaproteobacteria","Sphingomonadales","Sphingomonadaceae","Sphingobium"
"ASV338","Antibiotics + HT vs Control",0.225012826820209,1.58124091178277,6.94287372890527,0.389716661614801,1,"ALDEx2","Proteobacteria","Alphaproteobacteria","Sphingomonadales","Sphingomonadaceae","Sphingopyxis"
"ASV15","Antibiotics + HT vs Control",-0.183085173992422,-0.484824791345294,2.72727635305851,0.182114040083777,1,"ALDEx2","Proteobacteria","Alphaproteobacteria","Sphingomonadales","Sphingomonadaceae","Blastomonas"
"ASV735","Antibiotics + HT vs Control",0.140977165463171,0.747817545380943,6.16190187800363,0.667551032617809,1,"ALDEx2","Proteobacteria","Alphaproteobacteria","Sphingomonadales","Sphingomonadaceae","Sphingorhabdus"
"ASV415","Antibiotics + HT vs Control",-0.118020656909503,-0.883765232825617,6.82198570997947,0.575380857786538,1,"ALDEx2","Proteobacteria","Alphaproteobacteria","Sphingomonadales","Sphingomonadaceae","Unclassified"
"ASV550","Antibiotics + HT vs Control",0.0461180377745751,0.294305224586482,6.35127964876331,0.764822885896615,1,"ALDEx2","Proteobacteria","Gammaproteobacteria","Pseudomonadales","Halomonadaceae","Cobetia"
"ASV265","Antibiotics + HT vs Control",0.0780298058864043,0.655136830070137,7.48217687198555,0.781785801177727,1,"ALDEx2","Proteobacteria","Gammaproteobacteria","Pseudomonadales","Halomonadaceae","Cobetia"
"ASV470","Antibiotics + HT vs Control",0.243992054784033,1.61123683066415,6.28041578339391,0.497335761115281,1,"ALDEx2","Proteobacteria","Gammaproteobacteria","Pseudomonadales","Halomonadaceae","Halomonas"
"ASV201","Antibiotics + HT vs Control",-0.0585126955353441,-0.416659439303581,7.47748041754713,0.786429090083888,1,"ALDEx2","Proteobacteria","Gammaproteobacteria","Pseudomonadales","Halomonadaceae","Halomonas"
"ASV464","Antibiotics + HT vs Control",0.00193876417189797,0.00997715996887916,6.00030742031862,0.75884753169381,1,"ALDEx2","Proteobacteria","Gammaproteobacteria","Pseudomonadales","Halomonadaceae","Halomonas"
"ASV898","Antibiotics + HT vs Control",0.173236180539397,1.03742279504422,6.14142652385332,0.665619520284353,1,"ALDEx2","Proteobacteria","Gammaproteobacteria","Tenderiales","Tenderiaceae","Candidatus Tenderia"
"ASV440","Antibiotics + HT vs Control",0.07811127367608,0.553796716665714,6.43040995412175,0.720792330304406,1,"ALDEx2","Proteobacteria","Gammaproteobacteria","Pseudomonadales","Thioglobaceae","SUP05 cluster"
"ASV177","Antibiotics + HT vs Control",-0.0555396340315533,-0.310703118702545,6.44376051717807,0.752352519657541,1,"ALDEx2","Proteobacteria","Gammaproteobacteria","Pseudomonadales","Thioglobaceae","SUP05 cluster"
"ASV43","Antibiotics + HT vs Control",-0.186195980622232,-0.641067574979556,2.23252001090488,0.17730696706678,1,"ALDEx2","Proteobacteria","Gammaproteobacteria","Pseudomonadales","Thioglobaceae","SUP05 cluster"
"ASV431","Antibiotics + HT vs Control",0.143540364370451,0.766536825139916,4.77340343978679,0.650320248264818,1,"ALDEx2","Proteobacteria","Gammaproteobacteria","Pseudomonadales","Thioglobaceae","Candidatus Thioglobus"
"ASV737","Antibiotics + HT vs Control",0.033030955781337,0.214902170821987,6.14407370650237,0.741741280044654,1,"ALDEx2","Proteobacteria","Gammaproteobacteria","Thiotrichales","Thiotrichaceae","Leucothrix"
"ASV1521","Antibiotics + HT vs Control",0.0740824401115577,0.539515282507073,5.55305371927463,0.8066398759875,1,"ALDEx2","Proteobacteria","Gammaproteobacteria","Enterobacterales","Kangiellaceae","Aliikangiella"
"ASV660","Antibiotics + HT vs Control",-0.0999505235170989,-0.675070596660857,6.17919585962057,0.693541769661485,1,"ALDEx2","Proteobacteria","Gammaproteobacteria","Ectothiorhodospirales","Thioalkalispiraceae","Unclassified"
"ASV665","Antibiotics + HT vs Control",0.189629341231659,1.45386970333155,6.2504920742425,0.522507648885677,1,"ALDEx2","Proteobacteria","Gammaproteobacteria","Steroidobacterales","Woeseiaceae","Woeseia"
"ASV651","Antibiotics + HT vs Control",0.0275799591225533,0.171065761676034,6.30923995468405,0.77865089932759,1,"ALDEx2","Proteobacteria","Gammaproteobacteria","Enterobacterales","Kangiellaceae","Unclassified"
"ASV1158","Antibiotics + HT vs Control",0.0442779428246442,0.290031592991971,5.34432238330273,0.805700708288469,1,"ALDEx2","Proteobacteria","Gammaproteobacteria","Enterobacterales","Kangiellaceae","Unclassified"
"ASV399","Antibiotics + HT vs Control",-0.092810588041217,-0.599496793265867,5.87189281650753,0.728984239984977,1,"ALDEx2","Proteobacteria","Gammaproteobacteria","Pseudomonadales","OM182 clade","Unclassified"
"ASV736","Antibiotics + HT vs Control",0.30075899266867,1.80329571390621,5.27663482328379,0.407840059952946,1,"ALDEx2","Proteobacteria","Gammaproteobacteria","Pseudomonadales","OM182 clade","Unclassified"
"ASV1309","Antibiotics + HT vs Control",0.0136635594670293,0.0765997824315079,4.99424087295918,0.772046456184967,1,"ALDEx2","Proteobacteria","Gammaproteobacteria","Pseudomonadales","OM182 clade","Unclassified"
"ASV113","Antibiotics + HT vs Control",-0.105649000152529,-0.554033488609294,4.32640731313954,0.558865763765023,1,"ALDEx2","Proteobacteria","Gammaproteobacteria","Pseudomonadales","OM182 clade","Unclassified"
"ASV269","Antibiotics + HT vs Control",-0.0325885443189486,-0.197781504057543,6.69769761279357,0.69050749374518,1,"ALDEx2","Proteobacteria","Gammaproteobacteria","Pseudomonadales","OM182 clade","Unclassified"
"ASV597","Antibiotics + HT vs Control",0.153919797564115,0.886688011242724,5.05242788989144,0.546400254242294,1,"ALDEx2","Proteobacteria","Gammaproteobacteria","Pseudomonadales","OM182 clade","Unclassified"
"ASV263","Antibiotics + HT vs Control",0.00458346744615119,0.0162234375549444,6.69992040583938,0.826652519966465,1,"ALDEx2","Proteobacteria","Gammaproteobacteria","Pseudomonadales","OM182 clade","Unclassified"
"ASV425","Antibiotics + HT vs Control",-0.0307671881772067,-0.163619037395188,6.41734592537066,0.823019541061746,1,"ALDEx2","Proteobacteria","Gammaproteobacteria","Pseudomonadales","OM182 clade","Unclassified"
"ASV573","Antibiotics + HT vs Control",0.294384016389588,1.87905912309359,5.73493192585359,0.349615179604692,1,"ALDEx2","Proteobacteria","Gammaproteobacteria","Pseudomonadales","Marinomonadaceae","Marinomonas"
"ASV236","Antibiotics + HT vs Control",0.285572999742116,1.94254663627769,7.0315816978754,0.359479254778319,1,"ALDEx2","Proteobacteria","Gammaproteobacteria","Pseudomonadales","Marinomonadaceae","Marinomonas"
"ASV220","Antibiotics + HT vs Control",-0.1475620021737,-0.936182728883809,6.21680228404834,0.505429988270934,1,"ALDEx2","Proteobacteria","Gammaproteobacteria","Pseudomonadales","Cellvibrionaceae","Marinagarivorans"
"ASV985","Antibiotics + HT vs Control",0.142254077381341,0.767909458394879,4.86767006099832,0.669336436171414,1,"ALDEx2","Proteobacteria","Gammaproteobacteria","Enterobacterales","Shewanellaceae","Shewanella"
"ASV540","Antibiotics + HT vs Control",0.0415000284057911,0.290278122825306,5.90750925940371,0.701795805639738,1,"ALDEx2","Proteobacteria","Gammaproteobacteria","Enterobacterales","Colwelliaceae","Colwellia"
"ASV767","Antibiotics + HT vs Control",0.0997401323755108,0.68773456107475,6.71822937742854,0.795848839298083,1,"ALDEx2","Proteobacteria","Gammaproteobacteria","Pseudomonadales","Cellvibrionaceae","Umboniibacter"
"ASV1165","Antibiotics + HT vs Control",0.127937602587368,0.640554359272659,4.39580175376557,0.679888983294955,1,"ALDEx2","Proteobacteria","Gammaproteobacteria","Pseudomonadales","Spongiibacteraceae","BD1-7 clade"
"ASV63","Antibiotics + HT vs Control",0.349613536288624,2.88782757763211,7.48872429402954,0.227456852451826,1,"ALDEx2","Proteobacteria","Gammaproteobacteria","Pseudomonadales","Cellvibrionaceae","Unclassified"
"ASV134","Antibiotics + HT vs Control",0.096531191292951,0.730421637981218,7.0739120899037,0.586834138800201,1,"ALDEx2","Proteobacteria","Gammaproteobacteria","Pseudomonadales","Cellvibrionaceae","Unclassified"
"ASV469","Antibiotics + HT vs Control",0.0508939227163064,0.396548028701667,6.49516695280431,0.838447652769117,1,"ALDEx2","Proteobacteria","Gammaproteobacteria","Enterobacterales","Pseudoalteromonadaceae","Pseudoalteromonas"
"ASV64","Antibiotics + HT vs Control",-0.16886690291685,-1.337907792301,8.37410592280607,0.554208968495303,1,"ALDEx2","Proteobacteria","Gammaproteobacteria","Enterobacterales","Pseudoalteromonadaceae","Pseudoalteromonas"
"ASV339","Antibiotics + HT vs Control",0.0914656743086074,0.737272447331817,7.96826056534035,0.687964813132376,1,"ALDEx2","Proteobacteria","Gammaproteobacteria","Enterobacterales","Pseudoalteromonadaceae","Pseudoalteromonas"
"ASV91","Antibiotics + HT vs Control",-0.065206015772482,-0.48284076125359,7.4235831521535,0.600430711930193,1,"ALDEx2","Proteobacteria","Gammaproteobacteria","Enterobacterales","Colwelliaceae","Unclassified"
"ASV96","Antibiotics + HT vs Control",0.324330138944361,2.43686059398207,8.1675670856769,0.353819522504614,1,"ALDEx2","Proteobacteria","Gammaproteobacteria","Enterobacterales","Colwelliaceae","Unclassified"
"ASV649","Antibiotics + HT vs Control",-0.0254470874783301,-0.123528537757704,5.38651237346333,0.789376267339839,1,"ALDEx2","Proteobacteria","Gammaproteobacteria","Enterobacterales","Psychromonadaceae","Psychromonas"
"ASV564","Antibiotics + HT vs Control",-0.000196956101330483,-0.00181872724087206,6.52065419587635,0.789797758737165,1,"ALDEx2","Proteobacteria","Gammaproteobacteria","Pseudomonadales","Spongiibacteraceae","Unclassified"
"ASV1345","Antibiotics + HT vs Control",0.0143995500039905,0.106137530100565,5.33261926775527,0.791409293350232,1,"ALDEx2","Proteobacteria","Gammaproteobacteria","Pseudomonadales","Spongiibacteraceae","BD1-7 clade"
"ASV1238","Antibiotics + HT vs Control",-0.111000440868737,-0.520219163491208,5.64551361549544,0.713386334760814,1,"ALDEx2","Proteobacteria","Gammaproteobacteria","Pseudomonadales","Marinomonadaceae","Marinomonas"
"ASV1750","Antibiotics + HT vs Control",0.198567858926438,1.09943641005211,5.22575452842464,0.514267438212824,1,"ALDEx2","Proteobacteria","Gammaproteobacteria","Pseudomonadales","Cellvibrionaceae","Unclassified"
"ASV215","Antibiotics + HT vs Control",0.0252313749177377,0.177328254381488,5.70245787859292,0.788111415093194,1,"ALDEx2","Proteobacteria","Gammaproteobacteria","Pseudomonadales","Oleiphilaceae","Oleiphilus"
"ASV967","Antibiotics + HT vs Control",0.158145507456321,1.23848603934558,6.18259735443782,0.722562051772046,1,"ALDEx2","Proteobacteria","Gammaproteobacteria","Pseudomonadales","Oleiphilaceae","Oleiphilus"
"ASV373","Antibiotics + HT vs Control",-0.0306635405361675,-0.202284918387978,6.19799020951274,0.625317261839123,1,"ALDEx2","Proteobacteria","Gammaproteobacteria","Enterobacterales","Vibrionaceae","Vibrio"
"ASV657","Antibiotics + HT vs Control",0.0910324534733609,0.568912217776139,5.55130652587376,0.701896043036184,1,"ALDEx2","Proteobacteria","Gammaproteobacteria","Enterobacterales","Vibrionaceae","Enterovibrio"
"ASV920","Antibiotics + HT vs Control",0.15517453252589,0.880302090807262,5.20270633865666,0.616996364499393,1,"ALDEx2","Proteobacteria","Gammaproteobacteria","Enterobacterales","Vibrionaceae","Aliivibrio"
"ASV78","Antibiotics + HT vs Control",0.302755951448788,1.4365944709881,6.14950245453445,0.393458807156955,1,"ALDEx2","Proteobacteria","Gammaproteobacteria","Enterobacterales","Vibrionaceae","Aliivibrio"
"ASV434","Antibiotics + HT vs Control",0.164558326731304,1.04190326976828,5.84359459774452,0.578853465658726,1,"ALDEx2","Proteobacteria","Gammaproteobacteria","Enterobacterales","Vibrionaceae","Aliivibrio"
"ASV571","Antibiotics + HT vs Control",0.161016823338034,0.904298960117541,5.21469615370792,0.649637664811191,1,"ALDEx2","Proteobacteria","Gammaproteobacteria","Enterobacterales","Vibrionaceae","Vibrio"
"ASV630","Antibiotics + HT vs Control",0.187931300285651,1.18826401948278,5.5748099831521,0.684725914638948,1,"ALDEx2","Proteobacteria","Gammaproteobacteria","Enterobacterales","Vibrionaceae","Catenococcus"
"ASV451","Antibiotics + HT vs Control",-0.268865009409225,-1.98811042939806,6.96810159962403,0.513349948790562,1,"ALDEx2","Proteobacteria","Gammaproteobacteria","Enterobacterales","Vibrionaceae","Unclassified"
"ASV146","Antibiotics + HT vs Control",0.0801036662256099,0.806368165979993,8.049436518521,0.763411557551314,1,"ALDEx2","Proteobacteria","Gammaproteobacteria","Enterobacterales","Alteromonadaceae","Paraglaciecola"
"ASV328","Antibiotics + HT vs Control",-0.133619831584113,-1.00358281927119,6.54284938562528,0.386458250873127,1,"ALDEx2","Proteobacteria","Gammaproteobacteria","Enterobacterales","Alteromonadaceae","Paraglaciecola"
"ASV268","Antibiotics + HT vs Control",-0.0585990484496556,-0.464346691821501,7.23322005633969,0.754840104820048,1,"ALDEx2","Proteobacteria","Gammaproteobacteria","Enterobacterales","Alteromonadaceae","Paraglaciecola"
"ASV539","Antibiotics + HT vs Control",0.101377718075854,0.58372452750128,6.2732375416127,0.72703252516159,1,"ALDEx2","Proteobacteria","Gammaproteobacteria","Enterobacterales","Alteromonadaceae","Paraglaciecola"
"ASV19","Antibiotics + HT vs Control",0.254422774787682,1.45595738621131,6.19570336812887,0.25731234852597,1,"ALDEx2","Proteobacteria","Gammaproteobacteria","Enterobacterales","Alteromonadaceae","Paraglaciecola"
"ASV256","Antibiotics + HT vs Control",0.174098833730789,1.13721521291052,5.09632422245553,0.745040400568851,1,"ALDEx2","Proteobacteria","Gammaproteobacteria","Pseudomonadales","Cellvibrionaceae","Unclassified"
"ASV721","Antibiotics + HT vs Control",0.178220478255984,1.2122631974701,6.43360433352732,0.466722515944421,1,"ALDEx2","Proteobacteria","Gammaproteobacteria","Enterobacterales","Colwelliaceae","Thalassomonas"
"ASV345","Antibiotics + HT vs Control",0.0646265817117518,0.485722811572149,6.88148127126203,0.751183370525744,1,"ALDEx2","Proteobacteria","Gammaproteobacteria","Enterobacterales","Colwelliaceae","Colwellia"
"ASV395","Antibiotics + HT vs Control",0.108582680515157,0.723068870720738,6.64096224959027,0.812678973651751,1,"ALDEx2","Proteobacteria","Gammaproteobacteria","Enterobacterales","Colwelliaceae","Thalassotalea"
"ASV160","Antibiotics + HT vs Control",-0.179889775781853,-1.49500268609109,7.8557997295129,0.547487056525149,1,"ALDEx2","Proteobacteria","Gammaproteobacteria","Enterobacterales","Colwelliaceae","Thalassotalea"
"ASV111","Antibiotics + HT vs Control",-0.0159026273845866,-0.135266887168719,7.39442534280063,0.877973409197139,1,"ALDEx2","Proteobacteria","Gammaproteobacteria","Enterobacterales","Colwelliaceae","Colwellia"
"ASV71","Antibiotics + HT vs Control",0.139670041645907,1.08185532358513,8.75091784373016,0.704301892966166,1,"ALDEx2","Proteobacteria","Gammaproteobacteria","Enterobacterales","Alteromonadaceae","Alteromonas"
"ASV211","Antibiotics + HT vs Control",0.073845751582314,0.603787404895984,8.62538285363084,0.78119373328916,1,"ALDEx2","Proteobacteria","Gammaproteobacteria","Enterobacterales","Alteromonadaceae","Alteromonas"
"ASV118","Antibiotics + HT vs Control",-0.0352423549618165,-0.240377808014344,7.85937864308504,0.664134345144883,1,"ALDEx2","Proteobacteria","Gammaproteobacteria","Enterobacterales","Alteromonadaceae","Alteromonas"
"ASV2","Antibiotics + HT vs Control",-0.291968668765146,-1.17237499735292,3.85592865075764,0.119935105069556,1,"ALDEx2","Proteobacteria","Gammaproteobacteria","Enterobacterales","Alteromonadaceae","Alteromonas"
"ASV79","Antibiotics + HT vs Control",0.0656570271892409,0.562683324954572,7.99413662719188,0.801671007165332,1,"ALDEx2","Proteobacteria","Gammaproteobacteria","Enterobacterales","Alteromonadaceae","Alteromonas"
"ASV30","Antibiotics + HT vs Control",0.0386326531087306,0.341732132885809,8.89575777271418,0.860431736146743,1,"ALDEx2","Proteobacteria","Gammaproteobacteria","Enterobacterales","Alteromonadaceae","Alteromonas"
"ASV16","Antibiotics + HT vs Control",-0.0761522900099046,-0.685559471799943,9.23212297853904,0.564431593491277,1,"ALDEx2","Proteobacteria","Gammaproteobacteria","Enterobacterales","Alteromonadaceae","Alteromonas"
"ASV8","Antibiotics + HT vs Control",0.00559227274092884,0.0855702631418249,9.07712404801176,0.852492039280344,1,"ALDEx2","Proteobacteria","Gammaproteobacteria","Enterobacterales","Alteromonadaceae","Alteromonas"
"ASV13","Antibiotics + HT vs Control",-0.143686994948427,-1.4815846337125,9.32974256263442,0.684780288414961,1,"ALDEx2","Proteobacteria","Gammaproteobacteria","Enterobacterales","Alteromonadaceae","Unclassified"
"ASV29","Antibiotics + HT vs Control",-0.0226488311064209,-0.199719380258076,9.63750449240558,0.771540895381524,1,"ALDEx2","Proteobacteria","Gammaproteobacteria","Enterobacterales","Alteromonadaceae","Unclassified"
"ASV506","Antibiotics + HT vs Control",-0.0045601364994013,-0.0331976763022475,5.61353941112464,0.743502037131269,1,"ALDEx2","Proteobacteria","Gammaproteobacteria","Enterobacterales","Alteromonadaceae","Glaciecola"
"ASV61","Antibiotics + HT vs Control",-0.148723130343472,-1.22009223633353,8.24182002035946,0.617359753301397,1,"ALDEx2","Proteobacteria","Gammaproteobacteria","Enterobacterales","Alteromonadaceae","Unclassified"
"ASV372","Antibiotics + HT vs Control",-0.00760953759044835,-0.0462629060938351,6.20736720462038,0.742088028155611,1,"ALDEx2","Proteobacteria","Gammaproteobacteria","Enterobacterales","Alteromonadaceae","Aliiglaciecola"
"ASV776","Antibiotics + HT vs Control",0.148625290611042,0.874938213320879,5.24531039238372,0.63169612049076,1,"ALDEx2","Proteobacteria","Gammaproteobacteria","Enterobacterales","Colwelliaceae","Colwellia"
"ASV183","Antibiotics + HT vs Control",0.0612326050492218,0.470835281422711,7.1412142490215,0.850591102222792,1,"ALDEx2","Proteobacteria","Gammaproteobacteria","Pseudomonadales","Saccharospirillaceae","Oceaniserpentilla"
"ASV603","Antibiotics + HT vs Control",0.0950722838111296,0.594056644107417,6.48191070909372,0.725879178064348,1,"ALDEx2","Proteobacteria","Gammaproteobacteria","Enterobacterales","Pseudoalteromonadaceae","Pseudoalteromonas"
"ASV168","Antibiotics + HT vs Control",0.298825522500063,2.3646168186703,8.42240673648584,0.281106118303761,1,"ALDEx2","Proteobacteria","Gammaproteobacteria","Enterobacterales","Pseudoalteromonadaceae","Pseudoalteromonas"
"ASV828","Antibiotics + HT vs Control",0.0821390354802662,0.628509698532886,6.95369311950659,0.713648307695541,1,"ALDEx2","Proteobacteria","Gammaproteobacteria","Enterobacterales","Pseudoalteromonadaceae","Pseudoalteromonas"
"ASV429","Antibiotics + HT vs Control",0.125700584108405,0.779212706208726,5.55272237838296,0.677342233384332,1,"ALDEx2","Proteobacteria","Gammaproteobacteria","Pseudomonadales","Saccharospirillaceae","Oleibacter"
"ASV194","Antibiotics + HT vs Control",0.266248415676827,1.81021163138621,7.32986544735602,0.385387388941191,1,"ALDEx2","Proteobacteria","Gammaproteobacteria","Pseudomonadales","Saccharospirillaceae","Oleibacter"
"ASV67","Antibiotics + HT vs Control",-0.0716918289674557,-0.503504191082134,6.12306987618118,0.795518094832042,1,"ALDEx2","Proteobacteria","Gammaproteobacteria","Pseudomonadales","Porticoccaceae","Porticoccus"
"ASV257","Antibiotics + HT vs Control",0.052380005465974,0.36138826317062,5.81077925696986,0.8173952783012,1,"ALDEx2","Proteobacteria","Gammaproteobacteria","Pseudomonadales","SAR86 clade","Unclassified"
"ASV195","Antibiotics + HT vs Control",-0.0498030426541671,-0.373948234561442,6.62225436537795,0.711886262864877,1,"ALDEx2","Proteobacteria","Gammaproteobacteria","Pseudomonadales","SAR86 clade","Unclassified"
"ASV62","Antibiotics + HT vs Control",0.103107530527547,0.554672131405949,3.37335646878377,0.880821596385573,1,"ALDEx2","Proteobacteria","Gammaproteobacteria","Pseudomonadales","SAR86 clade","Unclassified"
"ASV1367","Antibiotics + HT vs Control",0.25754747572884,1.3787107317851,4.94395663673563,0.430608998665305,1,"ALDEx2","Proteobacteria","Gammaproteobacteria","Pseudomonadales","SAR86 clade","Unclassified"
"ASV128","Antibiotics + HT vs Control",-0.0366644240628093,-0.308207145461527,7.48676006571845,0.788356718384284,1,"ALDEx2","Proteobacteria","Gammaproteobacteria","Pseudomonadales","SAR86 clade","Unclassified"
"ASV333","Antibiotics + HT vs Control",0.155724850546587,0.778986229617823,5.19855982307752,0.658320542871656,1,"ALDEx2","Proteobacteria","Gammaproteobacteria","Pseudomonadales","SAR86 clade","Unclassified"
"ASV714","Antibiotics + HT vs Control",-0.102803120921166,-0.712315126368825,6.67744605814354,0.579775365965616,1,"ALDEx2","Proteobacteria","Gammaproteobacteria","Steroidobacterales","Woeseiaceae","Woeseia"
"ASV761","Antibiotics + HT vs Control",0.195225202010033,1.12590818608232,5.55062168610092,0.650046217213533,1,"ALDEx2","Proteobacteria","Gammaproteobacteria","Gammaproteobacteria Incertae Sedis","Unknown Family","Marinicella"
"ASV956","Antibiotics + HT vs Control",0.142447868459917,0.771187205826928,5.00419850836809,0.651586876850205,1,"ALDEx2","Proteobacteria","Gammaproteobacteria","Gammaproteobacteria Incertae Sedis","Unknown Family","Unclassified"
"ASV945","Antibiotics + HT vs Control",0.111935794725648,0.56353824884768,4.94301622448164,0.768076614688717,1,"ALDEx2","Proteobacteria","Gammaproteobacteria","Pseudomonadales","Saccharospirillaceae","Thalassolituus"
"ASV284","Antibiotics + HT vs Control",-0.147696521144015,-1.03474574543376,6.69832923892508,0.612648498296972,1,"ALDEx2","Proteobacteria","Gammaproteobacteria","Enterobacterales","Alteromonadaceae","Rheinheimera"
"ASV279","Antibiotics + HT vs Control",-0.0800837868879999,-0.492533545944465,6.48110480177929,0.603665831387892,1,"ALDEx2","Proteobacteria","Alphaproteobacteria","Rhodospirillales","AEGEAN-169 marine group","Unclassified"
"ASV374","Antibiotics + HT vs Control",0.238049238715162,1.40222288909967,5.72952006952819,0.598541886915074,1,"ALDEx2","Proteobacteria","Alphaproteobacteria","Rhodospirillales","AEGEAN-169 marine group","Unclassified"
"ASV150","Antibiotics + HT vs Control",-0.274434707158886,-2.07394267449221,6.82170068935296,0.391281763064822,1,"ALDEx2","Proteobacteria","Alphaproteobacteria","Rhodospirillales","AEGEAN-169 marine group","Unclassified"
"ASV850","Antibiotics + HT vs Control",0.273171733393949,1.89464774724567,6.00530977456875,0.40284901468733,1,"ALDEx2","Proteobacteria","Alphaproteobacteria","Rhodobacterales","Rhodobacteraceae","WDS1C4"
"ASV11","Antibiotics + HT vs Control",-0.112276248372688,-0.222321405676938,2.09346642289677,0.545301905597774,1,"ALDEx2","Proteobacteria","Alphaproteobacteria","Rhodobacterales","Rhodobacteraceae","Amylibacter"
"ASV34","Antibiotics + HT vs Control",-0.174406246198938,-1.08464582004653,5.23286333144882,0.351887528423518,1,"ALDEx2","Proteobacteria","Alphaproteobacteria","Rhodobacterales","Rhodobacteraceae","Planktotalea"
"ASV20","Antibiotics + HT vs Control",-0.337505845594892,-0.430961187338244,1.10364616794735,0.225336223091665,1,"ALDEx2","Proteobacteria","Alphaproteobacteria","Rhodobacterales","Rhodobacteraceae","Planktomarina"
"ASV131","Antibiotics + HT vs Control",0.129821133404902,0.909225553030063,8.08226497492846,0.610754900697778,1,"ALDEx2","Proteobacteria","Alphaproteobacteria","Rhodobacterales","Rhodobacteraceae","Unclassified"
"ASV4","Antibiotics + HT vs Control",0.00119802446666936,0.00722856161153551,9.56521510510209,0.82998475047254,1,"ALDEx2","Proteobacteria","Alphaproteobacteria","Rhodobacterales","Rhodobacteraceae","Unclassified"
"ASV1","Antibiotics + HT vs Control",0.00123790011976632,0.00810122014022774,3.11707404209092,0.681206753542054,1,"ALDEx2","Proteobacteria","Alphaproteobacteria","Rhodobacterales","Rhodobacteraceae","Unclassified"
"ASV14","Antibiotics + HT vs Control",0.0715864553866547,0.391290427006209,3.35407143520843,0.28218122223069,1,"ALDEx2","Proteobacteria","Alphaproteobacteria","Rhodobacterales","Rhodobacteraceae","Phaeobacter"
"ASV51","Antibiotics + HT vs Control",0.0406419947045471,0.256285688256864,3.10840173979269,0.820000811489426,1,"ALDEx2","Proteobacteria","Alphaproteobacteria","Rhodobacterales","Rhodobacteraceae","Sulfitobacter"
"ASV247","Antibiotics + HT vs Control",0.136292870262713,0.947237455451176,7.25648957849958,0.727554238691682,1,"ALDEx2","Proteobacteria","Alphaproteobacteria","Rhodobacterales","Rhodobacteraceae","Unclassified"
"ASV272","Antibiotics + HT vs Control",0.202933660395083,1.46836762865537,6.99294724724832,0.413909443384388,1,"ALDEx2","Proteobacteria","Alphaproteobacteria","Rhodobacterales","Rhodobacteraceae","Unclassified"
"ASV132","Antibiotics + HT vs Control",0.0503746596334774,0.362548051292737,7.86249530668899,0.798220971071111,1,"ALDEx2","Proteobacteria","Alphaproteobacteria","Rhodobacterales","Rhodobacteraceae","Unclassified"
"ASV103","Antibiotics + HT vs Control",0.0151406478747815,0.122939066621782,8.21787637007408,0.852380102153334,1,"ALDEx2","Proteobacteria","Alphaproteobacteria","Rhodobacterales","Rhodobacteraceae","Unclassified"
"ASV640","Antibiotics + HT vs Control",0.216179523395749,1.22109335999623,5.35739589955085,0.558470623907731,1,"ALDEx2","Proteobacteria","Alphaproteobacteria","Rhodobacterales","Rhodobacteraceae","Aestuariibius"
"ASV708","Antibiotics + HT vs Control",0.197837546959593,1.08991723425605,5.38485888905062,0.543563056616865,1,"ALDEx2","Proteobacteria","Alphaproteobacteria","Rhodobacterales","Rhodobacteraceae","Octadecabacter"
"ASV98","Antibiotics + HT vs Control",0.0627896095616312,0.498603854345952,7.84041742584387,0.820748053674598,1,"ALDEx2","Proteobacteria","Alphaproteobacteria","Rhodobacterales","Rhodobacteraceae","Oceanibulbus"
"ASV48","Antibiotics + HT vs Control",0.0609698376337368,0.441434030320258,5.91253107904726,0.541130034352398,1,"ALDEx2","Proteobacteria","Alphaproteobacteria","Rhodobacterales","Rhodobacteraceae","Oceanibulbus"
"ASV397","Antibiotics + HT vs Control",-0.341337369076719,-2.3592701644674,6.33934279611436,0.382379658303901,1,"ALDEx2","Proteobacteria","Alphaproteobacteria","Rhodobacterales","Rhodobacteraceae","Jannaschia"
"ASV351","Antibiotics + HT vs Control",-0.0157185490265457,-0.137926724571728,7.20955579863131,0.756149916256573,1,"ALDEx2","Proteobacteria","Alphaproteobacteria","Rhodobacterales","Rhodobacteraceae","Unclassified"
"ASV294","Antibiotics + HT vs Control",-0.0193207736895838,-0.146196260376226,6.50235843461245,0.745404072179404,1,"ALDEx2","Proteobacteria","Alphaproteobacteria","Rhodobacterales","Rhodobacteraceae","Yoonia-Loktanella"
"ASV22","Antibiotics + HT vs Control",0.620476409814373,0.759557983176483,1.08330750635233,0.10694188338736,1,"ALDEx2","Proteobacteria","Alphaproteobacteria","Rhodobacterales","Rhodobacteraceae","Pseudooceanicola"
"ASV202","Antibiotics + HT vs Control",-0.0234712139853055,-0.198661339186991,8.07314322640666,0.655193723730135,1,"ALDEx2","Proteobacteria","Alphaproteobacteria","Rhodobacterales","Rhodobacteraceae","Unclassified"
"ASV142","Antibiotics + HT vs Control",-0.00645433414730479,-0.0479035728884014,7.84884752051285,0.784455578817949,1,"ALDEx2","Proteobacteria","Alphaproteobacteria","Rhodobacterales","Rhodobacteraceae","Tateyamaria"
"ASV70","Antibiotics + HT vs Control",-0.143458625916038,-1.06540427920742,8.0751662392479,0.566654126515216,1,"ALDEx2","Proteobacteria","Alphaproteobacteria","Rhodobacterales","Rhodobacteraceae","Tateyamaria"
"ASV359","Antibiotics + HT vs Control",0.175484778576966,1.04314514718197,6.4805227058725,0.531507018477149,1,"ALDEx2","Proteobacteria","Alphaproteobacteria","Rhodobacterales","Rhodobacteraceae","Unclassified"
"ASV364","Antibiotics + HT vs Control",-0.0434953201136036,-0.264613976951074,5.35500140063965,0.623125952154748,1,"ALDEx2","Proteobacteria","Alphaproteobacteria","Rhodobacterales","Rhodobacteraceae","Unclassified"
"ASV482","Antibiotics + HT vs Control",0.0752117100515921,0.575990501028752,6.60730942744777,0.785846740781364,1,"ALDEx2","Proteobacteria","Alphaproteobacteria","Rhodobacterales","Rhodobacteraceae","Unclassified"
"ASV73","Antibiotics + HT vs Control",0.0749587614426878,0.557555925847947,6.62178265809563,0.689057833194495,1,"ALDEx2","Proteobacteria","Alphaproteobacteria","Rhodobacterales","Rhodobacteraceae","Sulfitobacter"
"ASV191","Antibiotics + HT vs Control",-0.151053469801864,-0.991395024311192,6.57482727766109,0.491799832671743,1,"ALDEx2","Proteobacteria","Alphaproteobacteria","Rhodobacterales","Rhodobacteraceae","Sulfitobacter"
"ASV371","Antibiotics + HT vs Control",0.210178073012188,1.36221950264038,6.2297391572825,0.394781591500752,1,"ALDEx2","Proteobacteria","Alphaproteobacteria","Rhodobacterales","Rhodobacteraceae","Sulfitobacter"
"ASV55","Antibiotics + HT vs Control",-0.147967266547878,-0.833766060567249,3.5956903138677,0.499402457680537,1,"ALDEx2","Proteobacteria","Alphaproteobacteria","Rhodobacterales","Rhodobacteraceae","Unclassified"
"ASV1390","Antibiotics + HT vs Control",0.166381921462563,0.957462886308499,5.06740327157581,0.627730132051889,1,"ALDEx2","Proteobacteria","Alphaproteobacteria","Rhodobacterales","Rhodobacteraceae","Unclassified"
"ASV741","Antibiotics + HT vs Control",0.0192193657408133,0.169797011023884,6.09590317912409,0.77599388448406,1,"ALDEx2","Proteobacteria","Alphaproteobacteria","Rhodobacterales","Rhodobacteraceae","Unclassified"
"ASV162","Antibiotics + HT vs Control",0.0221598740787921,0.17378603239194,7.31815666830557,0.809830619011331,1,"ALDEx2","Proteobacteria","Alphaproteobacteria","Rhodobacterales","Rhodobacteraceae","Halocynthiibacter"
"ASV405","Antibiotics + HT vs Control",0.0525230647719727,0.350290746724936,7.07101450593,0.835404047321142,1,"ALDEx2","Proteobacteria","Alphaproteobacteria","Rhodobacterales","Rhodobacteraceae","Halocynthiibacter"
"ASV367","Antibiotics + HT vs Control",0.216500678025367,1.46879826731349,6.1230145336949,0.586448777113909,1,"ALDEx2","Proteobacteria","Alphaproteobacteria","Rhodobacterales","Rhodobacteraceae","Halocynthiibacter"
"ASV722","Antibiotics + HT vs Control",0.289722240218589,1.90847402509169,5.58821255652274,0.439372612086845,1,"ALDEx2","Proteobacteria","Alphaproteobacteria","Rhodobacterales","Rhodobacteraceae","Roseobacter clade CHAB-I-5 lineage"
"ASV532","Antibiotics + HT vs Control",0.0708816711696715,0.332607344967331,4.77144282677787,0.780584300056327,1,"ALDEx2","Proteobacteria","Alphaproteobacteria","Rhodobacterales","Rhodobacteraceae","Planktotalea"
"ASV40","Antibiotics + HT vs Control",-0.0343962551465648,-0.15300901456438,2.67308619452537,0.625547787913581,1,"ALDEx2","Proteobacteria","Alphaproteobacteria","Rhodobacterales","Rhodobacteraceae","Unclassified"
"ASV42","Antibiotics + HT vs Control",-0.0830061079718698,-0.628077530559723,8.07545011212358,0.677372558422693,1,"ALDEx2","Proteobacteria","Alphaproteobacteria","Rhodobacterales","Rhodobacteraceae","Aestuariihabitans"
"ASV75","Antibiotics + HT vs Control",-0.119086599277011,-0.864802398268133,7.0454811036309,0.528794189666446,1,"ALDEx2","Proteobacteria","Alphaproteobacteria","Rhodobacterales","Rhodobacteraceae","Aestuariihabitans"
"ASV37","Antibiotics + HT vs Control",0.0514966460998362,0.336880165691857,8.5457705799923,0.881070381272672,1,"ALDEx2","Proteobacteria","Alphaproteobacteria","Rhodobacterales","Rhodobacteraceae","Celeribacter"
"ASV18","Antibiotics + HT vs Control",0.304664386291357,1.73186172490945,5.30995095180179,0.15131224077059,1,"ALDEx2","Proteobacteria","Alphaproteobacteria","Rhodobacterales","Rhodobacteraceae","Celeribacter"
"ASV36","Antibiotics + HT vs Control",0.0269266227823715,0.078945495024239,1.85292123489987,0.386871324943826,1,"ALDEx2","Proteobacteria","Alphaproteobacteria","Rhodobacterales","Rhodobacteraceae","Unclassified"
"ASV17","Antibiotics + HT vs Control",0.331951210756952,1.37740995558543,3.60463256624009,0.109949948278803,1,"ALDEx2","Proteobacteria","Alphaproteobacteria","Rhodobacterales","Rhodobacteraceae","Unclassified"
"ASV557","Antibiotics + HT vs Control",-0.0935219897611365,-0.614494359607797,6.82500123902026,0.526937423994227,1,"ALDEx2","Proteobacteria","Alphaproteobacteria","Rhizobiales","Devosiaceae","Maritalea"
"ASV400","Antibiotics + HT vs Control",-0.219898246686766,-1.5892107212256,6.82888537345576,0.356579513994971,1,"ALDEx2","Proteobacteria","Alphaproteobacteria","Rhizobiales","Rhizobiaceae","Cohaesibacter"
"ASV254","Antibiotics + HT vs Control",0.0107956179828243,0.0850036754447654,6.80030298927652,0.861084773710639,1,"ALDEx2","Proteobacteria","Alphaproteobacteria","Caulobacterales","Hyphomonadaceae","Algimonas"
"ASV616","Antibiotics + HT vs Control",0.150185145685064,1.04072298381177,5.3311399124481,0.639853469837853,1,"ALDEx2","Proteobacteria","Alphaproteobacteria","Caulobacterales","Hyphomonadaceae","Algimonas"
"ASV403","Antibiotics + HT vs Control",0.119009535027119,0.948171289358923,6.81698263049488,0.668298618513263,1,"ALDEx2","Proteobacteria","Alphaproteobacteria","Caulobacterales","Hyphomonadaceae","Unclassified"
"ASV521","Antibiotics + HT vs Control",0.105970542642431,0.679946173830849,5.61231103345952,0.651814479639092,1,"ALDEx2","Proteobacteria","Alphaproteobacteria","Caulobacterales","Hyphomonadaceae","Ponticaulis"
"ASV239","Antibiotics + HT vs Control",-0.0522648753748505,-0.333424709485446,7.15295212208993,0.717571310485139,1,"ALDEx2","Proteobacteria","Alphaproteobacteria","Caulobacterales","Hyphomonadaceae","Henriciella"
"ASV112","Antibiotics + HT vs Control",-0.0303326761082122,-0.157826032617296,6.40370568702745,0.753231930252511,1,"ALDEx2","Proteobacteria","Alphaproteobacteria","Caulobacterales","Hyphomonadaceae","Henriciella"
"ASV277","Antibiotics + HT vs Control",0.0560235870676703,0.532591559352639,7.69433750701818,0.706249924306469,1,"ALDEx2","Proteobacteria","Alphaproteobacteria","Caulobacterales","Hyphomonadaceae","Unclassified"
"ASV818","Antibiotics + HT vs Control",0.0422452052347314,0.369093182051428,6.11106895063976,0.799821069187608,1,"ALDEx2","Proteobacteria","Alphaproteobacteria","Caulobacterales","Hyphomonadaceae","Unclassified"
"ASV424","Antibiotics + HT vs Control",0.0035772245681507,0.0191826870669631,6.6638202025032,0.819513714748293,1,"ALDEx2","Proteobacteria","Alphaproteobacteria","Caulobacterales","Hyphomonadaceae","Hellea"
"ASV1228","Antibiotics + HT vs Control",0.135035200396951,0.709844916502911,4.57690309236306,0.741906821823616,1,"ALDEx2","Proteobacteria","Alphaproteobacteria","Caulobacterales","Hyphomonadaceae","Hellea"
"ASV419","Antibiotics + HT vs Control",0.228962036433704,1.57907312533282,7.06327227030999,0.440929562295127,1,"ALDEx2","Proteobacteria","Gammaproteobacteria","Burkholderiales","Methylophilaceae","Methylotenera"
"ASV81","Antibiotics + HT vs Control",-0.0264696144802813,-0.125174925441889,4.8968695970975,0.571004085942656,1,"ALDEx2","Proteobacteria","Gammaproteobacteria","Burkholderiales","Methylophilaceae","OM43 clade"
"ASV484","Antibiotics + HT vs Control",-0.0275544087618947,-0.190252770262067,6.78527237935252,0.706295329033865,1,"ALDEx2","Proteobacteria","Alphaproteobacteria","Sneathiellales","Sneathiellaceae","Sneathiella"
"ASV151","Antibiotics + HT vs Control",0.0751645310513157,0.438953890024478,5.51221585453235,0.798116288498172,1,"ALDEx2","Proteobacteria","Alphaproteobacteria","Rickettsiales","SM2D12","Unclassified"
"ASV1922","Antibiotics + HT vs Control",0.173040244015065,1.03371440849538,5.69332656996511,0.560520230820419,1,"ALDEx2","Proteobacteria","Alphaproteobacteria","Kordiimonadales","Kordiimonadaceae","Kordiimonas"
"ASV33","Antibiotics + HT vs Control",-0.33056776080842,-1.32513058540117,2.93596427500588,0.100566426563,1,"ALDEx2","Proteobacteria","Alphaproteobacteria","Puniceispirillales","SAR116 clade","Candidatus Puniceispirillum"
"ASV704","Antibiotics + HT vs Control",0.100145172826391,0.639724801230845,5.61223581876076,0.720956631490289,1,"ALDEx2","Proteobacteria","Alphaproteobacteria","Rhodobacterales","Rhodobacteraceae","Oceanicella"
"ASV317","Antibiotics + HT vs Control",0.0770382218360381,0.606078736496349,6.94003018767153,0.736310301630432,1,"ALDEx2","Proteobacteria","Alphaproteobacteria","Rhodobacterales","Rhodobacteraceae","Paracoccus"
"ASV115","Antibiotics + HT vs Control",0.230499318817157,1.50851325192983,7.35481720123963,0.368912187999534,1,"ALDEx2","Proteobacteria","Alphaproteobacteria","Rhodobacterales","Rhodobacteraceae","Paracoccus"
"ASV1246","Antibiotics + HT vs Control",-0.0211486455189278,-0.0978476198985412,5.61084444617472,0.631396731319227,1,"ALDEx2","Proteobacteria","Gammaproteobacteria","Pseudomonadales","KI89A clade","Unclassified"
"ASV971","Antibiotics + HT vs Control",0.211494527155344,1.18921143962717,5.00354407937117,0.532492597468414,1,"ALDEx2","Proteobacteria","Gammaproteobacteria","Pseudomonadales","KI89A clade","Unclassified"
"ASV340","Antibiotics + HT vs Control",0.155433609379344,0.991699502141516,6.01897406780567,0.60280014648527,1,"ALDEx2","Proteobacteria","Gammaproteobacteria","Pseudomonadales","KI89A clade","Unclassified"
"ASV899","Antibiotics + HT vs Control",0.0238845602400392,0.189458986569933,5.66715905222431,0.771077846613649,1,"ALDEx2","Proteobacteria","Gammaproteobacteria","Pseudomonadales","KI89A clade","Unclassified"
"ASV2359","Antibiotics + HT vs Control",0.206192744857915,1.15757681841397,5.0759327625184,0.469784543310253,1,"ALDEx2","Proteobacteria","Gammaproteobacteria","Pseudomonadales","KI89A clade","Unclassified"
"ASV442","Antibiotics + HT vs Control",0.0236946265501623,0.125622178459161,7.01521234765386,0.850305849206583,1,"ALDEx2","Proteobacteria","Alphaproteobacteria","Rhizobiales","Rhizobiaceae","Unclassified"
"ASV31","Antibiotics + HT vs Control",-0.0450337658917226,-0.32687105335518,6.76306265379836,0.828759419874552,1,"ALDEx2","Proteobacteria","Alphaproteobacteria","Rhizobiales","Rhizobiaceae","Pseudahrensia"
"ASV90","Antibiotics + HT vs Control",-0.191282766046154,-1.25914106967307,8.56819018673261,0.507198680841136,1,"ALDEx2","Proteobacteria","Alphaproteobacteria","Rhizobiales","Rhizobiaceae","Lentilitoribacter"
"ASV886","Antibiotics + HT vs Control",-0.0111662757260191,-0.0765421802938882,6.33890897715695,0.678721988245188,1,"ALDEx2","Proteobacteria","Alphaproteobacteria","Rhizobiales","Rhizobiaceae","Mesorhizobium"
"ASV76","Antibiotics + HT vs Control",-0.0921533877612498,-0.681661505803789,6.22717996661473,0.667296087414681,1,"ALDEx2","Proteobacteria","Alphaproteobacteria","Kiloniellales","Kiloniellaceae","Unclassified"
"ASV66","Antibiotics + HT vs Control",0.0658949154066084,0.343017024358674,3.05846151481775,0.869529100596754,1,"ALDEx2","Proteobacteria","Alphaproteobacteria","Puniceispirillales","SAR116 clade","Unclassified"
"ASV117","Antibiotics + HT vs Control",-0.142356428217931,-1.14589635328754,8.68821038669764,0.548811955637181,1,"ALDEx2","Proteobacteria","Alphaproteobacteria","Rhizobiales","Rhizobiaceae","Unclassified"
"ASV703","Antibiotics + HT vs Control",0.0325666700587016,0.164793710255879,5.55796447278367,0.756149650405548,1,"ALDEx2","Proteobacteria","Alphaproteobacteria","Rhizobiales","Rhizobiaceae","Pseudaminobacter"
"ASV314","Antibiotics + HT vs Control",0.191652015775028,1.38521240548504,7.06829202765882,0.58538620321066,1,"ALDEx2","Proteobacteria","Alphaproteobacteria","Rhizobiales","Rhizobiaceae","Brucella"
"ASV224","Antibiotics + HT vs Control",0.0326839161152089,0.273039200275992,7.84836274665795,0.753597632637565,1,"ALDEx2","Proteobacteria","Alphaproteobacteria","Rhizobiales","Rhizobiaceae","Unclassified"
"ASV199","Antibiotics + HT vs Control",-0.178957104568243,-1.3804325682695,7.33619613806088,0.50301026635546,1,"ALDEx2","Proteobacteria","Alphaproteobacteria","Rhizobiales","Methyloligellaceae","Unclassified"
"ASV386","Antibiotics + HT vs Control",-0.162546777253032,-1.01317859216773,5.80963942611221,0.585699087980438,1,"ALDEx2","Proteobacteria","Alphaproteobacteria","Micavibrionales","Micavibrionaceae","Unclassified"
"ASV414","Antibiotics + HT vs Control",-0.170315534024761,-1.15457958429843,6.39160496376174,0.592817852078635,1,"ALDEx2","Proteobacteria","Gammaproteobacteria","Xanthomonadales","Xanthomonadaceae","Arenimonas"
"ASV1471","Antibiotics + HT vs Control",0.24122936335949,1.33999481676581,5.25285414347759,0.492349798195736,1,"ALDEx2","Proteobacteria","Alphaproteobacteria","Rhizobiales","Hyphomicrobiaceae","Filomicrobium"
"ASV458","Antibiotics + HT vs Control",0.101837625688466,0.746650927015236,6.48902525148129,0.729247312870778,1,"ALDEx2","Proteobacteria","Gammaproteobacteria","Burkholderiales","Nitrosomonadaceae","Nitrosomonas"
"ASV1257","Antibiotics + HT vs Control",0.180453417244074,1.06015032851168,5.39460056918629,0.627634065820419,1,"ALDEx2","Desulfobacterota","Desulfobacteria","Desulfobacterales","Desulfosarcinaceae","Sva0081 sediment group"
"ASV232","Antibiotics + HT vs Control",0.499549536910295,3.70567411874049,6.60022117097814,0.1581828405895,1,"ALDEx2","Nitrospinota","Nitrospinia","Nitrospinales","Nitrospinaceae","LS-NOB"
"ASV452","Antibiotics + HT vs Control",0.213770989070488,1.28560596766374,5.70197911121435,0.615157434374357,1,"ALDEx2","Nitrospinota","Nitrospinia","Nitrospinales","Nitrospinaceae","Nitrospina"
"ASV80","Antibiotics + HT vs Control",-0.0132879130527225,-0.127732667215096,6.7908928612715,0.6078155692913,1,"ALDEx2","Bdellovibrionota","Bdellovibrionia","Bdellovibrionales","Bdellovibrionaceae","OM27 clade"
"ASV190","Antibiotics + HT vs Control",0.148148406648939,1.10713149314597,7.31472606820911,0.662712895575578,1,"ALDEx2","Bdellovibrionota","Bdellovibrionia","Bdellovibrionales","Bdellovibrionaceae","OM27 clade"
"ASV475","Antibiotics + HT vs Control",-0.00453176815828342,-0.019177977855775,6.00694112830248,0.659208756382451,1,"ALDEx2","Bdellovibrionota","Bdellovibrionia","Bdellovibrionales","Bdellovibrionaceae","OM27 clade"
"ASV1268","Antibiotics + HT vs Control",0.0822032269179,0.538752669467604,5.53405260454103,0.744711189829748,1,"ALDEx2","Bdellovibrionota","Bdellovibrionia","Bdellovibrionales","Bdellovibrionaceae","OM27 clade"
"ASV2066","Antibiotics + HT vs Control",0.124610414208331,0.717569178515083,4.91476727107396,0.711867705444707,1,"ALDEx2","Bdellovibrionota","Bdellovibrionia","Bdellovibrionales","Bdellovibrionaceae","OM27 clade"
"ASV859","Antibiotics + HT vs Control",0.0621696616186588,0.336434023318762,5.7676470596449,0.755665619832832,1,"ALDEx2","Bdellovibrionota","Bdellovibrionia","Bdellovibrionales","Bdellovibrionaceae","OM27 clade"
"ASV1016","Antibiotics + HT vs Control",0.139555332195968,0.81073877192957,4.81683918852457,0.657433716910728,1,"ALDEx2","Bdellovibrionota","Bdellovibrionia","Bdellovibrionales","Bdellovibrionaceae","OM27 clade"
"ASV1331","Antibiotics + HT vs Control",0.335189816931909,2.17723345475674,5.76716044299944,0.339124756087031,1,"ALDEx2","Myxococcota","Polyangia","Nannocystales","Nannocystaceae","Unclassified"
"ASV705","Antibiotics + HT vs Control",-0.0544570583015676,-0.292097223014558,5.65983077477946,0.639658578063381,1,"ALDEx2","Myxococcota","Polyangia","Nannocystales","Nannocystaceae","Unclassified"
"ASV792","Antibiotics + HT vs Control",-0.0318076483096251,-0.199812200777655,5.86272001805168,0.702123889859745,1,"ALDEx2","Firmicutes","Clostridia","Peptostreptococcales-Tissierellales","Fusibacteraceae","Fusibacter"
"ASV555","Antibiotics + HT vs Control",-0.0770009051494394,-0.508990603968762,5.63447322769334,0.705172643050274,1,"ALDEx2","Firmicutes","Bacilli","Mycoplasmatales","Mycoplasmataceae","Unclassified"
"ASV730","Antibiotics + HT vs Control",-0.00765284178065116,-0.0704788750360361,6.265069775411,0.767642118359007,1,"ALDEx2","Bdellovibrionota","Bdellovibrionia","Bdellovibrionales","Bdellovibrionaceae","Bdellovibrio"
"ASV801","Antibiotics + HT vs Control",0.231199671293318,1.48515411175554,6.12116914102744,0.490367012549823,1,"ALDEx2","Bdellovibrionota","Bdellovibrionia","Bacteriovoracales","Bacteriovoracaceae","Peredibacter"
"ASV775","Antibiotics + HT vs Control",0.199498917518606,1.18605202248957,5.0510818503305,0.5394344462091,1,"ALDEx2","Bdellovibrionota","Bdellovibrionia","Bacteriovoracales","Bacteriovoracaceae","Unclassified"
"ASV585","Antibiotics + HT vs Control",0.0874973990075548,0.578506235743216,5.93107920484745,0.774068478144288,1,"ALDEx2","Desulfobacterota","Desulfobulbia","Desulfobulbales","Desulfocapsaceae","Unclassified"
"ASV814","Antibiotics + HT vs Control",0.310889872630273,1.75476084590036,5.83204309872215,0.302702270433189,1,"ALDEx2","Actinobacteriota","Acidimicrobiia","Microtrichales","Microtrichaceae","Sva0996 marine group"
"ASV119","Antibiotics + HT vs Control",-0.00532405548436621,-0.0548026557154326,7.38561558120757,0.740905912652021,1,"ALDEx2","Actinobacteriota","Acidimicrobiia","Microtrichales","Microtrichaceae","Sva0996 marine group"
"ASV262","Antibiotics + HT vs Control",0.1801577396014,1.24153276662113,7.12570416612256,0.58864603361553,1,"ALDEx2","Actinobacteriota","Acidimicrobiia","Microtrichales","Microtrichaceae","Sva0996 marine group"
"ASV356","Antibiotics + HT vs Control",0.0694978996870913,0.49001113235662,6.86620498930362,0.817312438172203,1,"ALDEx2","Actinobacteriota","Acidimicrobiia","Microtrichales","Microtrichaceae","Sva0996 marine group"
"ASV1262","Antibiotics + HT vs Control",-0.009854401803327,-0.0821622228096146,5.43865378304064,0.755754549093924,1,"ALDEx2","Actinobacteriota","Acidimicrobiia","Microtrichales","Microtrichaceae","Sva0996 marine group"
"ASV471","Antibiotics + HT vs Control",0.066419598117,0.377048935138918,5.51609539617321,0.805594507790168,1,"ALDEx2","Actinobacteriota","Acidimicrobiia","Microtrichales","Microtrichaceae","Sva0996 marine group"
"ASV785","Antibiotics + HT vs Control",-0.0900070804667355,-0.554880552433503,5.9393823284019,0.699448511073374,1,"ALDEx2","Nitrospirota","Nitrospiria","Nitrospirales","Nitrospiraceae","Nitrospira"
"ASV49","Antibiotics + HT vs Control",-0.18204374306137,-0.814890995285701,2.72156389261831,0.136983114852221,1,"ALDEx2","Actinobacteriota","Acidimicrobiia","Actinomarinales","Actinomarinaceae","Candidatus Actinomarina"
"ASV1091","Antibiotics + HT vs Control",0.149702336435809,0.817000388364571,4.77305538842575,0.60429886595222,1,"ALDEx2","Actinobacteriota","Acidimicrobiia","Microtrichales","Microtrichaceae","Sva0996 marine group"
"ASV574","Antibiotics + HT vs Control",0.134456831607478,0.840092416815288,6.45801553904295,0.725469022718236,1,"ALDEx2","Proteobacteria","Alphaproteobacteria","Caulobacterales","Caulobacteraceae","Unclassified"
"ASV287","Antibiotics + HT vs Control",-0.333942741282397,-2.30565121038719,6.84930181769593,0.34085632074092,1,"ALDEx2","Proteobacteria","Alphaproteobacteria","Caulobacterales","Caulobacteraceae","Unclassified"
"ASV490","Antibiotics + HT vs Control",0.103199554566672,0.615078240019375,6.27682613985271,0.751953070186892,1,"ALDEx2","Proteobacteria","Alphaproteobacteria","Caulobacterales","Caulobacteraceae","Caulobacter"
"ASV824","Antibiotics + HT vs Control",0.250985316955655,1.502821707252,5.70980358687985,0.541991013162817,1,"ALDEx2","Proteobacteria","Gammaproteobacteria","Pseudomonadales","Halieaceae","OM60(NOR5) clade"
"ASV511","Antibiotics + HT vs Control",-0.190002623322832,-1.03289813999259,6.52033106602618,0.536252390235579,1,"ALDEx2","Proteobacteria","Gammaproteobacteria","Pseudomonadales","Halieaceae","Marimicrobium"
"ASV556","Antibiotics + HT vs Control",0.183969469709964,1.16489681911715,6.0711737291558,0.468232855643918,1,"ALDEx2","Proteobacteria","Gammaproteobacteria","Pseudomonadales","Halieaceae","Marimicrobium"
"ASV305","Antibiotics + HT vs Control",0.15141381121655,1.15737182645457,6.8492915320411,0.663803744745957,1,"ALDEx2","Proteobacteria","Gammaproteobacteria","Pseudomonadales","Halieaceae","Marimicrobium"
"ASV764","Antibiotics + HT vs Control",0.174721842957876,0.968104892353955,4.9130844110273,0.625091948695841,1,"ALDEx2","Proteobacteria","Gammaproteobacteria","Pseudomonadales","Halieaceae","Marimicrobium"
"ASV208","Antibiotics + HT vs Control",-0.129761362923916,-0.988743238522959,6.4121421205694,0.547963435156049,1,"ALDEx2","Proteobacteria","Gammaproteobacteria","Pseudomonadales","Halieaceae","OM60(NOR5) clade"
"ASV686","Antibiotics + HT vs Control",0.171456550137892,0.954113671405986,4.89465142589185,0.667642773526785,1,"ALDEx2","Proteobacteria","Gammaproteobacteria","Pseudomonadales","Halieaceae","OM60(NOR5) clade"
"ASV107","Antibiotics + HT vs Control",0.118145571976475,0.501327528299048,2.43669489329335,0.874080984781829,1,"ALDEx2","Proteobacteria","Gammaproteobacteria","Pseudomonadales","Halieaceae","Luminiphilus"
"ASV35","Antibiotics + HT vs Control",-0.0365317554661855,-0.101505452660669,1.03920883140135,0.488667002893532,1,"ALDEx2","Proteobacteria","Gammaproteobacteria","Pseudomonadales","Halieaceae","OM60(NOR5) clade"
"ASV293","Antibiotics + HT vs Control",0.0373006559137357,0.211021232993418,6.06851394235964,0.764322623052185,1,"ALDEx2","Proteobacteria","Gammaproteobacteria","Pseudomonadales","Halieaceae","Luminiphilus"
"ASV390","Antibiotics + HT vs Control",0.00632194940934216,0.0750162365716402,6.16717811909468,0.818934193401132,1,"ALDEx2","Proteobacteria","Gammaproteobacteria","Pseudomonadales","Halieaceae","Halioglobus"
"ASV463","Antibiotics + HT vs Control",-0.03538866954655,-0.249172508039624,6.13841297650474,0.774143272343725,1,"ALDEx2","Proteobacteria","Gammaproteobacteria","Pseudomonadales","Halieaceae","Halioglobus"
"ASV1373","Antibiotics + HT vs Control",0.170468327653429,0.988000984333852,5.09614338878571,0.663442877222671,1,"ALDEx2","Proteobacteria","Gammaproteobacteria","Pseudomonadales","Halieaceae","Unclassified"
"ASV838","Antibiotics + HT vs Control",-0.0227871865718972,-0.176689850524975,6.17719526785971,0.762561523633271,1,"ALDEx2","Proteobacteria","Gammaproteobacteria","Pseudomonadales","Spongiibacteraceae","Spongiibacter"
"ASV598","Antibiotics + HT vs Control",0.0262690829418095,0.134975850122374,6.2325764022921,0.75344979530832,1,"ALDEx2","Proteobacteria","Gammaproteobacteria","Pseudomonadales","Halieaceae","Unclassified"
"ASV214","Antibiotics + HT vs Control",-0.00394251159778475,-0.038969539659977,7.19426173467505,0.792796919283606,1,"ALDEx2","Proteobacteria","Gammaproteobacteria","Pseudomonadales","Halieaceae","Halioglobus"
"ASV825","Antibiotics + HT vs Control",0.0705267903951728,0.390214665138028,5.40285427795682,0.77409765339344,1,"ALDEx2","Proteobacteria","Gammaproteobacteria","Pseudomonadales","Halieaceae","Halioglobus"
"ASV538","Antibiotics + HT vs Control",0.126631843946005,0.928350156832224,6.55929701105564,0.685035932985935,1,"ALDEx2","Proteobacteria","Gammaproteobacteria","Pseudomonadales","Spongiibacteraceae","Unclassified"
"ASV1069","Antibiotics + HT vs Control",-0.0143915420869964,-0.0760240964822598,5.1337890942893,0.763320535748063,1,"ALDEx2","Proteobacteria","Gammaproteobacteria","Pseudomonadales","Spongiibacteraceae","Dasania"
"ASV237","Antibiotics + HT vs Control",0.383735032871995,2.80577007541172,6.92791146602113,0.291884207189534,1,"ALDEx2","Proteobacteria","Alphaproteobacteria","Rhodospirillales","Terasakiellaceae","Terasakiella"
"ASV1047","Antibiotics + HT vs Control",0.125371138587023,0.861586484513877,6.42216857298278,0.683845509196995,1,"ALDEx2","Proteobacteria","Alphaproteobacteria","Kiloniellales","Kiloniellaceae","Unclassified"
"ASV370","Antibiotics + HT vs Control",-0.174120454183492,-1.08851912265365,5.66533676168405,0.453069778872634,1,"ALDEx2","Proteobacteria","Alphaproteobacteria","Parvibaculales","Parvibaculaceae","Unclassified"
"ASV93","Antibiotics vs Control",-1.73097829200017,-6.79773497640658,3.50091619321193,1.25004357391205e-05,0.00915889214616442,"ALDEx2","Bacteroidota","Bacteroidia","Flavobacteriales","Flavobacteriaceae","Formosa"
"ASV45","Antibiotics vs Control",-1.14286744669407,-6.87864903985797,4.9342765080255,0.000289957668344026,0.0945478093948761,"ALDEx2","Proteobacteria","Alphaproteobacteria","Rhodobacterales","Rhodobacteraceae","Planktomarina"
"ASV205","Antibiotics vs Control",-0.879551507892861,-4.07739157584062,3.65558044021366,0.00202128491193872,0.278372507427669,"ALDEx2","Bacteroidota","Bacteroidia","Flavobacteriales","Flavobacteriaceae","NS5 marine group"
"ASV74","Antibiotics vs Control",-0.797111438860141,-4.95649256252784,5.17341325899477,0.00420011403741033,0.4010482625191,"ALDEx2","Proteobacteria","Alphaproteobacteria","Sphingomonadales","Sphingomonadaceae","Sphingorhabdus"
"ASV108","Antibiotics vs Control",-0.745805141857907,-4.3580236677486,4.54624564343034,0.00431704559402905,0.406429971089074,"ALDEx2","Proteobacteria","Gammaproteobacteria","Pseudomonadales","SAR86 clade","Unclassified"
"ASV148","Antibiotics vs Control",-0.633615194523839,-3.04599960631635,4.5861762151658,0.00588477073711654,0.465124872488551,"ALDEx2","Bacteroidota","Bacteroidia","Flavobacteriales","Flavobacteriaceae","Muricauda"
"ASV163","Antibiotics vs Control",-0.854253528305192,-4.48882384546056,4.64391508744164,0.0207924737362758,0.483090884567373,"ALDEx2","Planctomycetota","Planctomycetes","Pirellulales","Pirellulaceae","Blastopirellula"
"ASV28","Antibiotics vs Control",-0.592117903176936,-4.69758848057447,6.38871188438032,0.0131371357068724,0.634177637576447,"ALDEx2","Cyanobacteria","Cyanobacteriia","Synechococcales","Cyanobiaceae","Synechococcus CC9902"
"ASV137","Antibiotics vs Control",-0.850364947951407,-4.92078246296019,5.24733811493105,0.0365520562557457,0.641466118031457,"ALDEx2","Proteobacteria","Gammaproteobacteria","Enterobacterales","Pseudoalteromonadaceae","Pseudoalteromonas"
"ASV83","Antibiotics vs Control",-0.359526610549964,-1.24661251622942,3.60750758238559,0.0156889824765751,0.659929402280787,"ALDEx2","Proteobacteria","Gammaproteobacteria","Pseudomonadales","Pseudohongiellaceae","Pseudohongiella"
"ASV46","Antibiotics vs Control",-0.39159131813254,-0.877625964882137,2.78114842562105,0.0166473234137551,0.680969501913743,"ALDEx2","Proteobacteria","Alphaproteobacteria","Parvibaculales","PS1 clade","Unclassified"
"ASV209","Antibiotics vs Control",-0.847829144766782,-5.59982570158116,5.56237292062256,0.0438631600366424,0.683520284481004,"ALDEx2","Bacteroidota","Bacteroidia","Flavobacteriales","Flavobacteriaceae","Psychroserpens"
"ASV186","Antibiotics vs Control",-0.699031679160419,-4.33992224814248,5.13612689091829,0.0531643039629832,0.696289000461217,"ALDEx2","Bacteroidota","Bacteroidia","Flavobacteriales","Flavobacteriaceae","NS4 marine group"
"ASV1052","Antibiotics vs Control",0.701745839131382,4.08320139052872,4.91880803153714,0.0460350458309666,0.714577844073716,"ALDEx2","Proteobacteria","Gammaproteobacteria","Pseudomonadales","KI89A clade","Unclassified"
"ASV95","Antibiotics vs Control",-0.835082276399295,-5.4847965934883,5.91389224021813,0.0489252550609217,0.720018191861128,"ALDEx2","Bacteroidota","Bacteroidia","Chitinophagales","Saprospiraceae","Unclassified"
"ASV851","Antibiotics vs Control",0.770508759591792,4.96217521898093,6.090603923073,0.0286828385260252,0.724165555110258,"ALDEx2","Actinobacteriota","Actinobacteria","Micrococcales","Microbacteriaceae","Unclassified"
"ASV158","Antibiotics vs Control",-0.593281915893532,-3.17703329570875,5.13730887669997,0.0535344060173171,0.72781225319721,"ALDEx2","Bacteroidota","Bacteroidia","Flavobacteriales","Flavobacteriaceae","NS3a marine group"
"ASV195","Antibiotics vs Control",-0.702576210051211,-4.51432017821576,5.69461415137917,0.0779269437849506,0.743083766129766,"ALDEx2","Proteobacteria","Gammaproteobacteria","Pseudomonadales","SAR86 clade","Unclassified"
"ASV486","Antibiotics vs Control",0.704363062144205,4.38963139345624,5.6155672943194,0.0394476609188052,0.771149597351587,"ALDEx2","Proteobacteria","Alphaproteobacteria","Caulobacterales","Caulobacteraceae","Brevundimonas"
"ASV70","Antibiotics vs Control",-0.649613847485072,-5.05142166547011,6.79810423985887,0.0473553167669178,0.779848587872,"ALDEx2","Proteobacteria","Alphaproteobacteria","Rhodobacterales","Rhodobacteraceae","Tateyamaria"
"ASV797","Antibiotics vs Control",0.697442230013735,3.75867192695702,5.2824226374192,0.052582855893772,0.78707295881978,"ALDEx2","Planctomycetota","Phycisphaerae","Phycisphaerales","Phycisphaeraceae","Unclassified"
"ASV24","Antibiotics vs Control",-0.244661856058439,-1.03778054965003,3.64945662540506,0.0284974418648601,0.801368402063879,"ALDEx2","Proteobacteria","Alphaproteobacteria","Rhodobacterales","Rhodobacteraceae","Amylibacter"
"ASV327","Antibiotics vs Control",-0.692113282242711,-4.62660119778566,5.83316036281327,0.113915480694296,0.813822737967135,"ALDEx2","Bacteroidota","Bacteroidia","Chitinophagales","Saprospiraceae","Lewinella"
"ASV164","Antibiotics vs Control",-0.696322774980774,-4.73028928183868,6.42516623168069,0.0740549179987104,0.819443848569994,"ALDEx2","Proteobacteria","Alphaproteobacteria","Rhodobacterales","Rhodobacteraceae","Unclassified"
"ASV4769","Antibiotics vs Control",0.679847458059991,3.5454627385314,4.51724033895156,0.0909607895053806,0.828665165742677,"ALDEx2","Firmicutes","Bacilli","Lactobacillales","Lactobacillaceae","Pediococcus"
"ASV49","Antibiotics vs Control",-0.404489280326723,-1.132407249762,2.3068788204668,0.0324359222408945,0.830958063818124,"ALDEx2","Actinobacteriota","Acidimicrobiia","Actinomarinales","Actinomarinaceae","Candidatus Actinomarina"
"ASV394","Antibiotics vs Control",-0.651341070642915,-3.80837208977888,5.64805769147088,0.117701363515274,0.838503620822955,"ALDEx2","Actinobacteriota","Acidimicrobiia","Microtrichales","Microtrichaceae","Unclassified"
"ASV87","Antibiotics vs Control",-0.540007210663102,-4.13390130437305,6.21887925903532,0.0643791987238268,0.845052743100125,"ALDEx2","Proteobacteria","Gammaproteobacteria","Pseudomonadales","Nitrincolaceae","Unclassified"
"ASV1592","Antibiotics vs Control",0.591165761283181,3.34489738697771,4.96577810794115,0.088434438314309,0.845164696106447,"ALDEx2","Planctomycetota","Planctomycetes","Pirellulales","Pirellulaceae","Unclassified"
"ASV1581","Antibiotics vs Control",0.585639126470646,3.28488282814746,5.54510750051036,0.0755542452232204,0.847899751547016,"ALDEx2","Proteobacteria","Gammaproteobacteria","Pseudomonadales","Cellvibrionaceae","Aestuariicella"
"ASV153","Antibiotics vs Control",-0.629508219872745,-5.0378970490369,6.98027783597706,0.0814267553623148,0.863608304510014,"ALDEx2","Proteobacteria","Gammaproteobacteria","Enterobacterales","Alteromonadaceae","Alteromonas"
"ASV261","Antibiotics vs Control",-0.610378651779073,-3.63494901138313,5.39972481582676,0.112578243558304,0.863647792109709,"ALDEx2","Proteobacteria","Gammaproteobacteria","Pseudomonadales","Alcanivoracaceae","Ketobacter"
"ASV41","Antibiotics vs Control",-0.361383843080637,-0.88960725187695,1.69144937976155,0.0385164602053847,0.868846104999746,"ALDEx2","Bacteroidota","Bacteroidia","Flavobacteriales","Flavobacteriaceae","NS5 marine group"
"ASV210","Antibiotics vs Control",-0.468262875373676,-2.73272969230202,5.36918160344891,0.079853557919259,0.875959224957552,"ALDEx2","Bacteroidota","Bacteroidia","Flavobacteriales","Flavobacteriaceae","NS4 marine group"
"ASV563","Antibiotics vs Control",0.576934149264674,3.06740439097454,5.30778337878472,0.114205714000897,0.876728178398169,"ALDEx2","Bdellovibrionota","Bdellovibrionia","Bdellovibrionales","Bdellovibrionaceae","OM27 clade"
"ASV100","Antibiotics vs Control",-0.575433638709859,-3.86777401773219,5.63543723251026,0.124126283189076,0.878050296949442,"ALDEx2","Proteobacteria","Gammaproteobacteria","Pseudomonadales","Alcanivoracaceae","Ketobacter"
"ASV1922","Antibiotics vs Control",0.533335424919335,3.02090171787903,5.157582936925,0.109723309719038,0.883168126490274,"ALDEx2","Proteobacteria","Alphaproteobacteria","Kordiimonadales","Kordiimonadaceae","Kordiimonas"
"ASV571","Antibiotics vs Control",-0.615356338526908,-3.84847991606348,5.44594234186392,0.15811061264551,0.884204614799351,"ALDEx2","Proteobacteria","Gammaproteobacteria","Enterobacterales","Vibrionaceae","Vibrio"
"ASV106","Antibiotics vs Control",-0.588829179834182,-4.19160969490214,6.14852027982523,0.145836432861277,0.884589227245627,"ALDEx2","Proteobacteria","Gammaproteobacteria","Pseudomonadales","Alcanivoracaceae","Ketobacter"
"ASV225","Antibiotics vs Control",-0.635191284626623,-4.20378099797076,5.99917673380886,0.165200311245997,0.88577818987461,"ALDEx2","Proteobacteria","Gammaproteobacteria","Enterobacterales","Colwelliaceae","Colwellia"
"ASV17","Antibiotics vs Control",0.767196117080258,1.6082261516258,2.06787409280341,0.0154743030531274,0.885941402367741,"ALDEx2","Proteobacteria","Alphaproteobacteria","Rhodobacterales","Rhodobacteraceae","Unclassified"
"ASV187","Antibiotics vs Control",-0.593067600367553,-3.88773388157468,6.10556107717092,0.152307986742352,0.89659856364365,"ALDEx2","Nitrospinota","Nitrospinia","Nitrospinales","Nitrospinaceae","LS-NOB"
"ASV229","Antibiotics vs Control",-0.579275550603471,-4.01386266783695,6.37001044974368,0.156962848942082,0.902486709795219,"ALDEx2","Bacteroidota","Bacteroidia","Flavobacteriales","Flavobacteriaceae","Formosa"
"ASV722","Antibiotics vs Control",0.528480010168989,2.77142470536245,4.80125716836485,0.144604028817072,0.90359518462901,"ALDEx2","Proteobacteria","Alphaproteobacteria","Rhodobacterales","Rhodobacteraceae","Roseobacter clade CHAB-I-5 lineage"
"ASV342","Antibiotics vs Control",-0.629496623674439,-4.20800594440445,6.14086737487046,0.145550813779226,0.90696145832227,"ALDEx2","Planctomycetota","Phycisphaerae","Phycisphaerales","Phycisphaeraceae","SM1A02"
"ASV180","Antibiotics vs Control",-0.48795653865832,-2.59980696908934,5.56623720576457,0.14102054219578,0.907094968371642,"ALDEx2","Proteobacteria","Gammaproteobacteria","Pseudomonadales","Thioglobaceae","Candidatus Thioglobus"
"ASV1750","Antibiotics vs Control",0.52139535384506,2.72630593916843,4.9083616661956,0.162706462159137,0.907484143180501,"ALDEx2","Proteobacteria","Gammaproteobacteria","Pseudomonadales","Cellvibrionaceae","Unclassified"
"ASV605","Antibiotics vs Control",-0.524616371613138,-3.54421104190469,5.7285503758172,0.17083233818136,0.908807901420597,"ALDEx2","Bacteroidota","Bacteroidia","Flavobacteriales","Flavobacteriaceae","Formosa"
"ASV34","Antibiotics vs Control",-0.302145574885289,-1.24679789739202,2.87462467953864,0.0430323013747758,0.908987073158202,"ALDEx2","Proteobacteria","Alphaproteobacteria","Rhodobacterales","Rhodobacteraceae","Planktotalea"
"ASV688","Antibiotics vs Control",-0.47831718350032,-2.96529579871921,5.4751369370183,0.203951268326548,0.909978244359339,"ALDEx2","Bacteroidota","Bacteroidia","Flavobacteriales","Cryomorphaceae","Unclassified"
"ASV425","Antibiotics vs Control",-0.4850579362223,-3.42412375958886,5.50800140405603,0.138838597044654,0.910039583058938,"ALDEx2","Proteobacteria","Gammaproteobacteria","Pseudomonadales","OM182 clade","Unclassified"
"ASV1165","Antibiotics vs Control",-0.500621674864688,-3.22532853800034,5.57776265264699,0.202402463714307,0.910549047489165,"ALDEx2","Proteobacteria","Gammaproteobacteria","Pseudomonadales","Spongiibacteraceae","BD1-7 clade"
"ASV574","Antibiotics vs Control",0.54911059712614,3.07340025154933,5.13600686326265,0.110297513706791,0.911517937354653,"ALDEx2","Proteobacteria","Alphaproteobacteria","Caulobacterales","Caulobacteraceae","Unclassified"
"ASV708","Antibiotics vs Control",0.443990824446623,2.25418232190783,4.57288312795627,0.20654798285962,0.911809849161864,"ALDEx2","Proteobacteria","Alphaproteobacteria","Rhodobacterales","Rhodobacteraceae","Octadecabacter"
"ASV356","Antibiotics vs Control",-0.489196810228977,-3.27645305029503,5.40651059742069,0.142596569975077,0.914259517264388,"ALDEx2","Actinobacteriota","Acidimicrobiia","Microtrichales","Microtrichaceae","Sva0996 marine group"
"ASV1508","Antibiotics vs Control",0.536820805227029,2.61442130982702,4.24807768867689,0.142633436466831,0.917773546883625,"ALDEx2","Proteobacteria","Alphaproteobacteria","Rhodobacterales","Rhodobacteraceae","Pseudopelagicola"
"ASV1471","Antibiotics vs Control",0.431258135370668,2.38982661991818,5.06915380685666,0.226661173333385,0.918842737594645,"ALDEx2","Proteobacteria","Alphaproteobacteria","Rhizobiales","Hyphomicrobiaceae","Filomicrobium"
"ASV22","Antibiotics vs Control",1.00590159265081,1.33903883253464,1.12868045192013,0.0202244148349981,0.918908726748561,"ALDEx2","Proteobacteria","Alphaproteobacteria","Rhodobacterales","Rhodobacteraceae","Pseudooceanicola"
"ASV102","Antibiotics vs Control",-0.582099864592175,-4.11748169976711,6.28473501853279,0.165655168143991,0.919934999039488,"ALDEx2","Proteobacteria","Gammaproteobacteria","Pseudomonadales","Alcanivoracaceae","Ketobacter"
"ASV661","Antibiotics vs Control",-0.448786080942377,-2.85563283056964,5.31442400981177,0.235234530791349,0.924146156980412,"ALDEx2","Proteobacteria","Gammaproteobacteria","Burkholderiales","Nitrosomonadaceae","Nitrosospira"
"ASV537","Antibiotics vs Control",0.410391114320459,2.1865367308224,4.81127497194962,0.193542468463858,0.925275089656182,"ALDEx2","Bdellovibrionota","Bdellovibrionia","Bdellovibrionales","Bdellovibrionaceae","OM27 clade"
"ASV558","Antibiotics vs Control",0.396428868636112,2.12236349847249,5.01440417652968,0.134985934669835,0.92538858191232,"ALDEx2","Bacteroidota","Bacteroidia","Flavobacteriales","Flavobacteriaceae","Unclassified"
"ASV1804","Antibiotics vs Control",0.474637980788388,2.40455315438148,4.5378977866575,0.18719534546398,0.925621730485441,"ALDEx2","Bdellovibrionota","Oligoflexia","Oligoflexales","Oligoflexaceae","Unclassified"
"ASV767","Antibiotics vs Control",0.474854681787485,2.62249379527143,4.87746956736377,0.147638297099652,0.926949741518003,"ALDEx2","Proteobacteria","Gammaproteobacteria","Pseudomonadales","Cellvibrionaceae","Umboniibacter"
"ASV1716","Antibiotics vs Control",0.476214775206585,2.43346240271642,4.62965056830901,0.18639715620294,0.928443905865994,"ALDEx2","Actinobacteriota","Actinobacteria","Propionibacteriales","Propionibacteriaceae","Cutibacterium"
"ASV2490","Antibiotics vs Control",0.526695660889656,2.54459613088296,4.52853845801447,0.192994894281712,0.931185226555601,"ALDEx2","Bacteroidota","Rhodothermia","Rhodothermales","Rhodothermaceae","Rubrivirga"
"ASV1896","Antibiotics vs Control",0.335197310275189,1.74158224824934,4.49686680565376,0.335485094261757,0.936469997984503,"ALDEx2","Actinobacteriota","Acidimicrobiia","Microtrichales","Microtrichaceae","Sva0996 marine group"
"ASV500","Antibiotics vs Control",0.542570769083738,3.00617752246335,5.44635978465505,0.124769118332281,0.936989818476652,"ALDEx2","Verrucomicrobiota","Verrucomicrobiae","Pedosphaerales","Pedosphaeraceae","SCGC AAA164-E04"
"ASV372","Antibiotics vs Control",0.417357909663277,2.07444270910053,4.48692140015785,0.236984151769445,0.937714435474846,"ALDEx2","Proteobacteria","Gammaproteobacteria","Enterobacterales","Alteromonadaceae","Aliiglaciecola"
"ASV471","Antibiotics vs Control",0.458862631624564,2.17500034536839,4.38056594782206,0.226820094392601,0.937810656094588,"ALDEx2","Actinobacteriota","Acidimicrobiia","Microtrichales","Microtrichaceae","Sva0996 marine group"
"ASV1060","Antibiotics vs Control",0.466552743874202,2.55792544668462,5.00040541115774,0.189399160318235,0.940154051259061,"ALDEx2","Proteobacteria","Gammaproteobacteria","Enterobacterales","Psychromonadaceae","Psychromonas"
"ASV307","Antibiotics vs Control",-0.522436346960182,-3.73449449875108,6.39748516811395,0.199681240125433,0.941502780819766,"ALDEx2","Proteobacteria","Gammaproteobacteria","Pseudomonadales","Porticoccaceae","SAR92 clade"
"ASV1342","Antibiotics vs Control",0.464447425983818,2.62889234914683,5.01665153060271,0.157224833317263,0.942018204327014,"ALDEx2","Proteobacteria","Gammaproteobacteria","Burkholderiales","Methylophilaceae","OM43 clade"
"ASV703","Antibiotics vs Control",0.403473724658554,1.96304414332342,4.41082556582936,0.317331517893302,0.943073674963225,"ALDEx2","Proteobacteria","Alphaproteobacteria","Rhizobiales","Rhizobiaceae","Pseudaminobacter"
"ASV1230","Antibiotics vs Control",-0.326477207649989,-1.94145025415062,4.98699524944447,0.351043596349856,0.944032396487566,"ALDEx2","Proteobacteria","Alphaproteobacteria","Rickettsiales","Fokiniaceae","MD3-55"
"ASV903","Antibiotics vs Control",0.391246116043657,2.01954345531582,4.66117419303012,0.235594281853091,0.945399611649112,"ALDEx2","Verrucomicrobiota","Verrucomicrobiae","Verrucomicrobiales","Rubritaleaceae","Roseibacillus"
"ASV1057","Antibiotics vs Control",0.413691958003862,2.11795450435473,4.6236928843437,0.205223577369183,0.946100130912741,"ALDEx2","Bacteroidota","Bacteroidia","Chitinophagales","Saprospiraceae","Lewinella"
"ASV818","Antibiotics vs Control",0.426182067348764,2.50094537827439,5.23002231779117,0.183118287102795,0.946859153942565,"ALDEx2","Proteobacteria","Alphaproteobacteria","Caulobacterales","Hyphomonadaceae","Unclassified"
"ASV276","Antibiotics vs Control",-0.477436280111958,-3.3947692661597,5.99820817050302,0.23644856302577,0.948590154325953,"ALDEx2","Proteobacteria","Alphaproteobacteria","Puniceispirillales","SAR116 clade","Unclassified"
"ASV1554","Antibiotics vs Control",0.355525842625044,1.85013302136753,4.6478580112049,0.269551154132499,0.949595651731269,"ALDEx2","Bacteroidota","Bacteroidia","Chitinophagales","Saprospiraceae","Unclassified"
"ASV239","Antibiotics vs Control",-0.575886201409358,-4.44837534360462,6.93042236934545,0.176942546986351,0.95221069261232,"ALDEx2","Proteobacteria","Alphaproteobacteria","Caulobacterales","Hyphomonadaceae","Henriciella"
"ASV208","Antibiotics vs Control",-0.315706788827183,-1.56857666454942,5.182447144237,0.121834026080236,0.95368256074512,"ALDEx2","Proteobacteria","Gammaproteobacteria","Pseudomonadales","Halieaceae","OM60(NOR5) clade"
"ASV664","Antibiotics vs Control",-0.475954402657879,-2.90713035476016,5.40791925291985,0.265282369851521,0.953762276448777,"ALDEx2","Proteobacteria","Gammaproteobacteria","Enterobacterales","Vibrionaceae","Vibrio"
"ASV626","Antibiotics vs Control",-0.353343500317299,-2.04681929953256,5.23052064966815,0.348341519841401,0.954125014446476,"ALDEx2","Bacteroidota","Bacteroidia","Flavobacteriales","Cryomorphaceae","Unclassified"
"ASV128","Antibiotics vs Control",-0.307508404892099,-1.87681850616077,5.43399109585013,0.12506169715284,0.954233896136516,"ALDEx2","Proteobacteria","Gammaproteobacteria","Pseudomonadales","SAR86 clade","Unclassified"
"ASV313","Antibiotics vs Control",-0.489270896796447,-3.35737559310979,5.85621740513468,0.242740012854248,0.955246702919884,"ALDEx2","Chloroflexi","Anaerolineae","Ardenticatenales","Ardenticatenaceae","Unclassified"
"ASV962","Antibiotics vs Control",-0.37259952589358,-2.65083185771468,5.69693515158225,0.38326849278815,0.955271463997569,"ALDEx2","Bacteroidota","Bacteroidia","Flavobacteriales","Cryomorphaceae","Vicingus"
"ASV227","Antibiotics vs Control",-0.513880168493707,-3.36456782000711,6.04750955047309,0.208283286623214,0.955444664095867,"ALDEx2","Bacteroidota","Bacteroidia","Flavobacteriales","Flavobacteriaceae","Unclassified"
"ASV376","Antibiotics vs Control",-0.434978376126813,-2.84976953980064,5.8962712058319,0.243695359244801,0.955574305550134,"ALDEx2","Bacteroidota","Bacteroidia","Flavobacteriales","Flavobacteriaceae","Tenacibaculum"
"ASV421","Antibiotics vs Control",-0.453853029062933,-2.99031443392191,5.76642911319147,0.282437095085636,0.957663369764803,"ALDEx2","Actinobacteriota","Actinobacteria","Micrococcales","Microbacteriaceae","Unclassified"
"ASV936","Antibiotics vs Control",0.384098296106463,1.97402454750275,4.98268463645583,0.198214301116945,0.957700373430732,"ALDEx2","Proteobacteria","Alphaproteobacteria","Rhodobacterales","Rhodobacteraceae","Unclassified"
"ASV1331","Antibiotics vs Control",0.402957028129279,2.49405169431133,5.51234315598941,0.176297016422302,0.959630578498029,"ALDEx2","Myxococcota","Polyangia","Nannocystales","Nannocystaceae","Unclassified"
"ASV194","Antibiotics vs Control",0.49919844173637,3.12386305625928,6.49677374524417,0.133226879764676,0.960400407347144,"ALDEx2","Proteobacteria","Gammaproteobacteria","Pseudomonadales","Saccharospirillaceae","Oleibacter"
"ASV321","Antibiotics vs Control",-0.372122512879728,-2.62734400250039,6.2443460238496,0.313806681909559,0.963317420370114,"ALDEx2","Proteobacteria","Alphaproteobacteria","Parvibaculales","OCS116 clade","Unclassified"
"ASV506","Antibiotics vs Control",-0.474063321696803,-3.32822512893948,6.36899126867791,0.241032588450158,0.964246116038677,"ALDEx2","Proteobacteria","Gammaproteobacteria","Enterobacterales","Alteromonadaceae","Glaciecola"
"ASV754","Antibiotics vs Control",0.39394820753489,2.03380615731901,4.48809781900177,0.253563107964562,0.964637369296589,"ALDEx2","Planctomycetota","Planctomycetes","Pirellulales","Pirellulaceae","Rubripirellula"
"ASV1007","Antibiotics vs Control",-0.324499790074474,-1.99117906755595,5.19005978532856,0.376240998471164,0.964982945679501,"ALDEx2","Campylobacterota","Campylobacteria","Campylobacterales","Sulfurovaceae","Sulfurovum"
"ASV1085","Antibiotics vs Control",0.409452607103629,2.0112831529576,4.54584347207337,0.264210017555568,0.96649378521129,"ALDEx2","Proteobacteria","Gammaproteobacteria","Pseudomonadales","Alcanivoracaceae1","Alcanivorax"
"ASV3643","Antibiotics vs Control",0.518085525593271,2.74284865366397,5.25628278499387,0.215922337175501,0.967073415795662,"ALDEx2","Firmicutes","Bacilli","Lactobacillales","Streptococcaceae","Streptococcus"
"ASV2165","Antibiotics vs Control",0.396546622912668,2.10140767106206,4.70064548159196,0.245084420301861,0.967624809986047,"ALDEx2","Bacteroidota","Bacteroidia","Flavobacteriales","Cryomorphaceae","Luteibaculum"
"ASV325","Antibiotics vs Control",-0.507023094695956,-3.73748494109968,6.62016991606853,0.225368330352016,0.967978212161441,"ALDEx2","Proteobacteria","Gammaproteobacteria","Enterobacterales","Pseudoalteromonadaceae","Pseudoalteromonas"
"ASV986","Antibiotics vs Control",-0.261924737851648,-1.41520397362988,5.09671754854869,0.374097827636906,0.970016291686751,"ALDEx2","Bacteroidota","Bacteroidia","Chitinophagales","Saprospiraceae","Unclassified"
"ASV945","Antibiotics vs Control",-0.317958233318872,-2.12927374122316,5.46368849428116,0.342842817424866,0.971413427316598,"ALDEx2","Proteobacteria","Gammaproteobacteria","Pseudomonadales","Saccharospirillaceae","Thalassolituus"
"ASV373","Antibiotics vs Control",-0.40516422664086,-3.12734628872154,7.23140092033028,0.291808345699776,0.972263962634492,"ALDEx2","Proteobacteria","Gammaproteobacteria","Enterobacterales","Vibrionaceae","Vibrio"
"ASV974","Antibiotics vs Control",-0.378783481487162,-2.48880474751517,5.79007692930345,0.263366932557826,0.972498584923225,"ALDEx2","Proteobacteria","Gammaproteobacteria","Chromatiales","Sedimenticolaceae","Sedimenticola"
"ASV1523","Antibiotics vs Control",-0.269041893280738,-1.40858534987784,4.83076142223936,0.400438868228131,0.972833142847969,"ALDEx2","Bacteroidota","Bacteroidia","Chitinophagales","Saprospiraceae","Lewinella"
"ASV668","Antibiotics vs Control",-0.351048438771189,-2.23078407856625,5.28085317361826,0.360325987411161,0.972976689908854,"ALDEx2","Bacteroidota","Bacteroidia","Chitinophagales","Saprospiraceae","Lewinella"
"ASV760","Antibiotics vs Control",-0.312649343822796,-2.1503861260972,6.01621104469631,0.419185936961705,0.973028211504095,"ALDEx2","Bacteroidota","Bacteroidia","Chitinophagales","Saprospiraceae","Unclassified"
"ASV393","Antibiotics vs Control",-0.392151813777376,-3.01317493059851,6.57680362035902,0.294982800408542,0.973401361547031,"ALDEx2","Bacteroidota","Bacteroidia","Flavobacteriales","Flavobacteriaceae","Lutimonas"
"ASV620","Antibiotics vs Control",0.546251734478218,3.3366699906115,6.22983830508019,0.13002558754999,0.973665705335974,"ALDEx2","Proteobacteria","Alphaproteobacteria","SAR11 clade","Clade III","Unclassified"
"ASV1397","Antibiotics vs Control",-0.351557161337776,-2.21187356396027,5.54535428900217,0.376468106454421,0.97420039345459,"ALDEx2","Proteobacteria","Gammaproteobacteria","Enterobacterales","Psychromonadaceae","Psychromonas"
"ASV886","Antibiotics vs Control",-0.388298420822442,-2.53501365409389,6.01490764478765,0.320723282409781,0.97433998805007,"ALDEx2","Proteobacteria","Alphaproteobacteria","Rhizobiales","Rhizobiaceae","Mesorhizobium"
"ASV592","Antibiotics vs Control",0.375557162682308,1.75472821118872,4.2146666687915,0.288366854943461,0.974511043090805,"ALDEx2","Bacteroidota","Bacteroidia","Cytophagales","Cyclobacteriaceae","Fulvivirga"
"ASV299","Antibiotics vs Control",-0.432181081898681,-3.41837773779745,6.47672124931383,0.261728352797409,0.97480473307973,"ALDEx2","Bacteroidota","Bacteroidia","Flavobacteriales","Flavobacteriaceae","NS5 marine group"
"ASV257","Antibiotics vs Control",-0.443982153712144,-3.59288902998938,6.82379964608873,0.271375911088581,0.974918493663618,"ALDEx2","Proteobacteria","Gammaproteobacteria","Pseudomonadales","SAR86 clade","Unclassified"
"ASV405","Antibiotics vs Control",0.482742165369267,3.05972585677703,6.70234457431804,0.158936012968357,0.976345198859424,"ALDEx2","Proteobacteria","Alphaproteobacteria","Rhodobacterales","Rhodobacteraceae","Halocynthiibacter"
"ASV1027","Antibiotics vs Control",-0.264300908423864,-1.65669811291917,5.03141839329568,0.510447561498591,0.976394682886509,"ALDEx2","Bacteroidota","Bacteroidia","Chitinophagales","Saprospiraceae","Unclassified"
"ASV534","Antibiotics vs Control",-0.293433715961322,-1.80347029209097,5.31809046924784,0.455870077403534,0.976501307386884,"ALDEx2","Planctomycetota","Planctomycetes","Pirellulales","Pirellulaceae","Rubripirellula"
"ASV1347","Antibiotics vs Control",0.330692025129981,1.6801957295118,4.93756522977,0.347250381675855,0.97741216703143,"ALDEx2","Proteobacteria","Gammaproteobacteria","Arenicellales","Arenicellaceae","Arenicella"
"ASV311","Antibiotics vs Control",-0.33094490554782,-2.29037424215271,6.15773687682879,0.387794992454054,0.977510728506265,"ALDEx2","Bacteroidota","Bacteroidia","Flavobacteriales","Flavobacteriaceae","Polaribacter"
"ASV431","Antibiotics vs Control",-0.416153594186208,-2.48705975549748,5.92104240485954,0.279456652616041,0.97794751474079,"ALDEx2","Proteobacteria","Gammaproteobacteria","Pseudomonadales","Thioglobaceae","Candidatus Thioglobus"
"ASV736","Antibiotics vs Control",0.338965155208685,1.89924597766409,5.0362647639424,0.29054799207286,0.978063749303986,"ALDEx2","Proteobacteria","Gammaproteobacteria","Pseudomonadales","OM182 clade","Unclassified"
"ASV419","Antibiotics vs Control",0.49649767142546,3.16584883508016,6.81277866015372,0.135559131207584,0.978380646459445,"ALDEx2","Proteobacteria","Gammaproteobacteria","Burkholderiales","Methylophilaceae","Methylotenera"
"ASV634","Antibiotics vs Control",-0.304031617310411,-2.18707701547716,5.9652423164425,0.415995835195832,0.97856306801436,"ALDEx2","Bacteroidota","Bacteroidia","Chitinophagales","Saprospiraceae","Lewinella"
"ASV648","Antibiotics vs Control",0.294877802304905,1.74013631463958,4.85320544147006,0.280990396858123,0.978912585199277,"ALDEx2","Proteobacteria","Gammaproteobacteria","Enterobacterales","Colwelliaceae","Colwellia"
"ASV1075","Antibiotics vs Control",-0.344643451439566,-2.28242894572697,5.77861397739261,0.365546206447851,0.979199348593637,"ALDEx2","Bacteroidota","Bacteroidia","Flavobacteriales","Cryomorphaceae","Vicingus"
"ASV959","Antibiotics vs Control",-0.362008629441345,-2.36602795037615,6.30734144111441,0.364588922985169,0.980284103932133,"ALDEx2","Bacteroidota","Bacteroidia","Flavobacteriales","Flavobacteriaceae","Tenacibaculum"
"ASV1536","Antibiotics vs Control",0.401970264150617,2.52734793158686,5.68337400097477,0.263463379705568,0.98077722732192,"ALDEx2","Actinobacteriota","Acidimicrobiia","Microtrichales","Ilumatobacteraceae","Ilumatobacter"
"ASV169","Antibiotics vs Control",-0.334835921450385,-2.60360987370223,7.31511566116779,0.280628262472267,0.981206695302385,"ALDEx2","Bacteroidota","Bacteroidia","Chitinophagales","Saprospiraceae","Aureispira"
"ASV922","Antibiotics vs Control",0.478349723642157,2.66457784115293,5.95764262273296,0.175562055890863,0.981325625499468,"ALDEx2","Proteobacteria","Gammaproteobacteria","Pseudomonadales","KI89A clade","Unclassified"
"ASV1535","Antibiotics vs Control",0.346213619316069,1.82464625517877,4.53601479346229,0.336956981694974,0.981826554528414,"ALDEx2","Verrucomicrobiota","Chlamydiae","Chlamydiales","Simkaniaceae","Unclassified"
"ASV472","Antibiotics vs Control",-0.315720265818684,-1.84958059185575,5.3507107397082,0.46713362115076,0.982604377167139,"ALDEx2","Planctomycetota","Phycisphaerae","Phycisphaerales","Phycisphaeraceae","SM1A02"
"ASV293","Antibiotics vs Control",-0.314685997760224,-2.12316992498612,6.38929570326943,0.386406407723074,0.982822996860655,"ALDEx2","Proteobacteria","Gammaproteobacteria","Pseudomonadales","Halieaceae","Luminiphilus"
"ASV315","Antibiotics vs Control",-0.341065177586804,-2.62223765931823,6.31144471103129,0.350086447255943,0.982918274735661,"ALDEx2","Proteobacteria","Gammaproteobacteria","Pseudomonadales","Halieaceae","OM60(NOR5) clade"
"ASV460","Antibiotics vs Control",0.500914159060082,3.2666835179954,6.2870349022563,0.13651846367237,0.983648217694769,"ALDEx2","Proteobacteria","Gammaproteobacteria","Pseudomonadales","Marinobacteraceae","Marinobacter"
"ASV418","Antibiotics vs Control",-0.307478823749153,-1.93616844074875,5.44123844836158,0.379911067320927,0.9837347224197,"ALDEx2","Fibrobacterota","Fibrobacteria","Fibrobacterales","Fibrobacteraceae","Unclassified"
"ASV949","Antibiotics vs Control",0.320664819630931,2.00426861117547,5.90801526347668,0.238236360906099,0.983859708722078,"ALDEx2","Proteobacteria","Gammaproteobacteria","Pseudomonadales","Saccharospirillaceae","Unclassified"
"ASV370","Antibiotics vs Control",-0.300305521568925,-1.97630930360246,5.67102503178284,0.418929570021012,0.984435650561209,"ALDEx2","Proteobacteria","Alphaproteobacteria","Parvibaculales","Parvibaculaceae","Unclassified"
"ASV413","Antibiotics vs Control",-0.353961906056735,-3.01219072207874,7.13465087940567,0.295895851139145,0.984603423353416,"ALDEx2","Proteobacteria","Gammaproteobacteria","Pseudomonadales","Halieaceae","Halioglobus"
"ASV400","Antibiotics vs Control",-0.237823557846155,-1.30917023944639,5.77126869646386,0.489608839636866,0.984784822729763,"ALDEx2","Proteobacteria","Alphaproteobacteria","Rhizobiales","Rhizobiaceae","Cohaesibacter"
"ASV452","Antibiotics vs Control",-0.284834521390308,-1.83066926162096,5.4913836652858,0.404193706426048,0.985018085797569,"ALDEx2","Nitrospinota","Nitrospinia","Nitrospinales","Nitrospinaceae","Nitrospina"
"ASV1048","Antibiotics vs Control",-0.137233234096532,-0.676568139480335,4.56614322315096,0.659547454109247,0.98537020748796,"ALDEx2","Planctomycetota","Phycisphaerae","Phycisphaerales","Phycisphaeraceae","CL500-3"
"ASV515","Antibiotics vs Control",-0.263707863455739,-1.60991969648564,5.40526387666167,0.486673959366508,0.985878499595478,"ALDEx2","Bdellovibrionota","Bdellovibrionia","Bdellovibrionales","Bdellovibrionaceae","OM27 clade"
"ASV1096","Antibiotics vs Control",0.383108522952004,2.15082789989494,5.00799341748698,0.222348033046564,0.986561977759732,"ALDEx2","Desulfobacterota","Desulfobacteria","Desulfobacterales","Desulfolunaceae","Desulfofrigus"
"ASV1244","Antibiotics vs Control",-0.129145685986442,-0.657406718856876,5.29419863800164,0.586311220784463,0.986886263364063,"ALDEx2","Proteobacteria","Gammaproteobacteria","Pseudomonadales","Litoricolaceae","Litoricola"
"ASV224","Antibiotics vs Control",0.446376156929746,3.03118023955615,6.52101825043468,0.157315186634086,0.986966256933408,"ALDEx2","Proteobacteria","Alphaproteobacteria","Rhizobiales","Rhizobiaceae","Unclassified"
"ASV764","Antibiotics vs Control",-0.203306073732201,-1.2249846096586,5.15878485779666,0.582556941889036,0.987067512086452,"ALDEx2","Proteobacteria","Gammaproteobacteria","Pseudomonadales","Halieaceae","Marimicrobium"
"ASV1022","Antibiotics vs Control",0.460657898490703,2.96534107147877,5.40446126489307,0.201877312955237,0.987479634641627,"ALDEx2","Bacteroidota","Bacteroidia","Flavobacteriales","Flavobacteriaceae","Lutaonella"
"ASV1858","Antibiotics vs Control",-0.312844354590351,-1.93577900836112,5.52039916393131,0.38798999193438,0.98767661951724,"ALDEx2","Bacteroidota","Rhodothermia","Rhodothermales","Rhodothermaceae","Unclassified"
"ASV759","Antibiotics vs Control",0.424978567268187,2.55761630874201,5.31910854084069,0.241327623836989,0.987884405976636,"ALDEx2","Planctomycetota","Phycisphaerae","Phycisphaerales","Phycisphaeraceae","SM1A02"
"ASV1021","Antibiotics vs Control",0.352109918027946,1.96374050892798,5.02770658332687,0.314777621012347,0.98798746994681,"ALDEx2","Proteobacteria","Gammaproteobacteria","Xanthomonadales","Xanthomonadaceae","Arenimonas"
"ASV864","Antibiotics vs Control",-0.223128455264526,-1.52978808145716,5.68542747343516,0.552373339431207,0.988238022245994,"ALDEx2","Desulfobacterota","Desulfobulbia","Desulfobulbales","Desulfocapsaceae","Unclassified"
"ASV1538","Antibiotics vs Control",-0.278940554327795,-1.41546072584376,5.32126342841912,0.515029726375122,0.988504035838045,"ALDEx2","Campylobacterota","Campylobacteria","Campylobacterales","Arcobacteraceae","Halarcobacter"
"ASV725","Antibiotics vs Control",0.314199970874571,2.08453614763885,6.46716525807327,0.268940818906275,0.98862716680108,"ALDEx2","Proteobacteria","Alphaproteobacteria","Rhodobacterales","Rhodobacteraceae","Epibacterium"
"ASV2034","Antibiotics vs Control",0.330527995359597,1.87155470211845,4.90174641919259,0.353599024412521,0.988647193690212,"ALDEx2","Proteobacteria","Gammaproteobacteria","Gammaproteobacteria Incertae Sedis","Unknown Family","Unclassified"
"ASV286","Antibiotics vs Control",-0.409586006908953,-3.07782591757713,6.92037625367226,0.304897053520316,0.988650044218908,"ALDEx2","Bacteroidota","Bacteroidia","Flavobacteriales","Flavobacteriaceae","Unclassified"
"ASV1510","Antibiotics vs Control",0.25971201770633,1.38924307742271,4.57476125585509,0.453771630384605,0.988656305845207,"ALDEx2","Bacteroidota","Bacteroidia","Flavobacteriales","NS9 marine group","Unclassified"
"ASV575","Antibiotics vs Control",0.0318055168379147,0.224989014017345,5.65019638368543,0.742391119940114,0.988962892496684,"ALDEx2","Proteobacteria","Alphaproteobacteria","Rhodobacterales","Rhodobacteraceae","Albirhodobacter"
"ASV2179","Antibiotics vs Control",-0.0977645858511391,-0.474599256629019,4.61666635727115,0.629385121288665,0.989093088642438,"ALDEx2","Bacteroidota","Bacteroidia","Flavobacteriales","Flavobacteriaceae","Unclassified"
"ASV336","Antibiotics vs Control",-0.309984654069581,-1.86517613038216,5.51298422189705,0.401059681344657,0.989160060501197,"ALDEx2","Bacteroidota","Bacteroidia","Chitinophagales","Saprospiraceae","Unclassified"
"ASV583","Antibiotics vs Control",-0.234158236042198,-1.5107880306298,5.54024476759203,0.470759770056136,0.989315758251293,"ALDEx2","Bacteroidota","Bacteroidia","Chitinophagales","Saprospiraceae","Unclassified"
"ASV846","Antibiotics vs Control",0.409995392556084,2.19881890272892,4.96694788570854,0.256023796098379,0.98947266216405,"ALDEx2","Bacteroidota","Bacteroidia","Chitinophagales","Saprospiraceae","Aureispira"
"ASV144","Antibiotics vs Control",-0.423806796282175,-3.36368547791463,6.9605579127753,0.287326863418157,0.98952910557281,"ALDEx2","Campylobacterota","Campylobacteria","Campylobacterales","Arcobacteraceae","Pseudarcobacter"
"ASV573","Antibiotics vs Control",0.387153976330331,2.37694479738663,5.84507048600023,0.275594960370171,0.989789593411944,"ALDEx2","Proteobacteria","Gammaproteobacteria","Pseudomonadales","Marinomonadaceae","Marinomonas"
"ASV422","Antibiotics vs Control",-0.17298611374077,-1.10666932603575,6.03600569637796,0.488300041040567,0.989854433412704,"ALDEx2","Actinobacteriota","Actinobacteria","Micrococcales","Microbacteriaceae","Unclassified"
"ASV244","Antibiotics vs Control",-0.315886925929873,-2.57885417852906,8.06930554121316,0.319634678731194,0.989941770475982,"ALDEx2","Proteobacteria","Gammaproteobacteria","Enterobacterales","Alteromonadaceae","Salinimonas"
"ASV2283","Antibiotics vs Control",-0.130753815043001,-0.744603029074727,4.96182062578733,0.633120181833091,0.990119631940019,"ALDEx2","Proteobacteria","Gammaproteobacteria","Enterobacterales","Kangiellaceae","Aliikangiella"
"ASV490","Antibiotics vs Control",0.400856596313936,2.64727917121069,6.17825356898679,0.250666830920308,0.99024816691208,"ALDEx2","Proteobacteria","Alphaproteobacteria","Caulobacterales","Caulobacteraceae","Caulobacter"
"ASV763","Antibiotics vs Control",-0.288569166386849,-1.86310104601282,5.270689336599,0.424604770659391,0.990463195859071,"ALDEx2","Bacteroidota","Bacteroidia","Flavobacteriales","Crocinitomicaceae","Crocinitomix"
"ASV1448","Antibiotics vs Control",0.301082978827642,1.71891687315126,5.20941526717096,0.389564837504916,0.990618020626954,"ALDEx2","Proteobacteria","Gammaproteobacteria","Burkholderiales","Methylophilaceae","Methylotenera"
"ASV770","Antibiotics vs Control",0.351642073205332,2.04480747121409,4.93117589279942,0.306500830628508,0.99063849601776,"ALDEx2","Bdellovibrionota","Oligoflexia","Oligoflexales","Oligoflexaceae","Unclassified"
"ASV519","Antibiotics vs Control",-0.148654974305388,-0.945364517532227,6.19333994444654,0.546780545699761,0.990671749975767,"ALDEx2","Bacteroidota","Bacteroidia","Flavobacteriales","Flavobacteriaceae","Lutimonas"
"ASV1566","Antibiotics vs Control",-0.276000718091377,-1.67667101012318,5.52781372606123,0.431371429769604,0.99075743159916,"ALDEx2","Bacteroidota","Bacteroidia","Chitinophagales","Saprospiraceae","Unclassified"
"ASV197","Antibiotics vs Control",-0.339340689815563,-1.93761615614758,6.03741242239802,0.277523374099804,0.990771531698243,"ALDEx2","Bacteroidota","Bacteroidia","Flavobacteriales","Flavobacteriaceae","Polaribacter"
"ASV724","Antibiotics vs Control",0.333822768207944,2.18470094834549,6.18067633763711,0.210176995256523,0.990834478279823,"ALDEx2","Proteobacteria","Gammaproteobacteria","Pseudomonadales","Saccharospirillaceae","Unclassified"
"ASV743","Antibiotics vs Control",-0.330297308944645,-1.97290630445378,5.83741000812817,0.388458194555947,0.991353275753726,"ALDEx2","Bacteroidota","Bacteroidia","Flavobacteriales","Flavobacteriaceae","Actibacter"
"ASV680","Antibiotics vs Control",-0.103376433878873,-0.760035030337997,5.65495850229605,0.591543180183825,0.991470309785276,"ALDEx2","Proteobacteria","Gammaproteobacteria","Enterobacterales","Psychromonadaceae","Psychromonas"
"ASV191","Antibiotics vs Control",-0.257371622578783,-1.93580996499246,6.4005175072778,0.409573749134121,0.991640598925803,"ALDEx2","Proteobacteria","Alphaproteobacteria","Rhodobacterales","Rhodobacteraceae","Sulfitobacter"
"ASV775","Antibiotics vs Control",-0.189279625018164,-1.22096684785676,5.73641958189575,0.608697361245492,0.991781624386573,"ALDEx2","Bdellovibrionota","Bdellovibrionia","Bacteriovoracales","Bacteriovoracaceae","Unclassified"
"ASV1195","Antibiotics vs Control",-0.287030634172355,-1.86161032837118,6.27240972176976,0.45333074548661,0.991915004902008,"ALDEx2","Proteobacteria","Gammaproteobacteria","Enterobacterales","Vibrionaceae","Vibrio"
"ASV475","Antibiotics vs Control",-0.288379940594969,-1.95736831791857,6.28801391167231,0.451790814979325,0.991959632408056,"ALDEx2","Bdellovibrionota","Bdellovibrionia","Bdellovibrionales","Bdellovibrionaceae","OM27 clade"
"ASV5","Antibiotics vs Control",-0.420534136192793,-3.45576642599723,7.87783081104483,0.139181472847477,0.991992584047302,"ALDEx2","Proteobacteria","Gammaproteobacteria","Enterobacterales","Alteromonadaceae","Alteromonas"
"ASV426","Antibiotics vs Control",-0.0908642309168096,-0.563244752590939,5.95731844938231,0.647228605351464,0.992011091995784,"ALDEx2","Bacteroidota","Bacteroidia","Flavobacteriales","Crocinitomicaceae","Salinirepens"
"ASV2534","Antibiotics vs Control",0.378219091009588,2.01697810103235,5.0868198078601,0.262602269195974,0.992326824314937,"ALDEx2","Chloroflexi","Anaerolineae","SBR1031","A4b","Unclassified"
"ASV291","Antibiotics vs Control",0.325892562650197,2.05935281230679,6.30544553310793,0.270643177520891,0.992372956658433,"ALDEx2","Bacteroidota","Bacteroidia","Flavobacteriales","Flavobacteriaceae","Unclassified"
"ASV595","Antibiotics vs Control",-0.231112867081324,-1.55624020928456,5.81905957848796,0.481083405582498,0.992406948573456,"ALDEx2","Proteobacteria","Alphaproteobacteria","Rhodospirillales","Magnetospiraceae","Unclassified"
"ASV337","Antibiotics vs Control",-0.276632321833436,-1.8803330495613,5.99538667617978,0.53761791888172,0.992442638710984,"ALDEx2","Bdellovibrionota","Bdellovibrionia","Bdellovibrionales","Bdellovibrionaceae","OM27 clade"
"ASV642","Antibiotics vs Control",-0.142315053556007,-0.850924752309862,6.32826055836312,0.491656253855384,0.992452488774235,"ALDEx2","Proteobacteria","Gammaproteobacteria","Pseudomonadales","Halieaceae","Halioglobus"
"ASV154","Antibiotics vs Control",-0.294484213571678,-2.52433690407129,7.70244278246533,0.419355369940385,0.992542637277006,"ALDEx2","Proteobacteria","Alphaproteobacteria","Puniceispirillales","SAR116 clade","Unclassified"
"ASV189","Antibiotics vs Control",-0.36222523808271,-3.04027811319057,6.95214047710579,0.33767778037994,0.992715045701136,"ALDEx2","Proteobacteria","Gammaproteobacteria","Pseudomonadales","Nitrincolaceae","Unclassified"
"ASV365","Antibiotics vs Control",-0.282730739782096,-2.16206437329981,6.8990348689548,0.396706282138977,0.992891516857424,"ALDEx2","Actinobacteriota","Acidimicrobiia","Microtrichales","Ilumatobacteraceae","Ilumatobacter"
"ASV1210","Antibiotics vs Control",0.351239705566991,2.02263774367545,5.18977559009471,0.260595546985411,0.99299848629058,"ALDEx2","Proteobacteria","Gammaproteobacteria","Thiohalorhabdales","Thiohalorhabdaceae","Unclassified"
"ASV774","Antibiotics vs Control",-0.141548418002434,-0.915352693140699,6.09588315104941,0.525567404629791,0.993000834083526,"ALDEx2","Bacteroidota","Bacteroidia","Flavobacteriales","Flavobacteriaceae","Bizionia"
"ASV705","Antibiotics vs Control",-0.0207255127842669,-0.159145864482261,5.74289049312934,0.747414448125601,0.99313755553275,"ALDEx2","Myxococcota","Polyangia","Nannocystales","Nannocystaceae","Unclassified"
"ASV142","Antibiotics vs Control",-0.399532373570775,-3.0773889358274,6.99160006015455,0.2441901042847,0.99326480902971,"ALDEx2","Proteobacteria","Alphaproteobacteria","Rhodobacterales","Rhodobacteraceae","Tateyamaria"
"ASV346","Antibiotics vs Control",-0.292373534518094,-1.67963088786444,5.67864030844529,0.366427959987017,0.993282096252306,"ALDEx2","Verrucomicrobiota","Verrucomicrobiae","Verrucomicrobiales","Rubritaleaceae","Roseibacillus"
"ASV1054","Antibiotics vs Control",-0.288107777503225,-1.70032879969562,5.03277984867418,0.450713796449177,0.993374998675898,"ALDEx2","Verrucomicrobiota","Verrucomicrobiae","Verrucomicrobiales","DEV007","Unclassified"
"ASV649","Antibiotics vs Control",-0.216509116993741,-1.40558060469601,5.81789734809148,0.545691411052143,0.993494851723546,"ALDEx2","Proteobacteria","Gammaproteobacteria","Enterobacterales","Psychromonadaceae","Psychromonas"
"ASV81","Antibiotics vs Control",-0.130596714035254,-0.480079539018565,3.39616908497802,0.0847689355531216,0.993512476897065,"ALDEx2","Proteobacteria","Gammaproteobacteria","Burkholderiales","Methylophilaceae","OM43 clade"
"ASV222","Antibiotics vs Control",-0.261451251136695,-1.54408653194308,6.58662223634438,0.466045795376635,0.993631670176617,"ALDEx2","Bacteroidota","Bacteroidia","Chitinophagales","Saprospiraceae","Aureispira"
"ASV161","Antibiotics vs Control",-0.318911309275367,-2.17933075833064,6.20709405054689,0.356398729969095,0.993699276120585,"ALDEx2","Bacteroidota","Bacteroidia","Flavobacteriales","NS9 marine group","Unclassified"
"ASV565","Antibiotics vs Control",-0.0957412978919588,-0.620538863594384,6.43198192197572,0.543221849610384,0.993724861727135,"ALDEx2","Proteobacteria","Alphaproteobacteria","Rhodobacterales","Rhodobacteraceae","Unclassified"
"ASV616","Antibiotics vs Control",-0.250298600732136,-1.89659215252899,7.03804109857548,0.451721880985671,0.993739496915041,"ALDEx2","Proteobacteria","Alphaproteobacteria","Caulobacterales","Hyphomonadaceae","Algimonas"
"ASV991","Antibiotics vs Control",-0.0236282800908465,-0.144363026039727,5.28314657139831,0.721696387032251,0.993811476458171,"ALDEx2","Bacteroidota","Bacteroidia","Flavobacteriales","Flavobacteriaceae","NS2b marine group"
"ASV306","Antibiotics vs Control",-0.231234693350452,-1.54430267678321,5.5197118156471,0.341450562503893,0.993816580793456,"ALDEx2","Bacteroidota","Bacteroidia","Flavobacteriales","Flavobacteriaceae","Ulvibacter"
"ASV1012","Antibiotics vs Control",0.0608711560617776,0.260757739302748,5.1937367931325,0.74781253422422,0.993924525990152,"ALDEx2","Bacteroidota","Bacteroidia","Flavobacteriales","Cryomorphaceae","Phaeocystidibacter"
"ASV206","Antibiotics vs Control",-0.32730169474713,-2.56792775530169,6.66555307290455,0.419183371565173,0.994138230886536,"ALDEx2","Proteobacteria","Gammaproteobacteria","Pseudomonadales","Halieaceae","Halioglobus"
"ASV526","Antibiotics vs Control",-0.230464297966174,-1.49772480549924,6.46708231162663,0.551096776615473,0.994262487464767,"ALDEx2","Bacteroidota","Bacteroidia","Chitinophagales","Saprospiraceae","Unclassified"
"ASV409","Antibiotics vs Control",-0.171951246092265,-1.01833104405648,5.40131699444617,0.576479203825147,0.994316258708187,"ALDEx2","Proteobacteria","Alphaproteobacteria","Caulobacterales","Hyphomonadaceae","Ponticaulis"
"ASV255","Antibiotics vs Control",-0.131590070842084,-0.84283299045359,5.48746743970574,0.656246672698239,0.994324425231576,"ALDEx2","Planctomycetota","Planctomycetes","Planctomycetales","Gimesiaceae","Gimesia"
"ASV709","Antibiotics vs Control",-0.063056412974403,-0.403498992749405,5.78314077575136,0.702036456478106,0.994328059222123,"ALDEx2","Proteobacteria","Gammaproteobacteria","Pseudomonadales","Alcanivoracaceae1","Alcanivorax"
"ASV355","Antibiotics vs Control",-0.279815530543964,-1.6904654721026,6.56175229400992,0.432558993490466,0.994384211071719,"ALDEx2","Bacteroidota","Bacteroidia","Flavobacteriales","Flavobacteriaceae","NS3a marine group"
"ASV917","Antibiotics vs Control",-0.0299448320852192,-0.230299937398772,6.46971542045105,0.694685904472923,0.994486377652819,"ALDEx2","Proteobacteria","Gammaproteobacteria","Pseudomonadales","Cellvibrionaceae","Unclassified"
"ASV693","Antibiotics vs Control",-0.195192193415072,-1.16927302811941,5.60584526549612,0.560093597729332,0.99456199625205,"ALDEx2","Proteobacteria","Gammaproteobacteria","Pseudomonadales","Pseudohongiellaceae","Pseudohongiella"
"ASV715","Antibiotics vs Control",-0.298137718338381,-1.82160420455135,6.00363443111755,0.448198399339133,0.994572001330618,"ALDEx2","Proteobacteria","Gammaproteobacteria","Pseudomonadales","Nitrincolaceae","Amphritea"
"ASV1016","Antibiotics vs Control",-0.194849773479192,-1.16738155967925,6.05151183101059,0.503125936741562,0.994764645266381,"ALDEx2","Bdellovibrionota","Bdellovibrionia","Bdellovibrionales","Bdellovibrionaceae","OM27 clade"
"ASV149","Antibiotics vs Control",-0.0953762250433844,-0.539722423728664,5.95768854839915,0.221886306392833,0.994800865484295,"ALDEx2","Bacteroidota","Bacteroidia","Cytophagales","Cyclobacteriaceae","Marinoscillum"
"ASV1550","Antibiotics vs Control",-0.101396331172426,-0.654634852608007,5.32561493196668,0.691227033881718,0.994806680975138,"ALDEx2","Bacteroidota","Bacteroidia","Flavobacteriales","Flavobacteriaceae","Unclassified"
"ASV541","Antibiotics vs Control",-0.176921118890108,-1.16343141345331,6.10861790838971,0.579335135061143,0.995024017109812,"ALDEx2","Bacteroidota","Bacteroidia","Chitinophagales","Saprospiraceae","Unclassified"
"ASV367","Antibiotics vs Control",0.266330495592055,1.49862849785379,5.71168506147982,0.433592390400168,0.995126293478639,"ALDEx2","Proteobacteria","Alphaproteobacteria","Rhodobacterales","Rhodobacteraceae","Halocynthiibacter"
"ASV1150","Antibiotics vs Control",-0.116794351435356,-0.640370067161756,5.51776296745086,0.625652521770028,0.995132572682304,"ALDEx2","Bacteroidota","Bacteroidia","Flavobacteriales","Flavobacteriaceae","Eudoraea"
"ASV1319","Antibiotics vs Control",0.24911704807015,1.5327373485431,5.0154366008686,0.410168207174631,0.995192173968792,"ALDEx2","Bacteroidota","Bacteroidia","Flavobacteriales","Flavobacteriaceae","NS5 marine group"
"ASV582","Antibiotics vs Control",0.0395212080397757,0.330315221142793,6.59367307506496,0.661083009807559,0.99529347628306,"ALDEx2","Proteobacteria","Gammaproteobacteria","Enterobacterales","Alteromonadaceae","Unclassified"
"ASV332","Antibiotics vs Control",-0.144357880521135,-0.918103077265664,6.36210251575721,0.54228769410666,0.995320404083944,"ALDEx2","Bacteroidota","Bacteroidia","Flavobacteriales","NS9 marine group","Unclassified"
"ASV549","Antibiotics vs Control",-0.105144014603778,-0.782185449853776,5.51109581325009,0.653425146608785,0.995331858054783,"ALDEx2","Bacteroidota","Bacteroidia","Flavobacteriales","Cryomorphaceae","Unclassified"
"ASV1229","Antibiotics vs Control",0.0966520017915004,0.539160304508091,5.14458677952466,0.73083639860573,0.995394224387205,"ALDEx2","Bacteroidota","Bacteroidia","Chitinophagales","Saprospiraceae","Unclassified"
"ASV908","Antibiotics vs Control",0.325600939650677,1.84587010219751,5.35828244268804,0.34835254982907,0.995486519157636,"ALDEx2","Actinobacteriota","Acidimicrobiia","Microtrichales","Ilumatobacteraceae","Ilumatobacter"
"ASV1820","Antibiotics vs Control",0.374541355578383,2.12881649356847,5.31144985727058,0.271016356219771,0.995591784735008,"ALDEx2","Verrucomicrobiota","Verrucomicrobiae","Pedosphaerales","Pedosphaeraceae","SCGC AAA164-E04"
"ASV985","Antibiotics vs Control",0.0569914048481743,0.353124741987592,6.1903105297299,0.726457171181064,0.995674319168088,"ALDEx2","Proteobacteria","Gammaproteobacteria","Enterobacterales","Shewanellaceae","Shewanella"
"ASV625","Antibiotics vs Control",-0.103888951998789,-0.732884111605067,5.46876563473629,0.617770404507507,0.995827825972615,"ALDEx2","Proteobacteria","Gammaproteobacteria","Pseudomonadales","Pseudohongiellaceae","Pseudohongiella"
"ASV740","Antibiotics vs Control",-0.136592718683773,-0.909979821668991,6.67691641276526,0.510297608714624,0.995887431546013,"ALDEx2","Proteobacteria","Gammaproteobacteria","Enterobacterales","Colwelliaceae","Colwellia"
"ASV147","Antibiotics vs Control",0.365662837833479,2.64668646351964,6.19652003459408,0.22759291126686,0.995888998696318,"ALDEx2","Proteobacteria","Gammaproteobacteria","Pseudomonadales","Cellvibrionaceae","Unclassified"
"ASV587","Antibiotics vs Control",-0.127930524926834,-0.960648220500585,6.74120733206602,0.468438453796635,0.995890420487527,"ALDEx2","Bacteroidota","Bacteroidia","Flavobacteriales","Flavobacteriaceae","Aquibacter"
"ASV824","Antibiotics vs Control",0.322718182675264,1.67812294123966,5.09311629501943,0.373792336552785,0.995945678583679,"ALDEx2","Proteobacteria","Gammaproteobacteria","Pseudomonadales","Halieaceae","OM60(NOR5) clade"
"ASV1246","Antibiotics vs Control",0.070046457710655,0.479216333204102,5.63411413401933,0.818656055277059,0.996007565885314,"ALDEx2","Proteobacteria","Gammaproteobacteria","Pseudomonadales","KI89A clade","Unclassified"
"ASV374","Antibiotics vs Control",-0.328666172692759,-2.20265443670404,6.01557532017685,0.442062896409141,0.996023090791057,"ALDEx2","Proteobacteria","Alphaproteobacteria","Rhodospirillales","AEGEAN-169 marine group","Unclassified"
"ASV875","Antibiotics vs Control",-0.126179487937735,-0.784750171633406,5.45542468802276,0.580452632831879,0.99617010972182,"ALDEx2","Bacteroidota","Bacteroidia","Chitinophagales","Saprospiraceae","Unclassified"
"ASV450","Antibiotics vs Control",-0.0477130325186839,-0.292856797389651,5.7764295333966,0.624971703924317,0.996225091406277,"ALDEx2","Bacteroidota","Bacteroidia","Flavobacteriales","Flavobacteriaceae","NS5 marine group"
"ASV748","Antibiotics vs Control",-0.214809994809341,-1.33661296713885,5.5993391263532,0.600970277130847,0.996299963255425,"ALDEx2","Proteobacteria","Gammaproteobacteria","Enterobacterales","Shewanellaceae","Psychrobium"
"ASV550","Antibiotics vs Control",-0.00891550115492838,-0.0762190343758693,6.88041877869879,0.636806915428528,0.996328963702355,"ALDEx2","Proteobacteria","Gammaproteobacteria","Pseudomonadales","Halomonadaceae","Cobetia"
"ASV1778","Antibiotics vs Control",0.0436138087737233,0.330454675945777,5.39104249748381,0.773721502710007,0.996390705672938,"ALDEx2","Verrucomicrobiota","Verrucomicrobiae","Verrucomicrobiales","Rubritaleaceae","Roseibacillus"
"ASV360","Antibiotics vs Control",-0.300422215834418,-2.156100910523,6.36879961208905,0.345942115033245,0.996456499859737,"ALDEx2","Proteobacteria","Gammaproteobacteria","Enterobacterales","Vibrionaceae","Vibrio"
"ASV1457","Antibiotics vs Control",0.242629092660549,1.47036613734314,5.37033542926994,0.43791930120304,0.996597512894173,"ALDEx2","Bacteroidota","Bacteroidia","Flavobacteriales","Flavobacteriaceae","Meridianimaribacter"
"ASV120","Antibiotics vs Control",-0.219082284993874,-0.808245495562174,4.700469748781,0.264710301385836,0.996711060704943,"ALDEx2","Proteobacteria","Gammaproteobacteria","Pseudomonadales","Pseudomonadaceae","Pseudomonas"
"ASV1441","Antibiotics vs Control",-0.165992696485855,-0.871771497253031,5.29673858315345,0.654600348420163,0.996810048746588,"ALDEx2","Bacteroidota","Bacteroidia","Cytophagales","Spirosomaceae","Taeseokella"
"ASV1039","Antibiotics vs Control",0.311588480926781,1.97630056819264,5.88739362306357,0.253160634511201,0.996832505142657,"ALDEx2","Proteobacteria","Gammaproteobacteria","Arenicellales","Arenicellaceae","HTCC5015"
"ASV462","Antibiotics vs Control",-0.0038844707634364,-0.0278043225770812,6.10617346044352,0.760315786324056,0.996860756578759,"ALDEx2","Bacteroidota","Bacteroidia","Flavobacteriales","Flavobacteriaceae","NS4 marine group"
"ASV540","Antibiotics vs Control",0.0289753649248531,0.103923471623148,5.4005359396238,0.721841408231471,0.996896477842192,"ALDEx2","Proteobacteria","Gammaproteobacteria","Enterobacterales","Colwelliaceae","Colwellia"
"ASV1998","Antibiotics vs Control",-0.289833317078854,-1.87865077496524,6.05672586932973,0.490168428827533,0.996906458319493,"ALDEx2","Bacteroidota","Bacteroidia","Flavobacteriales","Cryomorphaceae","Unclassified"
"ASV292","Antibiotics vs Control",0.319674458999956,2.17392899596892,6.80088934309974,0.304881027835522,0.996907748334188,"ALDEx2","Proteobacteria","Gammaproteobacteria","Enterobacterales","Alteromonadaceae","Unclassified"
"ASV466","Antibiotics vs Control",-0.0554026724190236,-0.386850348443907,6.05667530358395,0.731332354170657,0.996954096569382,"ALDEx2","Bacteroidota","Bacteroidia","Cytophagales","Cyclobacteriaceae","Unclassified"
"ASV395","Antibiotics vs Control",0.259382768309108,1.67784068315267,5.81828171855,0.418464198230739,0.997011256287605,"ALDEx2","Proteobacteria","Gammaproteobacteria","Enterobacterales","Colwelliaceae","Thalassotalea"
"ASV1026","Antibiotics vs Control",0.249988864874976,1.55234329906851,5.27108325115474,0.458830575036462,0.997043740530477,"ALDEx2","Bacteroidota","Bacteroidia","Flavobacteriales","Flavobacteriaceae","Unclassified"
"ASV551","Antibiotics vs Control",-0.150100457160384,-0.93329445110945,6.29462404690476,0.582340918173866,0.997047101024629,"ALDEx2","Myxococcota","Polyangia","Polyangiales","Sandaracinaceae","Unclassified"
"ASV341","Antibiotics vs Control",-0.331568771120836,-2.4175366546357,5.89173137329983,0.341094643375257,0.99706630280865,"ALDEx2","Proteobacteria","Gammaproteobacteria","Enterobacterales","Shewanellaceae","Unclassified"
"ASV972","Antibiotics vs Control",-0.149998521549429,-0.807508723278949,5.26771940605541,0.610177250078528,0.997073573407537,"ALDEx2","Proteobacteria","Alphaproteobacteria","Rhodobacterales","Rhodobacteraceae","Albirhodobacter"
"ASV758","Antibiotics vs Control",0.379299351026486,2.2451589127547,6.1756232576387,0.295275804420787,0.997074757912351,"ALDEx2","Bacteroidota","Bacteroidia","Flavobacteriales","Flavobacteriaceae","NS4 marine group"
"ASV2066","Antibiotics vs Control",0.232724288567493,1.22194855291237,4.68529372846074,0.47241235452728,0.997089539472753,"ALDEx2","Bdellovibrionota","Bdellovibrionia","Bdellovibrionales","Bdellovibrionaceae","OM27 clade"
"ASV1626","Antibiotics vs Control",0.0273780745378593,0.0910485173779207,5.32243657246407,0.765245516924134,0.997222255942836,"ALDEx2","Proteobacteria","Gammaproteobacteria","Nitrosococcales","Nitrosococcaceae","CI75cm.2.12"
"ASV738","Antibiotics vs Control",0.0351108851379047,0.226254605059935,5.38985170705782,0.763900725626328,0.997442923150317,"ALDEx2","Proteobacteria","Alphaproteobacteria","Rhodobacterales","Rhodobacteraceae","Unclassified"
"ASV924","Antibiotics vs Control",0.263175202539735,1.51375961680127,5.15008620812452,0.450119190072719,0.997454328515623,"ALDEx2","Proteobacteria","Gammaproteobacteria","Pseudomonadales","Moraxellaceae","Psychrobacter"
"ASV560","Antibiotics vs Control",0.018780098874979,0.115585803646086,6.26365397535547,0.780800690320927,0.997469709114741,"ALDEx2","Bacteroidota","Bacteroidia","Chitinophagales","Saprospiraceae","Portibacter"
"ASV247","Antibiotics vs Control",-0.253409087969333,-1.9398633751923,7.32417099528383,0.457905693662855,0.997476117425649,"ALDEx2","Proteobacteria","Alphaproteobacteria","Rhodobacterales","Rhodobacteraceae","Unclassified"
"ASV416","Antibiotics vs Control",-0.144375297116834,-0.999591999643644,6.41829148162761,0.584155307891019,0.997572196837226,"ALDEx2","Chloroflexi","Anaerolineae","Ardenticatenales","Ardenticatenaceae","Unclassified"
"ASV449","Antibiotics vs Control",-0.0946516659862653,-0.586185476742648,6.2767581492442,0.669446448916159,0.997655820098115,"ALDEx2","Nitrospinota","Nitrospinia","Nitrospinales","Nitrospinaceae","LS-NOB"
"ASV913","Antibiotics vs Control",0.0352884574755885,0.218521745276956,5.50001572496363,0.743673270092026,0.997659043240917,"ALDEx2","Proteobacteria","Alphaproteobacteria","Rhodobacterales","Rhodobacteraceae","Jannaschia"
"ASV455","Antibiotics vs Control",-0.0595680737694697,-0.322377876377387,6.03454992812253,0.72428199622764,0.99767964130372,"ALDEx2","Bacteroidota","Bacteroidia","Chitinophagales","Saprospiraceae","Unclassified"
"ASV469","Antibiotics vs Control",-0.0697986113903871,-0.450326970351276,6.3165314164769,0.730575767762625,0.99768455853198,"ALDEx2","Proteobacteria","Gammaproteobacteria","Enterobacterales","Pseudoalteromonadaceae","Pseudoalteromonas"
"ASV1003","Antibiotics vs Control",0.243308063941681,1.50011678787047,5.51116934307933,0.549179102756789,0.997696544638381,"ALDEx2","Bacteroidota","Bacteroidia","Chitinophagales","Saprospiraceae","Unclassified"
"ASV160","Antibiotics vs Control",-0.223532681873569,-1.51307309031893,6.71379451824156,0.399033024297095,0.997726200678412,"ALDEx2","Proteobacteria","Gammaproteobacteria","Enterobacterales","Colwelliaceae","Thalassotalea"
"ASV2310","Antibiotics vs Control",0.133501303835913,0.734972695036543,5.04039479528224,0.655602746846641,0.997770163629768,"ALDEx2","Bacteroidota","Bacteroidia","Flavobacteriales","Cryomorphaceae","Unclassified"
"ASV204","Antibiotics vs Control",0.0183684206586118,0.131005995566552,5.51193291144792,0.737386938203862,0.997794345799393,"ALDEx2","Proteobacteria","Gammaproteobacteria","Pseudomonadales","Alcanivoracaceae","Ketobacter"
"ASV1303","Antibiotics vs Control",-0.149311140862722,-0.954610591401849,5.84981476787753,0.594816340392856,0.997841705538137,"ALDEx2","Bacteroidota","Bacteroidia","Flavobacteriales","Flavobacteriaceae","Bizionia"
"ASV1812","Antibiotics vs Control",0.243248512984229,1.63121853624115,5.88302021907455,0.531240002776147,0.997860644062535,"ALDEx2","Bacteroidota","Bacteroidia","Chitinophagales","Saprospiraceae","Portibacter"
"ASV678","Antibiotics vs Control",-0.251680790106463,-1.63581654555928,6.19051184570641,0.523422943671031,0.997865115213361,"ALDEx2","Bacteroidota","Bacteroidia","Flavobacteriales","Flavobacteriaceae","Formosa"
"ASV268","Antibiotics vs Control",-0.277530869444306,-1.54199015801952,6.48713543591394,0.302243230986832,0.99789258609352,"ALDEx2","Proteobacteria","Gammaproteobacteria","Enterobacterales","Alteromonadaceae","Paraglaciecola"
"ASV1549","Antibiotics vs Control",0.325828153306517,1.96277559267941,5.23546683400804,0.391786466945533,0.997976574193529,"ALDEx2","Verrucomicrobiota","Verrucomicrobiae","Verrucomicrobiales","Rubritaleaceae","Luteolibacter"
"ASV532","Antibiotics vs Control",0.144816678831709,0.81448625113302,4.87385784110141,0.629182391985288,0.997982135713019,"ALDEx2","Proteobacteria","Alphaproteobacteria","Rhodobacterales","Rhodobacteraceae","Planktotalea"
"ASV1746","Antibiotics vs Control",0.0700214109341638,0.480922232318405,5.35273060156932,0.74301276870828,0.997995270096834,"ALDEx2","Proteobacteria","Alphaproteobacteria","Rhizobiales","Stappiaceae","Pseudovibrio"
"ASV434","Antibiotics vs Control",0.133040616851856,0.80329847724217,5.7454126768915,0.719375949802219,0.998009292416023,"ALDEx2","Proteobacteria","Gammaproteobacteria","Enterobacterales","Vibrionaceae","Aliivibrio"
"ASV539","Antibiotics vs Control",-0.172393383286672,-1.07201453488724,6.53017317027352,0.607190743205709,0.998041232841377,"ALDEx2","Proteobacteria","Gammaproteobacteria","Enterobacterales","Alteromonadaceae","Paraglaciecola"
"ASV1603","Antibiotics vs Control",0.0248910104021509,0.190044208839232,4.94040173739914,0.81593029380534,0.998045577699312,"ALDEx2","Proteobacteria","Alphaproteobacteria","Rhizobiales","Hyphomicrobiaceae","Filomicrobium"
"ASV1286","Antibiotics vs Control",0.248565561907744,1.32745419024086,4.98109261133586,0.474353691984046,0.998086562432517,"ALDEx2","Planctomycetota","Planctomycetes","Planctomycetales","Rubinisphaeraceae","Fuerstia"
"ASV364","Antibiotics vs Control",-0.138567577914934,-0.966028102541391,6.50114027776359,0.533398532384971,0.998121476358681,"ALDEx2","Proteobacteria","Alphaproteobacteria","Rhodobacterales","Rhodobacteraceae","Unclassified"
"ASV1396","Antibiotics vs Control",0.201764759457689,1.04266073786075,4.77839381651767,0.54380429972621,0.998250492922021,"ALDEx2","Planctomycetota","Planctomycetes","Pirellulales","Pirellulaceae","Pirellula"
"ASV1373","Antibiotics vs Control",0.30612156602929,1.60075496081578,4.59744533812387,0.432508239516637,0.998254826320871,"ALDEx2","Proteobacteria","Gammaproteobacteria","Pseudomonadales","Halieaceae","Unclassified"
"ASV379","Antibiotics vs Control",0.309849072068933,1.84676147378373,5.46296165190657,0.522502526993371,0.998270948438579,"ALDEx2","Bacteroidota","Bacteroidia","Flavobacteriales","Flavobacteriaceae","Unclassified"
"ASV561","Antibiotics vs Control",0.22878833158975,1.28189941024287,5.36000584185755,0.499408915538002,0.998279818977551,"ALDEx2","Proteobacteria","Gammaproteobacteria","Enterobacterales","Psychromonadaceae","Psychromonas"
"ASV1110","Antibiotics vs Control",-0.134519416822634,-0.902909634607476,5.6441211045274,0.672097175476353,0.998285728180904,"ALDEx2","Bacteroidota","Bacteroidia","Chitinophagales","Saprospiraceae","Portibacter"
"ASV1596","Antibiotics vs Control",0.0148971008138866,0.0578193799830702,4.8587417322301,0.785112092621849,0.998314542038488,"ALDEx2","Bacteroidota","Bacteroidia","Flavobacteriales","Flavobacteriaceae","Eudoraea"
"ASV54","Antibiotics vs Control",0.0737904600964943,0.472489864050615,6.57862699217462,0.700581427829225,0.998349532894113,"ALDEx2","Proteobacteria","Gammaproteobacteria","Enterobacterales","Alteromonadaceae","Paraglaciecola"
"ASV333","Antibiotics vs Control",-0.295795143933089,-2.02903006989737,6.55687699613412,0.404399138657802,0.998364246445308,"ALDEx2","Proteobacteria","Gammaproteobacteria","Pseudomonadales","SAR86 clade","Unclassified"
"ASV402","Antibiotics vs Control",0.221412100974376,1.2876576486971,5.01633635366424,0.587154278773755,0.99837925643436,"ALDEx2","Proteobacteria","Gammaproteobacteria","Enterobacterales","Colwelliaceae","Colwellia"
"ASV491","Antibiotics vs Control",0.21669763531534,1.23717043421499,5.6026636054574,0.545761193208876,0.998399736849505,"ALDEx2","Actinobacteriota","Acidimicrobiia","Microtrichales","Microtrichaceae","Sva0996 marine group"
"ASV1268","Antibiotics vs Control",0.28877511128204,1.60887289582378,5.47454536548352,0.410778348708475,0.99847907332825,"ALDEx2","Bdellovibrionota","Bdellovibrionia","Bdellovibrionales","Bdellovibrionaceae","OM27 clade"
"ASV296","Antibiotics vs Control",-0.00837815258062511,-0.0866995271722573,6.88055631023425,0.718275195660171,0.998497080343809,"ALDEx2","Campylobacterota","Campylobacteria","Campylobacterales","Arcobacteraceae","Pseudarcobacter"
"ASV1436","Antibiotics vs Control",0.167303132328224,1.03175677672568,5.40773224264743,0.656767892243553,0.998497080343809,"ALDEx2","Myxococcota","Myxococcia","Myxococcales","Myxococcaceae","P3OB-42"
"ASV1013","Antibiotics vs Control",0.0280031283061164,0.198134214951508,6.1907000177074,0.757716913036951,0.998530117746988,"ALDEx2","Campylobacterota","Campylobacteria","Campylobacterales","Arcobacteraceae","Pseudarcobacter"
"ASV353","Antibiotics vs Control",-0.211614698763694,-1.45349384835405,6.32870523544325,0.561825998848039,0.998550923247742,"ALDEx2","Nitrospirota","Nitrospiria","Nitrospirales","Nitrospiraceae","Nitrospira"
"ASV1177","Antibiotics vs Control",0.0249259253896119,0.116559665345592,5.22164995423555,0.761329692558986,0.998571373865786,"ALDEx2","Bacteroidota","Bacteroidia","Flavobacteriales","Crocinitomicaceae","Unclassified"
"ASV879","Antibiotics vs Control",0.126621095532156,0.775470044503468,5.15361386946194,0.679252706173324,0.998598188788133,"ALDEx2","Proteobacteria","Alphaproteobacteria","Parvibaculales","OCS116 clade","Unclassified"
"ASV345","Antibiotics vs Control",0.0158977795277117,0.16698336550991,8.09107204588016,0.747832483040163,0.998607184587006,"ALDEx2","Proteobacteria","Gammaproteobacteria","Enterobacterales","Colwelliaceae","Colwellia"
"ASV1311","Antibiotics vs Control",-0.0232658608083883,-0.120785892769407,5.85378592589695,0.753978221409307,0.998612672838059,"ALDEx2","Proteobacteria","Alphaproteobacteria","Rhodobacterales","Rhodobacteraceae","Unclassified"
"ASV406","Antibiotics vs Control",0.263968563148066,1.50159363620238,5.02781226841364,0.372636198990821,0.998614035023158,"ALDEx2","Bacteroidota","Bacteroidia","Cytophagales","Cyclobacteriaceae","Fabibacter"
"ASV1091","Antibiotics vs Control",-0.0521202784075236,-0.327657810404413,6.0073353124582,0.683899870940086,0.998638251738424,"ALDEx2","Actinobacteriota","Acidimicrobiia","Microtrichales","Microtrichaceae","Sva0996 marine group"
"ASV1122","Antibiotics vs Control",0.252374603756306,1.39952429148178,4.97376235884812,0.471691315017913,0.998683495500872,"ALDEx2","Bacteroidota","Bacteroidia","Flavobacteriales","Crocinitomicaceae","Salinirepens"
"ASV899","Antibiotics vs Control",-0.0526324823728985,-0.33209289817094,5.89474215695368,0.683595401340987,0.998683608621306,"ALDEx2","Proteobacteria","Gammaproteobacteria","Pseudomonadales","KI89A clade","Unclassified"
"ASV1158","Antibiotics vs Control",0.274463726502214,1.52184515269582,5.32648100743621,0.524587969315224,0.998708593398861,"ALDEx2","Proteobacteria","Gammaproteobacteria","Enterobacterales","Kangiellaceae","Unclassified"
"ASV604","Antibiotics vs Control",-0.0586710313595348,-0.41691977721104,5.88124329656394,0.744330306732115,0.998719584515205,"ALDEx2","Bacteroidota","Bacteroidia","Chitinophagales","Saprospiraceae","Unclassified"
"ASV1309","Antibiotics vs Control",0.202122373635541,1.14041534490515,5.37596255319599,0.559086891045669,0.998721401956412,"ALDEx2","Proteobacteria","Gammaproteobacteria","Pseudomonadales","OM182 clade","Unclassified"
"ASV23","Antibiotics vs Control",-0.446212497927945,-3.8785730889584,8.55165197608533,0.322141467675616,0.998721894491091,"ALDEx2","Firmicutes","Bacilli","Mycoplasmatales","Mycoplasmataceae","Mycoplasma"
"ASV1411","Antibiotics vs Control",0.282126822227255,1.55275373087162,5.03862434445491,0.403328869216757,0.99872343216973,"ALDEx2","Chloroflexi","Anaerolineae","Ardenticatenales","Ardenticatenaceae","Unclassified"
"ASV889","Antibiotics vs Control",-0.215657407342409,-1.2545346023039,6.34487251286727,0.567770279303073,0.998725014353486,"ALDEx2","Bacteroidota","Bacteroidia","Flavobacteriales","Flavobacteriaceae","Siansivirga"
"ASV1360","Antibiotics vs Control",0.168353975417251,0.999320073175958,4.86973211516635,0.636166553558457,0.998758260342867,"ALDEx2","Proteobacteria","Alphaproteobacteria","Micavibrionales","Micavibrionaceae","Unclassified"
"ASV776","Antibiotics vs Control",0.112418463070769,0.617404404467004,5.57122961226315,0.687100771988188,0.998760917341519,"ALDEx2","Proteobacteria","Gammaproteobacteria","Enterobacterales","Colwelliaceae","Colwellia"
"ASV389","Antibiotics vs Control",0.338906835106845,2.15286513485504,6.4860605588728,0.290681297392009,0.998766355205735,"ALDEx2","Bacteroidota","Bacteroidia","Cytophagales","Cyclobacteriaceae","Marinoscillum"
"ASV1486","Antibiotics vs Control",0.243716519299989,1.39111040681569,4.92638098592579,0.497240946189142,0.998767254637631,"ALDEx2","Bacteroidota","Bacteroidia","Flavobacteriales","Flavobacteriaceae","Seonamhaeicola"
"ASV139","Antibiotics vs Control",-0.277661092852544,-1.67094483134197,6.67280361090049,0.313645765781614,0.998793963626861,"ALDEx2","Bacteroidota","Bacteroidia","Flavobacteriales","Flavobacteriaceae","NS4 marine group"
"ASV37","Antibiotics vs Control",-0.386345501977137,-3.67572444500703,7.60861435887912,0.303366432312703,0.998796449674984,"ALDEx2","Proteobacteria","Alphaproteobacteria","Rhodobacterales","Rhodobacteraceae","Celeribacter"
"ASV399","Antibiotics vs Control",-0.0657611240183065,-0.494498947085433,6.47153754207365,0.76596200257588,0.99880706248742,"ALDEx2","Proteobacteria","Gammaproteobacteria","Pseudomonadales","OM182 clade","Unclassified"
"ASV359","Antibiotics vs Control",0.257806321704398,1.61547140326758,5.7852180773713,0.376716621333386,0.9988098244214,"ALDEx2","Proteobacteria","Alphaproteobacteria","Rhodobacterales","Rhodobacteraceae","Unclassified"
"ASV477","Antibiotics vs Control",0.460670618233932,2.86721688364208,6.2018609351594,0.214893948124767,0.99882854121932,"ALDEx2","Proteobacteria","Alphaproteobacteria","Rhodobacterales","Rhodobacteraceae","Unclassified"
"ASV586","Antibiotics vs Control",0.0210593878669257,0.123478667908555,5.53075713341299,0.763612667230212,0.998875022477482,"ALDEx2","Proteobacteria","Gammaproteobacteria","Pseudomonadales","Halieaceae","Unclassified"
"ASV447","Antibiotics vs Control",-0.107220633968357,-0.59874922011093,6.48420853549153,0.656678191863234,0.99887712783714,"ALDEx2","Bacteroidota","Bacteroidia","Sphingobacteriales","NS11-12 marine group","Unclassified"
"ASV347","Antibiotics vs Control",-0.0966139950211131,-0.720360028884306,6.91842352669702,0.550101477872073,0.998885877271827,"ALDEx2","Bacteroidota","Bacteroidia","Chitinophagales","Saprospiraceae","Lewinella"
"ASV432","Antibiotics vs Control",0.282583240231012,1.70489571335986,5.6499915852075,0.388050940749245,0.99891278731711,"ALDEx2","Bacteroidota","Bacteroidia","Flavobacteriales","Flavobacteriaceae","Unclassified"
"ASV1871","Antibiotics vs Control",0.21881034827069,1.18266033234978,5.03252798904753,0.595788853791726,0.998938983998479,"ALDEx2","Bacteroidota","Bacteroidia","Flavobacteriales","Flavobacteriaceae","Unclassified"
"ASV104","Antibiotics vs Control",0.0426124942409057,0.252510517422241,6.12650211493903,0.693585452815581,0.998954593047565,"ALDEx2","Proteobacteria","Gammaproteobacteria","Enterobacterales","Alteromonadaceae","Unclassified"
"ASV630","Antibiotics vs Control",0.242822170150511,1.58666860119767,5.60908809248656,0.588076420239257,0.998973112468651,"ALDEx2","Proteobacteria","Gammaproteobacteria","Enterobacterales","Vibrionaceae","Catenococcus"
"ASV726","Antibiotics vs Control",-0.00707622676887935,-0.0335919412016388,5.6798611223993,0.728990027376698,0.998990596983486,"ALDEx2","Bacteroidota","Bacteroidia","Flavobacteriales","NS7 marine group","Unclassified"
"ASV950","Antibiotics vs Control",0.305985594487999,1.86441442909632,5.97318633525288,0.35147845439293,0.999002809147185,"ALDEx2","Proteobacteria","Gammaproteobacteria","Pseudomonadales","Porticoccaceae","SAR92 clade"
"ASV1255","Antibiotics vs Control",0.15552685623213,0.921853073480827,6.00184008401271,0.702924402243063,0.999013139086529,"ALDEx2","Actinobacteriota","Actinobacteria","Micrococcales","Dermacoccaceae","Dermacoccus"
"ASV284","Antibiotics vs Control",-0.0990968527905381,-0.739552956925436,6.89767239560574,0.706887360099532,0.999013139086529,"ALDEx2","Proteobacteria","Gammaproteobacteria","Enterobacterales","Alteromonadaceae","Rheinheimera"
"ASV478","Antibiotics vs Control",-0.261367388130017,-1.69219693287349,5.78447827298477,0.517258814565693,0.999047300560349,"ALDEx2","Bacteroidota","Bacteroidia","Chitinophagales","Saprospiraceae","Unclassified"
"ASV1109","Antibiotics vs Control",0.277745534951118,1.60319341993835,5.31015052910791,0.47714561717537,0.999050662308492,"ALDEx2","Bacteroidota","Bacteroidia","Flavobacteriales","Crocinitomicaceae","Crocinitomix"
"ASV1151","Antibiotics vs Control",0.182611353058375,1.27186794987774,6.71226943753469,0.538583629085972,0.999070793440504,"ALDEx2","Proteobacteria","Gammaproteobacteria","Enterobacterales","Colwelliaceae","Thalassomonas"
"ASV1116","Antibiotics vs Control",0.217798999150786,1.09814960042701,4.82781101530387,0.547190927059364,0.999070793440504,"ALDEx2","Actinobacteriota","Acidimicrobiia","Microtrichales","Microtrichaceae","Sva0996 marine group"
"ASV323","Antibiotics vs Control",-0.0344441830358279,-0.198637193913807,7.02641992973667,0.623495414556404,0.99908835193369,"ALDEx2","Proteobacteria","Alphaproteobacteria","Rhizobiales","Stappiaceae","Pannonibacter"
"ASV523","Antibiotics vs Control",0.344126625396217,2.0624816649874,5.77180142478716,0.322833435637398,0.999091211426369,"ALDEx2","Bacteroidota","Bacteroidia","Chitinophagales","Saprospiraceae","Unclassified"
"ASV1999","Antibiotics vs Control",0.174551614333766,1.09215165597911,5.19221252778922,0.632749471716259,0.999124311517489,"ALDEx2","Bacteroidota","Bacteroidia","Flavobacteriales","Cryomorphaceae","Cryomorpha"
"ASV415","Antibiotics vs Control",0.278282614782469,1.60199632684909,5.34296525936693,0.459728165918919,0.999186670120547,"ALDEx2","Proteobacteria","Alphaproteobacteria","Sphingomonadales","Sphingomonadaceae","Unclassified"
"ASV781","Antibiotics vs Control",0.253370535009484,1.36654881175737,5.15813599182887,0.522774087698902,0.999188548413301,"ALDEx2","Bacteroidota","Bacteroidia","Chitinophagales","Saprospiraceae","Unclassified"
"ASV5071","Antibiotics vs Control",0.203106656718651,0.989976209199338,4.5456536614928,0.536656837625525,0.999277526942248,"ALDEx2","Planctomycetota","Planctomycetes","Pirellulales","Pirellulaceae","Blastopirellula"
"ASV138","Antibiotics vs Control",-0.115891495195281,-0.56662017957295,5.16196089985242,0.284620558644501,0.999285810277476,"ALDEx2","Bacteroidota","Bacteroidia","Flavobacteriales","Flavobacteriaceae","Unclassified"
"ASV855","Antibiotics vs Control",0.0405467813744318,0.31615747356712,5.94144015335169,0.726225924203167,0.999291771168096,"ALDEx2","Proteobacteria","Gammaproteobacteria","Steroidobacterales","Woeseiaceae","Woeseia"
"ASV497","Antibiotics vs Control",0.0049365610588796,0.0233022308779329,5.83278757362901,0.736740949537825,0.999307347299892,"ALDEx2","Proteobacteria","Alphaproteobacteria","Rhodospirillales","Magnetospiraceae","Unclassified"
"ASV1262","Antibiotics vs Control",0.27843424100715,1.72486443442222,4.94683710691742,0.490141512049332,0.99931116007911,"ALDEx2","Actinobacteriota","Acidimicrobiia","Microtrichales","Microtrichaceae","Sva0996 marine group"
"ASV1245","Antibiotics vs Control",0.318973162181623,1.86330536090995,5.61307806661831,0.374756232248912,0.999312744382305,"ALDEx2","Proteobacteria","Gammaproteobacteria","Enterobacterales","Colwelliaceae","Unclassified"
"ASV1299","Antibiotics vs Control",0.215152939322294,1.43081743976206,5.53599948605104,0.493592025933525,0.999327497705827,"ALDEx2","Actinobacteriota","Actinobacteria","Corynebacteriales","Corynebacteriaceae","Corynebacterium"
"ASV938","Antibiotics vs Control",0.124653236337153,0.721295184160708,5.42720100778078,0.695766640615897,0.999345983004297,"ALDEx2","Bacteroidota","Bacteroidia","Flavobacteriales","NS9 marine group","Unclassified"
"ASV467","Antibiotics vs Control",-0.123141876123675,-0.869441229010696,6.07474829229911,0.701921572166802,0.999390180671917,"ALDEx2","Proteobacteria","Gammaproteobacteria","Burkholderiales","Nitrosomonadaceae","IS-44"
"ASV1410","Antibiotics vs Control",0.00250377943201842,0.0217708449197476,5.65489644720357,0.782456178650102,0.999411454040446,"ALDEx2","Bacteroidota","Bacteroidia","Flavobacteriales","Cryomorphaceae","Vicingus"
"ASV302","Antibiotics vs Control",-0.279588511427935,-2.21155006957029,6.85628226358218,0.529657835465959,0.999424136883217,"ALDEx2","Bacteroidota","Bacteroidia","Flavobacteriales","Flavobacteriaceae","Unclassified"
"ASV1006","Antibiotics vs Control",0.245528479225187,1.45535232347578,5.20623887088896,0.498022441378887,0.999441353028033,"ALDEx2","Bacteroidota","Bacteroidia","Flavobacteriales","Flavobacteriaceae","Aquimarina"
"ASV782","Antibiotics vs Control",0.252331970223577,1.40856729570397,4.85946878740552,0.505516660385065,0.999446739387637,"ALDEx2","Proteobacteria","Alphaproteobacteria","Rickettsiales","Rickettsiaceae","Candidatus Megaira"
"ASV610","Antibiotics vs Control",0.0309973525721941,0.162448676599373,5.59403958214912,0.698047993023,0.999448687995357,"ALDEx2","Bacteroidota","Bacteroidia","Flavobacteriales","NS7 marine group","Unclassified"
"ASV339","Antibiotics vs Control",0.237607504433776,1.80966361175066,7.68809384573092,0.372729704284972,0.999477456712271,"ALDEx2","Proteobacteria","Gammaproteobacteria","Enterobacterales","Pseudoalteromonadaceae","Pseudoalteromonas"
"ASV301","Antibiotics vs Control",0.179619906354188,0.921781631568003,4.80426718546761,0.652000638170308,0.999486920361749,"ALDEx2","Bacteroidota","Bacteroidia","Flavobacteriales","Flavobacteriaceae","Unclassified"
"ASV424","Antibiotics vs Control",0.327330719226722,1.90743732727385,6.36216919220745,0.335145420469641,0.999502226515352,"ALDEx2","Proteobacteria","Alphaproteobacteria","Caulobacterales","Hyphomonadaceae","Hellea"
"ASV847","Antibiotics vs Control",0.144917793599797,0.85667266281606,5.51821575885226,0.652052997031468,0.99953980384187,"ALDEx2","Bacteroidota","Bacteroidia","Chitinophagales","Saprospiraceae","Unclassified"
"ASV253","Antibiotics vs Control",-0.218667007770815,-1.48408935468132,6.45916035222462,0.435197512436563,0.99958224278152,"ALDEx2","Bacteroidota","Bacteroidia","Flavobacteriales","NS7 marine group","Unclassified"
"ASV746","Antibiotics vs Control",0.109229123595314,0.665145120439931,5.68243075524872,0.736214978521665,0.99958224278152,"ALDEx2","Myxococcota","Polyangia","Polyangiales","Sandaracinaceae","Unclassified"
"ASV2093","Antibiotics vs Control",-0.0374332409639091,-0.198632561551076,5.14409324612403,0.767275111799029,0.999582661234646,"ALDEx2","Proteobacteria","Gammaproteobacteria","Enterobacterales","Moritellaceae","Moritella"
"ASV64","Antibiotics vs Control",-0.042867781308558,-0.224450109471285,5.8443504854598,0.292422744521633,0.999589101109056,"ALDEx2","Proteobacteria","Gammaproteobacteria","Enterobacterales","Pseudoalteromonadaceae","Pseudoalteromonas"
"ASV507","Antibiotics vs Control",0.100663894919736,0.596322956008726,5.79308618517445,0.793940592074004,0.999599992518997,"ALDEx2","Proteobacteria","Gammaproteobacteria","Enterobacterales","Psychromonadaceae","Psychromonas"
"ASV30","Antibiotics vs Control",-0.405309895435438,-4.14022255875566,8.66439203837722,0.283291692314203,0.999603742544144,"ALDEx2","Proteobacteria","Gammaproteobacteria","Enterobacterales","Alteromonadaceae","Alteromonas"
"ASV2359","Antibiotics vs Control",0.0312535367042557,0.147778407452971,5.09353479741889,0.76777419285072,0.999641175017567,"ALDEx2","Proteobacteria","Gammaproteobacteria","Pseudomonadales","KI89A clade","Unclassified"
"ASV75","Antibiotics vs Control",-0.0422265242433891,-0.317008673095334,7.00300121129968,0.637653150766057,0.999645648836272,"ALDEx2","Proteobacteria","Alphaproteobacteria","Rhodobacterales","Rhodobacteraceae","Aestuariihabitans"
"ASV150","Antibiotics vs Control",-0.291668483719643,-1.92595059827404,6.17274765553233,0.399023593508588,0.999655070075269,"ALDEx2","Proteobacteria","Alphaproteobacteria","Rhodospirillales","AEGEAN-169 marine group","Unclassified"
"ASV464","Antibiotics vs Control",-0.10865485601038,-0.880503483500839,6.44980378791951,0.576820112434609,0.999692801375859,"ALDEx2","Proteobacteria","Gammaproteobacteria","Pseudomonadales","Halomonadaceae","Halomonas"
"ASV435","Antibiotics vs Control",0.00666029138281039,0.0363230475431369,5.53849010554775,0.694741894825596,0.999705502866259,"ALDEx2","Proteobacteria","Gammaproteobacteria","Pseudomonadales","SAR86 clade","Unclassified"
"ASV920","Antibiotics vs Control",-0.109156779407121,-0.723439418458618,6.19528136541687,0.706922462758924,0.999708726819656,"ALDEx2","Proteobacteria","Gammaproteobacteria","Enterobacterales","Vibrionaceae","Aliivibrio"
"ASV1440","Antibiotics vs Control",0.215183349348138,1.27529295053694,5.25681957728722,0.474076615036401,0.999723223523641,"ALDEx2","Calditrichota","Calditrichia","Calditrichales","Calditrichaceae","Calorithrix"
"ASV524","Antibiotics vs Control",-0.0924729755750564,-0.737274482505167,6.60550728765725,0.638277225623689,0.999736467757881,"ALDEx2","Bacteroidota","Bacteroidia","Cytophagales","Cyclobacteriaceae","Unclassified"
"ASV960","Antibiotics vs Control",-0.035786998146539,-0.232665503156106,6.19007596765129,0.689480745526782,0.999745675894398,"ALDEx2","Proteobacteria","Gammaproteobacteria","Pseudomonadales","Porticoccaceae","SAR92 clade"
"ASV698","Antibiotics vs Control",-0.108164098535349,-0.721770617531674,5.52931050814455,0.701155791639404,0.999753813469493,"ALDEx2","Proteobacteria","Gammaproteobacteria","Thiotrichales","Thiotrichaceae","Leucothrix"
"ASV1313","Antibiotics vs Control",-0.0753670433529225,-0.466744147521794,5.11145600107347,0.702102170775391,0.999777866610753,"ALDEx2","Bacteroidota","Bacteroidia","Flavobacteriales","NS9 marine group","Unclassified"
"ASV260","Antibiotics vs Control",0.207648975711591,1.21160503280901,5.40791763269445,0.57856466726344,0.999819832605823,"ALDEx2","Proteobacteria","Gammaproteobacteria","Pseudomonadales","Spongiibacteraceae","BD1-7 clade"
"ASV52","Antibiotics vs Control",-0.203126789231641,-0.709618726840334,2.22978818857284,0.104003228919613,0.99983679016543,"ALDEx2","Bacteroidota","Bacteroidia","Flavobacteriales","Flavobacteriaceae","Aurantivirga"
"ASV1123","Antibiotics vs Control",0.00625252243040308,0.0270656530818654,4.79902891261042,0.764619706279972,0.999866979179559,"ALDEx2","Bacteroidota","Bacteroidia","Chitinophagales","Saprospiraceae","Unclassified"
"ASV411","Antibiotics vs Control",-0.0448761608580705,-0.318983001601758,6.84897041246593,0.680682718962389,0.999884879004559,"ALDEx2","Proteobacteria","Gammaproteobacteria","Enterobacterales","Pseudoalteromonadaceae","Pseudoalteromonas"
"ASV629","Antibiotics vs Control",0.0680610195952187,0.353248394231386,6.00343960740504,0.750825048606697,0.999913203207786,"ALDEx2","Bacteroidota","Bacteroidia","Flavobacteriales","NS9 marine group","Unclassified"
"ASV1390","Antibiotics vs Control",-0.00233703781058014,-0.0138570980894679,5.62972709951608,0.767843468844753,0.999931695562364,"ALDEx2","Proteobacteria","Alphaproteobacteria","Rhodobacterales","Rhodobacteraceae","Unclassified"
"ASV828","Antibiotics vs Control",0.107818015275238,0.655598885251887,5.38140562068413,0.71427094133192,0.999962220036074,"ALDEx2","Proteobacteria","Gammaproteobacteria","Enterobacterales","Pseudoalteromonadaceae","Pseudoalteromonas"
"ASV53","Antibiotics vs Control",-0.16537407785087,-0.939341555023271,6.91105064989541,0.398393032192094,0.999976793415504,"ALDEx2","Proteobacteria","Gammaproteobacteria","Pseudomonadales","Alcanivoracaceae","Ketobacter"
"ASV752","Antibiotics vs Control",0.329395826568585,2.18128082191266,5.99412150929536,0.456016306309707,1,"ALDEx2","Proteobacteria","Gammaproteobacteria","Pseudomonadales","Moraxellaceae","Enhydrobacter"
"ASV207","Antibiotics vs Control",-0.000736483271093621,-0.00319506141917358,6.03900524847483,0.814208560483232,1,"ALDEx2","Proteobacteria","Gammaproteobacteria","Pseudomonadales","Alcanivoracaceae","Ketobacter"
"ASV203","Antibiotics vs Control",-0.19581986999293,-1.55973096069164,6.79109277458577,0.487310956247027,1,"ALDEx2","Proteobacteria","Gammaproteobacteria","Pseudomonadales","Pseudohongiellaceae","Pseudohongiella"
"ASV723","Antibiotics vs Control",0.246579832300848,1.46973901240389,5.52732210741169,0.539175474699874,1,"ALDEx2","Proteobacteria","Gammaproteobacteria","Pseudomonadales","Oleiphilaceae","Oleiphilus"
"ASV362","Antibiotics vs Control",0.234866214837225,1.79825468502984,6.85971130036924,0.395774697070216,1,"ALDEx2","Proteobacteria","Gammaproteobacteria","Pseudomonadales","Oleiphilaceae","Oleiphilus"
"ASV645","Antibiotics vs Control",0.0468282137564075,0.35036715745461,6.27239928382955,0.668818433737003,1,"ALDEx2","Proteobacteria","Gammaproteobacteria","Pseudomonadales","Pseudomonadaceae","Pseudomonas"
"ASV666","Antibiotics vs Control",0.0395406881069453,0.286438296958671,6.94471259116933,0.822451270464162,1,"ALDEx2","Proteobacteria","Gammaproteobacteria","Pseudomonadales","Alcanivoracaceae1","Alcanivorax"
"ASV977","Antibiotics vs Control",0.128446756601632,0.734517946252836,5.19057557300531,0.663184537927438,1,"ALDEx2","Proteobacteria","Gammaproteobacteria","Pseudomonadales","Marinobacteraceae","Marinobacter"
"ASV316","Antibiotics vs Control",0.169191386761211,1.26122161949502,7.28104601848276,0.720731716928085,1,"ALDEx2","Proteobacteria","Gammaproteobacteria","Enterobacterales","Alteromonadaceae","Aliiglaciecola"
"ASV543","Antibiotics vs Control",0.113824417586129,0.898231244133427,7.07235327105878,0.772467295208828,1,"ALDEx2","Proteobacteria","Gammaproteobacteria","Enterobacterales","Alteromonadaceae","Aestuariibacter"
"ASV122","Antibiotics vs Control",-0.118529981069846,-1.21431601799797,8.4802137862346,0.726960631871985,1,"ALDEx2","Proteobacteria","Gammaproteobacteria","Enterobacterales","Alteromonadaceae","Salinimonas"
"ASV250","Antibiotics vs Control",-0.0822093093990448,-0.573864676795648,7.05536313751895,0.766674565634956,1,"ALDEx2","Proteobacteria","Gammaproteobacteria","Enterobacterales","Psychromonadaceae","Psychromonas"
"ASV1149","Antibiotics vs Control",-0.0711924756017669,-0.461868629800152,6.19375000354793,0.660454268102955,1,"ALDEx2","Proteobacteria","Gammaproteobacteria","Enterobacterales","Shewanellaceae","Unclassified"
"ASV1477","Antibiotics vs Control",0.305586143891763,1.93421970766225,5.79247492094834,0.343891783379518,1,"ALDEx2","Proteobacteria","Gammaproteobacteria","Pseudomonadales","Spongiibacteraceae","Sinobacterium"
"ASV329","Antibiotics vs Control",0.0212784663202286,0.197838222385628,7.97706299587936,0.841359697406125,1,"ALDEx2","Proteobacteria","Gammaproteobacteria","Enterobacterales","Colwelliaceae","Colwellia"
"ASV606","Antibiotics vs Control",-0.0778206681247207,-0.516461245799045,6.99384686917221,0.603836140661443,1,"ALDEx2","Proteobacteria","Gammaproteobacteria","Enterobacterales","Colwelliaceae","Colwellia"
"ASV259","Antibiotics vs Control",0.0791373899069196,0.543756697750879,6.80098408404907,0.718736691988797,1,"ALDEx2","Proteobacteria","Gammaproteobacteria","Pseudomonadales","Nitrincolaceae","Unclassified"
"ASV127","Antibiotics vs Control",0.1650672188971,1.08876151998204,6.31934077734594,0.588733587103485,1,"ALDEx2","Proteobacteria","Gammaproteobacteria","Pseudomonadales","Spongiibacteraceae","BD1-7 clade"
"ASV1004","Antibiotics vs Control",0.180538726326272,0.996192670346941,4.95248492939693,0.651081382837332,1,"ALDEx2","Proteobacteria","Gammaproteobacteria","Enterobacterales","Shewanellaceae","Psychrobium"
"ASV270","Antibiotics vs Control",0.0450516503140682,0.424735942399463,8.55700113669021,0.833873129200503,1,"ALDEx2","Proteobacteria","Gammaproteobacteria","Enterobacterales","Colwelliaceae","Colwellia"
"ASV503","Antibiotics vs Control",0.185667310600526,1.49676004020543,7.74599815148969,0.603516714916355,1,"ALDEx2","Proteobacteria","Gammaproteobacteria","Enterobacterales","Colwelliaceae","Colwellia"
"ASV243","Antibiotics vs Control",0.103601649772595,0.959842671077077,8.88545161379859,0.804616906604886,1,"ALDEx2","Proteobacteria","Gammaproteobacteria","Pseudomonadales","Saccharospirillaceae","Oleispira"
"ASV821","Antibiotics vs Control",0.0823623249176581,0.66951380335419,7.14740435340564,0.776844021158013,1,"ALDEx2","Proteobacteria","Gammaproteobacteria","Enterobacterales","Colwelliaceae","Colwellia"
"ASV184","Antibiotics vs Control",-0.0221368594948209,-0.244135281734136,9.25257447220521,0.701652392206418,1,"ALDEx2","Proteobacteria","Gammaproteobacteria","Enterobacterales","Pseudoalteromonadaceae","Psychrosphaera"
"ASV369","Antibiotics vs Control",0.26652679508272,1.60289902043905,5.89907803695327,0.401635885907547,1,"ALDEx2","Proteobacteria","Alphaproteobacteria","Rhizobiales","Stappiaceae","Labrenzia"
"ASV1643","Antibiotics vs Control",0.0778347050499377,0.449542586198665,4.81734597163426,0.687676798345365,1,"ALDEx2","Bacteroidota","Bacteroidia","Chitinophagales","Saprospiraceae","Unclassified"
"ASV266","Antibiotics vs Control",-0.0256275896417675,-0.266878580076057,7.66661852267285,0.658207885607062,1,"ALDEx2","Bacteroidota","Bacteroidia","Chitinophagales","Saprospiraceae","Aureispira"
"ASV404","Antibiotics vs Control",0.0576333664549998,0.426420454869668,6.3602049328878,0.781257232280726,1,"ALDEx2","Bacteroidota","Rhodothermia","Balneolales","Balneolaceae","Unclassified"
"ASV1796","Antibiotics vs Control",0.0868094604779953,0.613600605506851,5.28356379771947,0.724641207526925,1,"ALDEx2","Bacteroidota","Rhodothermia","Balneolales","Balneolaceae","Balneola"
"ASV919","Antibiotics vs Control",0.0576067685746786,0.432212855888182,6.0198578312279,0.709965005005297,1,"ALDEx2","Bacteroidota","Bacteroidia","Flavobacteriales","Flavobacteriaceae","Dokdonia"
"ASV667","Antibiotics vs Control",-0.0510569471064552,-0.309428890769341,5.67952895466993,0.729427300410433,1,"ALDEx2","Bacteroidota","Bacteroidia","Flavobacteriales","Flavobacteriaceae","Maribacter"
"ASV794","Antibiotics vs Control",0.102897796160867,0.590086127766341,5.21791867919286,0.70452971464766,1,"ALDEx2","Bacteroidota","Bacteroidia","Bacteroidales","Prolixibacteraceae","Roseimarinus"
"ASV1184","Antibiotics vs Control",0.180756986354322,1.15297599522763,5.75961754483016,0.602986153943871,1,"ALDEx2","Bacteroidota","Bacteroidia","Flavobacteriales","Flavobacteriaceae","Marixanthomonas"
"ASV1089","Antibiotics vs Control",0.194834521419125,1.17445085665915,5.47384760764441,0.557647139522271,1,"ALDEx2","Bacteroidota","Bacteroidia","Flavobacteriales","Flavobacteriaceae","Winogradskyella"
"ASV588","Antibiotics vs Control",0.00808915794775274,0.0547719071126247,6.46559294763463,0.765071282211004,1,"ALDEx2","Bacteroidota","Bacteroidia","Flavobacteriales","Flavobacteriaceae","Seonamhaeicola"
"ASV320","Antibiotics vs Control",-0.0217708478673152,-0.150483825442491,7.05280950318831,0.709731240813299,1,"ALDEx2","Bacteroidota","Bacteroidia","Flavobacteriales","Flavobacteriaceae","Muricauda"
"ASV58","Antibiotics vs Control",-0.0962019756365298,-0.639186881456911,7.0707384144511,0.635289433790623,1,"ALDEx2","Bacteroidota","Bacteroidia","Flavobacteriales","Flavobacteriaceae","Croceibacter"
"ASV1353","Antibiotics vs Control",0.161291593257192,0.88141835494385,5.54631136609649,0.641145577947411,1,"ALDEx2","Bacteroidota","Bacteroidia","Flavobacteriales","Schleiferiaceae","Schleiferia"
"ASV39","Antibiotics vs Control",-0.0855246442106905,-0.542098825223956,6.40358891013419,0.397937656808448,1,"ALDEx2","Bacteroidota","Bacteroidia","Flavobacteriales","Cryomorphaceae","Owenweeksia"
"ASV283","Antibiotics vs Control",-0.0583376455010224,-0.363287637295067,6.24682760020411,0.763269282893582,1,"ALDEx2","Bacteroidota","Bacteroidia","Flavobacteriales","NS9 marine group","Unclassified"
"ASV474","Antibiotics vs Control",0.031910805978177,0.19163339418001,5.9691052135092,0.761633632491738,1,"ALDEx2","Bacteroidota","Bacteroidia","Flavobacteriales","NS9 marine group","Unclassified"
"ASV2058","Antibiotics vs Control",0.14580759383821,0.730829529590914,5.17722194008004,0.657446714343834,1,"ALDEx2","Bacteroidota","Bacteroidia","Flavobacteriales","Flavobacteriaceae","NS5 marine group"
"ASV417","Antibiotics vs Control",-0.0080617106476479,-0.0563946321168816,6.8418408890771,0.850785060893712,1,"ALDEx2","Bacteroidota","Bacteroidia","Flavobacteriales","Flavobacteriaceae","NS4 marine group"
"ASV929","Antibiotics vs Control",0.092847063349686,0.660048423786454,5.50042631010067,0.744191713987469,1,"ALDEx2","Bacteroidota","Bacteroidia","Flavobacteriales","Flavobacteriaceae","Ulvibacter"
"ASV166","Antibiotics vs Control",0.256274214517622,1.95895920187793,7.94495686697145,0.367685386024875,1,"ALDEx2","Bacteroidota","Bacteroidia","Flavobacteriales","Flavobacteriaceae","Olleya"
"ASV47","Antibiotics vs Control",0.304275673499759,2.63378743936631,8.39550973412537,0.370597424830244,1,"ALDEx2","Bacteroidota","Bacteroidia","Flavobacteriales","Flavobacteriaceae","Unclassified"
"ASV89","Antibiotics vs Control",0.156038697942228,1.27503793367272,7.48326857885106,0.712931391778492,1,"ALDEx2","Bacteroidota","Bacteroidia","Flavobacteriales","Flavobacteriaceae","Unclassified"
"ASV617","Antibiotics vs Control",0.128869415004097,1.05533477789355,6.21387405128614,0.774508236281119,1,"ALDEx2","Bacteroidota","Bacteroidia","Flavobacteriales","Flavobacteriaceae","Algibacter"
"ASV218","Antibiotics vs Control",0.0897374090751661,0.747047328391417,7.41246810651954,0.758516973389911,1,"ALDEx2","Bacteroidota","Bacteroidia","Flavobacteriales","Flavobacteriaceae","Algibacter"
"ASV273","Antibiotics vs Control",-0.0508913798901193,-0.419019922875905,7.42615352098904,0.753403592642206,1,"ALDEx2","Bacteroidota","Bacteroidia","Flavobacteriales","Flavobacteriaceae","Unclassified"
"ASV685","Antibiotics vs Control",0.181524073414337,1.01662263578295,5.56244798794358,0.544587613101613,1,"ALDEx2","Bacteroidota","Bacteroidia","Flavobacteriales","Flavobacteriaceae","Unclassified"
"ASV310","Antibiotics vs Control",0.140334631758858,0.898088594728304,5.267822915789,0.677346911870601,1,"ALDEx2","Bacteroidota","Bacteroidia","Flavobacteriales","Flavobacteriaceae","NS5 marine group"
"ASV308","Antibiotics vs Control",0.119662065686398,0.89766849117354,6.9193326036862,0.709362950474788,1,"ALDEx2","Bacteroidota","Bacteroidia","Flavobacteriales","Flavobacteriaceae","Polaribacter"
"ASV92","Antibiotics vs Control",0.130390771532007,0.76654255179344,5.91853917974453,0.601314342624003,1,"ALDEx2","Bacteroidota","Bacteroidia","Flavobacteriales","Flavobacteriaceae","Polaribacter"
"ASV188","Antibiotics vs Control",0.0397880471792964,0.292060105589222,7.4483138983435,0.843134419417493,1,"ALDEx2","Bacteroidota","Bacteroidia","Flavobacteriales","Flavobacteriaceae","Unclassified"
"ASV631","Antibiotics vs Control",0.0815146076417826,0.566988966617831,6.67757484868019,0.787324709370743,1,"ALDEx2","Bacteroidota","Bacteroidia","Flavobacteriales","Flavobacteriaceae","Psychroserpens"
"ASV124","Antibiotics vs Control",0.171278952415778,1.28862999927643,7.58341863705796,0.51966198174098,1,"ALDEx2","Bacteroidota","Bacteroidia","Flavobacteriales","Flavobacteriaceae","Gramella"
"ASV295","Antibiotics vs Control",0.248272864294281,1.68612688497352,6.9425639721884,0.490912651105655,1,"ALDEx2","Bacteroidota","Bacteroidia","Flavobacteriales","Flavobacteriaceae","Gramella"
"ASV85","Antibiotics vs Control",0.157256245356289,1.02519266206132,6.23253040254051,0.662691207205388,1,"ALDEx2","Bacteroidota","Bacteroidia","Flavobacteriales","Flavobacteriaceae","Unclassified"
"ASV493","Antibiotics vs Control",0.0104129864307116,0.0632385766537951,6.49313349539395,0.800302531630704,1,"ALDEx2","Bacteroidota","Bacteroidia","Flavobacteriales","Flavobacteriaceae","Polaribacter"
"ASV196","Antibiotics vs Control",-0.0913273672396168,-0.673639854856138,7.83070844405925,0.568261566366342,1,"ALDEx2","Bacteroidota","Bacteroidia","Flavobacteriales","Flavobacteriaceae","Polaribacter"
"ASV438","Antibiotics vs Control",-0.00696431762853159,-0.0567948046352207,7.08410523957841,0.83702471096671,1,"ALDEx2","Bacteroidota","Bacteroidia","Flavobacteriales","Flavobacteriaceae","Pseudofulvibacter"
"ASV857","Antibiotics vs Control",0.054529575523475,0.33685065031133,5.50218609291177,0.735394125740471,1,"ALDEx2","Bacteroidota","Bacteroidia","Flavobacteriales","Flavobacteriaceae","Pseudofulvibacter"
"ASV94","Antibiotics vs Control",-0.0846308087275487,-0.114582367798985,1.31186523615226,0.877691314247517,1,"ALDEx2","Bacteroidota","Bacteroidia","Flavobacteriales","Cryomorphaceae","Unclassified"
"ASV911","Antibiotics vs Control",0.162189713745444,0.89990225531255,4.94778876835261,0.649307926042629,1,"ALDEx2","Bacteroidota","Bacteroidia","Flavobacteriales","Crocinitomicaceae","Crocinitomix"
"ASV77","Antibiotics vs Control",-0.0766543124421177,-0.463533728075942,7.43656210738346,0.545056882620832,1,"ALDEx2","Bacteroidota","Bacteroidia","Flavobacteriales","Flavobacteriaceae","Kordia"
"ASV27","Antibiotics vs Control",0.173385996859062,1.48475710464217,8.20968176523415,0.65465309176309,1,"ALDEx2","Bacteroidota","Bacteroidia","Flavobacteriales","Crocinitomicaceae","Salinirepens"
"ASV50","Antibiotics vs Control",0.175398054817591,1.60385566984109,8.61330289118326,0.515037370882375,1,"ALDEx2","Bacteroidota","Bacteroidia","Flavobacteriales","Crocinitomicaceae","Salinirepens"
"ASV343","Antibiotics vs Control",-0.0933324269159618,-0.569097976132577,6.24606450294118,0.744576928556436,1,"ALDEx2","Bacteroidota","Bacteroidia","Flavobacteriales","Crocinitomicaceae","Fluviicola"
"ASV608","Antibiotics vs Control",0.0177405127023265,0.053291071103299,5.8080047359026,0.793973065866214,1,"ALDEx2","Bacteroidota","Bacteroidia","Flavobacteriales","Cryomorphaceae","Unclassified"
"ASV707","Antibiotics vs Control",0.107212592626076,0.747247291808139,6.26340771555637,0.662006468012196,1,"ALDEx2","Bacteroidota","Bacteroidia","Flavobacteriales","Cryomorphaceae","Vicingus"
"ASV591","Antibiotics vs Control",0.0952052059389203,0.611953289174507,6.28321498372344,0.823708153354483,1,"ALDEx2","Bacteroidota","Bacteroidia","Flavobacteriales","NS7 marine group","Unclassified"
"ASV1612","Antibiotics vs Control",0.0765257229273575,0.49224886969938,5.70720275643887,0.782352170237723,1,"ALDEx2","Bacteroidota","Bacteroidia","Sphingobacteriales","NS11-12 marine group","Unclassified"
"ASV1194","Antibiotics vs Control",0.123258661075587,0.826503850084604,5.57555090855941,0.61179785646825,1,"ALDEx2","Bacteroidota","Bacteroidia","Flavobacteriales","NS9 marine group","Unclassified"
"ASV502","Antibiotics vs Control",0.0550802675954174,0.385997938783467,6.06221609849218,0.796249413166505,1,"ALDEx2","Bacteroidota","Bacteroidia","Flavobacteriales","NS9 marine group","Unclassified"
"ASV987","Antibiotics vs Control",0.0918780416067766,0.549144025591135,5.49437417922678,0.778115198049324,1,"ALDEx2","Bacteroidota","Bacteroidia","Flavobacteriales","Cryomorphaceae","Unclassified"
"ASV57","Antibiotics vs Control",0.151249411978062,1.27018877488003,8.16646115688171,0.558726215868454,1,"ALDEx2","Bacteroidota","Bacteroidia","Flavobacteriales","Flavobacteriaceae","Unclassified"
"ASV32","Antibiotics vs Control",0.222717527052575,2.11877419311689,9.3574033446243,0.31112477791285,1,"ALDEx2","Bacteroidota","Bacteroidia","Flavobacteriales","Flavobacteriaceae","Flavobacterium"
"ASV1853","Antibiotics vs Control",0.205303211404153,1.13743673952861,5.1431496644263,0.56652463375065,1,"ALDEx2","Bacteroidota","Bacteroidia","Flavobacteriales","Flavobacteriaceae","Unclassified"
"ASV504","Antibiotics vs Control",0.107410748540858,0.768942784729205,7.19374264079043,0.804532312907566,1,"ALDEx2","Bacteroidota","Bacteroidia","Flavobacteriales","Flavobacteriaceae","Unclassified"
"ASV607","Antibiotics vs Control",0.238926303204112,1.55535857016272,5.92236462156484,0.497187000957268,1,"ALDEx2","Bacteroidota","Bacteroidia","Flavobacteriales","Flavobacteriaceae","Flavobacterium"
"ASV544","Antibiotics vs Control",0.150154482863793,1.15528359856173,6.70701868756863,0.745731204131525,1,"ALDEx2","Bacteroidota","Bacteroidia","Flavobacteriales","Flavobacteriaceae","Unclassified"
"ASV674","Antibiotics vs Control",0.045887244213099,0.339512165569939,6.20344913357803,0.801238247583369,1,"ALDEx2","Bacteroidota","Bacteroidia","Flavobacteriales","Flavobacteriaceae","Unclassified"
"ASV923","Antibiotics vs Control",0.230262682848463,1.32816494835645,5.79160373394204,0.525541751675003,1,"ALDEx2","Bacteroidota","Bacteroidia","Flavobacteriales","Flavobacteriaceae","Unclassified"
"ASV242","Antibiotics vs Control",0.31664441073162,2.30258222762644,7.25221780565676,0.256457351872596,1,"ALDEx2","Bacteroidota","Bacteroidia","Flavobacteriales","Flavobacteriaceae","Confluentibacter"
"ASV833","Antibiotics vs Control",0.0265623049444275,0.203933091958326,5.8628448528473,0.757751132055193,1,"ALDEx2","Bacteroidota","Bacteroidia","Flavobacteriales","Flavobacteriaceae","Confluentibacter"
"ASV1115","Antibiotics vs Control",0.0453309780893566,0.262685155644775,4.91018463333533,0.759485013026166,1,"ALDEx2","Bacteroidota","Bacteroidia","Chitinophagales","Saprospiraceae","Unclassified"
"ASV747","Antibiotics vs Control",0.119440795147839,0.743145139879394,6.28442304711659,0.713860037204336,1,"ALDEx2","Bacteroidota","Bacteroidia","Chitinophagales","Saprospiraceae","Lewinella"
"ASV834","Antibiotics vs Control",0.184840172198431,1.28402761646108,5.57197963364819,0.576481249324356,1,"ALDEx2","Bacteroidota","Bacteroidia","Chitinophagales","Saprospiraceae","Lewinella"
"ASV1409","Antibiotics vs Control",0.0565351778181871,0.311075494340032,5.38749862432429,0.769873077530133,1,"ALDEx2","Bacteroidota","Bacteroidia","Chitinophagales","Saprospiraceae","Lewinella"
"ASV1513","Antibiotics vs Control",0.185608452658498,1.20260556392255,6.01175221790775,0.557164074097843,1,"ALDEx2","Bacteroidota","Bacteroidia","Chitinophagales","Saprospiraceae","Lewinella"
"ASV1279","Antibiotics vs Control",0.0802703522877357,0.409360886664173,4.82336010543272,0.69833482760904,1,"ALDEx2","Bacteroidota","Bacteroidia","Chitinophagales","Saprospiraceae","Rubidimonas"
"ASV1383","Antibiotics vs Control",-0.00787601981297109,-0.0377060002298029,5.1039400599999,0.770145500985131,1,"ALDEx2","Bacteroidota","Bacteroidia","Chitinophagales","Saprospiraceae","Unclassified"
"ASV410","Antibiotics vs Control",0.229544890397199,1.57418934598132,5.77692173770216,0.518502812463028,1,"ALDEx2","Bacteroidota","Bacteroidia","Chitinophagales","Saprospiraceae","Unclassified"
"ASV465","Antibiotics vs Control",0.166485505021131,0.947420794108389,5.86185219769797,0.619363540942485,1,"ALDEx2","Bacteroidota","Bacteroidia","Chitinophagales","Saprospiraceae","Unclassified"
"ASV505","Antibiotics vs Control",-0.0183949299424783,-0.0934555321723671,6.1933564555792,0.798500201923119,1,"ALDEx2","Bacteroidota","Bacteroidia","Chitinophagales","37-13","Unclassified"
"ASV1607","Antibiotics vs Control",0.0857184804080652,0.594415127672101,5.19369368559794,0.639328703197692,1,"ALDEx2","Bacteroidota","Bacteroidia","Chitinophagales","Saprospiraceae","Unclassified"
"ASV713","Antibiotics vs Control",-0.136735830585016,-1.00266402395806,6.93479061710325,0.617693982376355,1,"ALDEx2","Bacteroidota","Bacteroidia","Chitinophagales","Saprospiraceae","Unclassified"
"ASV562","Antibiotics vs Control",0.0817771850614039,0.593857852151449,6.51400149992487,0.692186103399357,1,"ALDEx2","Bacteroidota","Bacteroidia","Chitinophagales","Saprospiraceae","Unclassified"
"ASV822","Antibiotics vs Control",0.0479032313795304,0.296227685532289,5.37019963797875,0.738311110084393,1,"ALDEx2","Bacteroidota","Bacteroidia","Chitinophagales","Saprospiraceae","Unclassified"
"ASV1461","Antibiotics vs Control",-0.0558745778670566,-0.422681041416612,6.08206912562468,0.70504943100643,1,"ALDEx2","Bacteroidota","Bacteroidia","Chitinophagales","Saprospiraceae","Lewinella"
"ASV594","Antibiotics vs Control",-0.0188918238084575,-0.12744695637363,6.2004055094611,0.793029920503947,1,"ALDEx2","Bacteroidota","Bacteroidia","Chitinophagales","Saprospiraceae","Unclassified"
"ASV1051","Antibiotics vs Control",0.151610536624771,0.912970829342041,5.6243815128967,0.568834471069266,1,"ALDEx2","Bacteroidota","Bacteroidia","Chitinophagales","Saprospiraceae","Unclassified"
"ASV916","Antibiotics vs Control",-0.0160155887775199,-0.101070902818541,5.54035864978459,0.784290226600031,1,"ALDEx2","Bacteroidota","Bacteroidia","Chitinophagales","Saprospiraceae","Lewinella"
"ASV456","Antibiotics vs Control",0.233018427029682,1.40002963596674,5.62907318394973,0.470428265124888,1,"ALDEx2","Bacteroidota","Bacteroidia","Chitinophagales","Saprospiraceae","Lewinella"
"ASV312","Antibiotics vs Control",0.101346159523851,0.689484620743305,6.05542295308968,0.767343178293701,1,"ALDEx2","Bacteroidota","Bacteroidia","Chitinophagales","Saprospiraceae","Lewinella"
"ASV193","Antibiotics vs Control",0.0396586123499935,0.279745952048926,7.19960235026284,0.788389866072266,1,"ALDEx2","Bacteroidota","Bacteroidia","Chitinophagales","Saprospiraceae","Lewinella"
"ASV915","Antibiotics vs Control",0.243283502761922,1.46082798961466,5.41730734961127,0.466288778443109,1,"ALDEx2","Bacteroidota","Bacteroidia","Chitinophagales","Saprospiraceae","Lewinella"
"ASV387","Antibiotics vs Control",-0.015640098154284,-0.14496064610889,6.85519135450013,0.730395756495737,1,"ALDEx2","Bacteroidota","Bacteroidia","Chitinophagales","Saprospiraceae","Rubidimonas"
"ASV264","Antibiotics vs Control",-0.0682242724966976,-0.449231206657402,7.81466163974138,0.709796348612616,1,"ALDEx2","Bacteroidota","Bacteroidia","Chitinophagales","Saprospiraceae","Unclassified"
"ASV487","Antibiotics vs Control",0.197460022279433,1.18287434938005,5.72583014485541,0.518261372876996,1,"ALDEx2","Bacteroidota","Bacteroidia","Chitinophagales","Saprospiraceae","Unclassified"
"ASV1973","Antibiotics vs Control",0.166527349321383,0.944713650718442,5.26792555715727,0.546595652908724,1,"ALDEx2","Bacteroidota","Bacteroidia","Chitinophagales","Saprospiraceae","Lewinella"
"ASV114","Antibiotics vs Control",0.0262921341662094,0.198249024294243,7.20665214040502,0.784398371891448,1,"ALDEx2","Bacteroidota","Bacteroidia","Chitinophagales","Saprospiraceae","Unclassified"
"ASV1421","Antibiotics vs Control",-0.0395347990741621,-0.237829959144384,5.54002890038049,0.773595871041861,1,"ALDEx2","Bacteroidota","Bacteroidia","Cytophagales","Cyclobacteriaceae","Unclassified"
"ASV251","Antibiotics vs Control",0.0433595540508052,0.352125980857861,6.89794250740783,0.81795190542559,1,"ALDEx2","Bacteroidota","Bacteroidia","Cytophagales","Cyclobacteriaceae","Unclassified"
"ASV1400","Antibiotics vs Control",0.138873495805828,0.793836155596624,5.5588313570673,0.756355254345515,1,"ALDEx2","Bacteroidota","Bacteroidia","Cytophagales","Cyclobacteriaceae","Unclassified"
"ASV1170","Antibiotics vs Control",0.212422196059168,1.29859353441105,5.72594776399668,0.517615063177278,1,"ALDEx2","Bacteroidota","Bacteroidia","Cytophagales","Microscillaceae","Unclassified"
"ASV436","Antibiotics vs Control",0.00224602172574115,0.0200058383335087,6.91895846858403,0.711285591295816,1,"ALDEx2","Proteobacteria","Gammaproteobacteria","Burkholderiales","Comamonadaceae","Unclassified"
"ASV448","Antibiotics vs Control",0.0161006615190966,0.131087182462377,5.9733420234008,0.814346092160752,1,"ALDEx2","Proteobacteria","Gammaproteobacteria","Burkholderiales","Comamonadaceae","RS62 marine group"
"ASV476","Antibiotics vs Control",0.0239942623556964,0.136422310920662,6.10889052664684,0.784194552389175,1,"ALDEx2","Fusobacteriota","Fusobacteriia","Fusobacteriales","Fusobacteriaceae","Psychrilyobacter"
"ASV681","Antibiotics vs Control",0.126413057379589,0.831700360034465,5.7103156772628,0.708801837499132,1,"ALDEx2","Fibrobacterota","Fibrobacteria","Fibrobacterales","Fibrobacteraceae","Unclassified"
"ASV530","Antibiotics vs Control",0.088040955665625,0.601527642986192,6.16502884937239,0.803033661239277,1,"ALDEx2","Actinobacteriota","Acidimicrobiia","Microtrichales","Ilumatobacteraceae","Ilumatobacter"
"ASV152","Antibiotics vs Control",-0.0850212713582046,-0.717915913443798,7.4418346468626,0.66350255878567,1,"ALDEx2","Actinobacteriota","Acidimicrobiia","Microtrichales","Ilumatobacteraceae","Ilumatobacter"
"ASV865","Antibiotics vs Control",0.115055885454992,0.737112812275132,6.32764885685324,0.736583695235209,1,"ALDEx2","Actinobacteriota","Acidimicrobiia","Microtrichales","Ilumatobacteraceae","Ilumatobacter"
"ASV807","Antibiotics vs Control",0.11959315055132,0.623645794464444,5.67285670893619,0.736794521367927,1,"ALDEx2","Actinobacteriota","Acidimicrobiia","Microtrichales","Microtrichaceae","Unclassified"
"ASV171","Antibiotics vs Control",-0.032823333320126,-0.229487040752637,6.98196931862546,0.743820279698762,1,"ALDEx2","Actinobacteriota","Acidimicrobiia","Microtrichales","Microtrichaceae","Unclassified"
"ASV157","Antibiotics vs Control",0.0782917491248298,0.553350966116162,7.13012832474346,0.868718142047434,1,"ALDEx2","Actinobacteriota","Actinobacteria","Micrococcales","Microbacteriaceae","ML602J-51"
"ASV687","Antibiotics vs Control",0.123448483893327,0.853432011452402,6.13548884636868,0.664387466155049,1,"ALDEx2","Actinobacteriota","Actinobacteria","Micrococcales","Micrococcaceae","Unclassified"
"ASV623","Antibiotics vs Control",-0.167462149448579,-0.91274859604332,5.33346280852552,0.594135899237987,1,"ALDEx2","Bdellovibrionota","Oligoflexia","Oligoflexales","Oligoflexaceae","Unclassified"
"ASV288","Antibiotics vs Control",0.0682633465511525,0.456795619122328,6.69382352486943,0.827676044032772,1,"ALDEx2","Proteobacteria","Alphaproteobacteria","SAR11 clade","Clade II","Unclassified"
"ASV101","Antibiotics vs Control",0.141773987763858,1.24895498930702,8.09030610756981,0.61606901770828,1,"ALDEx2","Proteobacteria","Alphaproteobacteria","SAR11 clade","Clade I","Clade Ia"
"ASV38","Antibiotics vs Control",0.324513022513465,0.569053094263539,1.55293308631322,0.235242116986839,1,"ALDEx2","Proteobacteria","Alphaproteobacteria","SAR11 clade","Clade I","Clade Ia"
"ASV109","Antibiotics vs Control",0.302739728530254,2.13971769531535,7.71242644739438,0.181921183184748,1,"ALDEx2","Proteobacteria","Alphaproteobacteria","SAR11 clade","Clade II","Unclassified"
"ASV216","Antibiotics vs Control",0.261685932610644,1.85564585189501,6.71619527143343,0.350288977616455,1,"ALDEx2","Cyanobacteria","Vampirivibrionia","Obscuribacterales","Obscuribacteraceae","Unclassified"
"ASV621","Antibiotics vs Control",0.0130179266717814,0.109911521817846,6.47766945192503,0.76149712279659,1,"ALDEx2","Cyanobacteria","Vampirivibrionia","Obscuribacterales","Obscuribacteraceae","Unclassified"
"ASV334","Antibiotics vs Control",0.150338890371496,0.84521131544314,6.25677331480777,0.72498705545733,1,"ALDEx2","Campylobacterota","Campylobacteria","Campylobacterales","Arcobacteraceae","Pseudarcobacter"
"ASV282","Antibiotics vs Control",-0.0942922315342899,-0.567230881414923,6.60672879253993,0.678967483588626,1,"ALDEx2","Campylobacterota","Campylobacteria","Campylobacterales","Arcobacteraceae","Unclassified"
"ASV643","Antibiotics vs Control",0.0651339031112304,0.350047686707357,5.6319685357126,0.758916071398488,1,"ALDEx2","Chloroflexi","Anaerolineae","Ardenticatenales","Ardenticatenaceae","Unclassified"
"ASV1988","Antibiotics vs Control",-0.0650904277786933,-0.428959014527061,5.21980563968159,0.743153740368168,1,"ALDEx2","Firmicutes","Clostridia","Oscillospirales","Hungateiclostridiaceae","Unclassified"
"ASV12","Antibiotics vs Control",-0.0217098285564867,-0.056895640303857,2.54319570322327,0.769801560843167,1,"ALDEx2","Cyanobacteria","Cyanobacteriia","Synechococcales","Cyanobiaceae","Synechococcus CC9902"
"ASV382","Antibiotics vs Control",0.340759595562961,2.02831672229033,5.82487800207778,0.363327995147837,1,"ALDEx2","Planctomycetota","Planctomycetes","Pirellulales","Pirellulaceae","Blastopirellula"
"ASV1616","Antibiotics vs Control",0.0886112444688524,0.500576373608212,5.13076534295291,0.690376593806438,1,"ALDEx2","Planctomycetota","Planctomycetes","Planctomycetales","Gimesiaceae","Unclassified"
"ASV939","Antibiotics vs Control",0.0305182603860172,0.235461138067096,6.1445242095818,0.797242764163523,1,"ALDEx2","Verrucomicrobiota","Verrucomicrobiae","Verrucomicrobiales","DEV007","Unclassified"
"ASV1114","Antibiotics vs Control",0.0646704902349459,0.350128710720277,5.4475262246772,0.747984538469948,1,"ALDEx2","Verrucomicrobiota","Verrucomicrobiae","Verrucomicrobiales","Rubritaleaceae","Rubritalea"
"ASV803","Antibiotics vs Control",0.209532646092365,1.41464811867841,5.55237281564912,0.508756678713007,1,"ALDEx2","Verrucomicrobiota","Verrucomicrobiae","Verrucomicrobiales","Rubritaleaceae","Rubritalea"
"ASV383","Antibiotics vs Control",0.130974353357982,0.950926857524928,6.2859235919716,0.547345087007412,1,"ALDEx2","Verrucomicrobiota","Verrucomicrobiae","Verrucomicrobiales","Rubritaleaceae","Persicirhabdus"
"ASV931","Antibiotics vs Control",0.283997015008292,1.5185731179514,5.51599325121724,0.452280625637363,1,"ALDEx2","Verrucomicrobiota","Verrucomicrobiae","Verrucomicrobiales","Rubritaleaceae","Haloferula"
"ASV809","Antibiotics vs Control",-0.00210883992276202,-0.0171725442416548,5.7753935966256,0.807398489957706,1,"ALDEx2","Verrucomicrobiota","Verrucomicrobiae","Verrucomicrobiales","Rubritaleaceae","Roseibacillus"
"ASV363","Antibiotics vs Control",0.00787867402554905,0.0521371836735272,5.80271789992243,0.821433837738203,1,"ALDEx2","Verrucomicrobiota","Verrucomicrobiae","Verrucomicrobiales","Rubritaleaceae","Roseibacillus"
"ASV699","Antibiotics vs Control",0.0385507806885428,0.273930325681091,5.70834032993183,0.824064838681946,1,"ALDEx2","Firmicutes","Bacilli","Bacillales","Bacillaceae","Virgibacillus"
"ASV324","Antibiotics vs Control",0.00523055407063953,0.0428682481969673,6.74490740217784,0.752139505930154,1,"ALDEx2","Firmicutes","Bacilli","Bacillales","Bacillaceae","Unclassified"
"ASV145","Antibiotics vs Control",-0.231583884081544,-1.62335795984333,7.1199780585078,0.526257597566118,1,"ALDEx2","Firmicutes","Bacilli","Bacillales","Bacillaceae","Unclassified"
"ASV105","Antibiotics vs Control",0.108992815970973,0.929260020724467,8.81250686233134,0.80320776038405,1,"ALDEx2","Firmicutes","Bacilli","Mycoplasmatales","Mycoplasmataceae","Mycoplasma"
"ASV2246","Antibiotics vs Control",0.210335383150506,1.18454632197895,5.09937482821853,0.506600760050922,1,"ALDEx2","Myxococcota","Polyangia","Polyangiales","Sandaracinaceae","Sandaracinus"
"ASV533","Antibiotics vs Control",0.142920091089658,0.842262766787695,5.43960280079546,0.663697061222788,1,"ALDEx2","Myxococcota","Polyangia","Polyangiales","Sandaracinaceae","Sandaracinus"
"ASV884","Antibiotics vs Control",0.259888610411689,1.4490500659048,5.47074616782012,0.46471300551189,1,"ALDEx2","Myxococcota","Polyangia","Polyangiales","Sandaracinaceae","Unclassified"
"ASV350","Antibiotics vs Control",-0.137540155312117,-0.862478355307261,6.50099473442361,0.613408880012688,1,"ALDEx2","Bdellovibrionota","Bdellovibrionia","Bdellovibrionales","Bdellovibrionaceae","OM27 clade"
"ASV966","Antibiotics vs Control",0.287354487032495,1.52362984612075,5.14514447444608,0.511230931609079,1,"ALDEx2","Bdellovibrionota","Bdellovibrionia","Bdellovibrionales","Bdellovibrionaceae","OM27 clade"
"ASV567","Antibiotics vs Control",0.11696316032452,0.666347123592837,5.14938153244382,0.672973410302041,1,"ALDEx2","Proteobacteria","Alphaproteobacteria","Caulobacterales","Hyphomonadaceae","Maricaulis"
"ASV322","Antibiotics vs Control",0.201681786682295,1.37395728969534,5.64702205038495,0.5090871174894,1,"ALDEx2","Proteobacteria","Alphaproteobacteria","Caulobacterales","Hyphomonadaceae","Maricaulis"
"ASV1185","Antibiotics vs Control",0.15785788062357,1.04371197499441,5.76778737184217,0.628031005186918,1,"ALDEx2","Proteobacteria","Alphaproteobacteria","Rickettsiales","Rickettsiaceae","Candidatus Megaira"
"ASV392","Antibiotics vs Control",-0.107469681630038,-0.636156946100832,6.0738112789599,0.719394773039488,1,"ALDEx2","Proteobacteria","Alphaproteobacteria","Sphingomonadales","Sphingomonadaceae","Sphingobium"
"ASV338","Antibiotics vs Control",0.332492516278193,2.43061387979071,7.26017283071123,0.24831042348919,1,"ALDEx2","Proteobacteria","Alphaproteobacteria","Sphingomonadales","Sphingomonadaceae","Sphingopyxis"
"ASV15","Antibiotics vs Control",0.129271309004108,0.514998545938756,3.13902893209264,0.769307958019497,1,"ALDEx2","Proteobacteria","Alphaproteobacteria","Sphingomonadales","Sphingomonadaceae","Blastomonas"
"ASV735","Antibiotics vs Control",0.201266354691532,1.11043834810412,5.84403965118315,0.535873484605637,1,"ALDEx2","Proteobacteria","Alphaproteobacteria","Sphingomonadales","Sphingomonadaceae","Sphingorhabdus"
"ASV444","Antibiotics vs Control",-0.195680950104462,-1.17101567982533,6.36375925601814,0.584622344012915,1,"ALDEx2","Proteobacteria","Gammaproteobacteria","Pseudomonadales","Halomonadaceae","Cobetia"
"ASV265","Antibiotics vs Control",-0.00652007666786154,-0.0531035521885039,7.41647195529718,0.79557277357896,1,"ALDEx2","Proteobacteria","Gammaproteobacteria","Pseudomonadales","Halomonadaceae","Cobetia"
"ASV470","Antibiotics vs Control",0.215594230842642,1.50668149961053,6.48646704404914,0.451633163428147,1,"ALDEx2","Proteobacteria","Gammaproteobacteria","Pseudomonadales","Halomonadaceae","Halomonas"
"ASV201","Antibiotics vs Control",-0.0969374367072771,-0.727701355204718,6.79577570567509,0.638064189051216,1,"ALDEx2","Proteobacteria","Gammaproteobacteria","Pseudomonadales","Halomonadaceae","Halomonas"
"ASV898","Antibiotics vs Control",0.038788167842047,0.24241882009846,6.32650725694308,0.768002589289811,1,"ALDEx2","Proteobacteria","Gammaproteobacteria","Tenderiales","Tenderiaceae","Candidatus Tenderia"
"ASV619","Antibiotics vs Control",0.168152808019212,1.06981910505151,5.87492331269554,0.657402298470656,1,"ALDEx2","Proteobacteria","Gammaproteobacteria","Arenicellales","Arenicellaceae","HTCC5015"
"ASV440","Antibiotics vs Control",0.0493145673347962,0.317394578107555,7.12949902949403,0.787913623359572,1,"ALDEx2","Proteobacteria","Gammaproteobacteria","Pseudomonadales","Thioglobaceae","SUP05 cluster"
"ASV177","Antibiotics vs Control",-0.119418739493938,-0.792126703057835,6.66085584351177,0.607062739144959,1,"ALDEx2","Proteobacteria","Gammaproteobacteria","Pseudomonadales","Thioglobaceae","SUP05 cluster"
"ASV43","Antibiotics vs Control",-0.236290122858294,-0.817020331838979,2.38890418714783,0.120217065447947,1,"ALDEx2","Proteobacteria","Gammaproteobacteria","Pseudomonadales","Thioglobaceae","SUP05 cluster"
"ASV1302","Antibiotics vs Control",0.109470996101836,0.64020028499736,5.35632869172448,0.731724451805886,1,"ALDEx2","Proteobacteria","Gammaproteobacteria","Thiotrichales","Thiotrichaceae","Leucothrix"
"ASV737","Antibiotics vs Control",0.118331125750369,0.821632847674552,5.84072782357771,0.721923219565748,1,"ALDEx2","Proteobacteria","Gammaproteobacteria","Thiotrichales","Thiotrichaceae","Leucothrix"
"ASV1521","Antibiotics vs Control",0.274473551252061,1.5991758213564,5.27911746079259,0.452822053669867,1,"ALDEx2","Proteobacteria","Gammaproteobacteria","Enterobacterales","Kangiellaceae","Aliikangiella"
"ASV660","Antibiotics vs Control",0.0449716263534704,0.251016142103796,5.83030581775805,0.735730730401131,1,"ALDEx2","Proteobacteria","Gammaproteobacteria","Ectothiorhodospirales","Thioalkalispiraceae","Unclassified"
"ASV665","Antibiotics vs Control",0.149019038709623,1.01394349248278,6.40507552343861,0.620899083673623,1,"ALDEx2","Proteobacteria","Gammaproteobacteria","Steroidobacterales","Woeseiaceae","Woeseia"
"ASV811","Antibiotics vs Control",0.111952407105559,0.729108739535385,6.37400316428523,0.786704473968314,1,"ALDEx2","Proteobacteria","Gammaproteobacteria","Steroidobacterales","Woeseiaceae","Woeseia"
"ASV651","Antibiotics vs Control",-0.0642822831965244,-0.465404369534403,7.01526245126894,0.750076928565171,1,"ALDEx2","Proteobacteria","Gammaproteobacteria","Enterobacterales","Kangiellaceae","Unclassified"
"ASV609","Antibiotics vs Control",0.183098062961957,1.14263805976698,6.32628342697639,0.522816385352416,1,"ALDEx2","Proteobacteria","Gammaproteobacteria","Pseudomonadales","OM182 clade","Unclassified"
"ASV113","Antibiotics vs Control",-0.0333939077862411,-0.155666647141981,4.01206857239016,0.615689676924193,1,"ALDEx2","Proteobacteria","Gammaproteobacteria","Pseudomonadales","OM182 clade","Unclassified"
"ASV269","Antibiotics vs Control",0.136070065356737,0.790494399858218,6.43723499796965,0.773920762281007,1,"ALDEx2","Proteobacteria","Gammaproteobacteria","Pseudomonadales","OM182 clade","Unclassified"
"ASV597","Antibiotics vs Control",-0.241383722407754,-1.73260334442353,6.04367308121581,0.523332964017452,1,"ALDEx2","Proteobacteria","Gammaproteobacteria","Pseudomonadales","OM182 clade","Unclassified"
"ASV263","Antibiotics vs Control",0.165110801612203,1.25654872515272,6.79185513669816,0.585670593921146,1,"ALDEx2","Proteobacteria","Gammaproteobacteria","Pseudomonadales","OM182 clade","Unclassified"
"ASV236","Antibiotics vs Control",0.234792742231638,1.74623444655393,6.84208481072035,0.426334725429735,1,"ALDEx2","Proteobacteria","Gammaproteobacteria","Pseudomonadales","Marinomonadaceae","Marinomonas"
"ASV220","Antibiotics vs Control",0.118850604524118,0.819020216182273,5.35508595497238,0.818750238702377,1,"ALDEx2","Proteobacteria","Gammaproteobacteria","Pseudomonadales","Cellvibrionaceae","Marinagarivorans"
"ASV1070","Antibiotics vs Control",0.186094799001496,1.14677381364359,5.50801589113302,0.569867118757265,1,"ALDEx2","Proteobacteria","Gammaproteobacteria","Pseudomonadales","Porticoccaceae","SAR92 clade"
"ASV954","Antibiotics vs Control",0.260059105058084,1.50943634319018,5.26816095980669,0.439477263731461,1,"ALDEx2","Proteobacteria","Gammaproteobacteria","Pseudomonadales","Porticoccaceae","SAR92 clade"
"ASV281","Antibiotics vs Control",0.118245042812225,0.86723176661812,7.21759776827748,0.738024070690393,1,"ALDEx2","Proteobacteria","Gammaproteobacteria","Pseudomonadales","Porticoccaceae","SAR92 clade"
"ASV816","Antibiotics vs Control",0.18392630309907,1.12684711644416,4.67882832799595,0.597949171431529,1,"ALDEx2","Proteobacteria","Gammaproteobacteria","Pseudomonadales","Spongiibacteraceae","Unclassified"
"ASV63","Antibiotics vs Control",0.162311544974352,1.72456742243373,9.22270002723095,0.512004753225002,1,"ALDEx2","Proteobacteria","Gammaproteobacteria","Pseudomonadales","Cellvibrionaceae","Unclassified"
"ASV134","Antibiotics vs Control",0.108654467727389,1.03164334816053,8.77326831116545,0.79128898458896,1,"ALDEx2","Proteobacteria","Gammaproteobacteria","Pseudomonadales","Cellvibrionaceae","Unclassified"
"ASV91","Antibiotics vs Control",0.239323734732616,1.88488445579964,6.05676903220444,0.535163200832333,1,"ALDEx2","Proteobacteria","Gammaproteobacteria","Enterobacterales","Colwelliaceae","Unclassified"
"ASV96","Antibiotics vs Control",0.235623841862836,1.88023856324435,9.03329007740659,0.451396188255194,1,"ALDEx2","Proteobacteria","Gammaproteobacteria","Enterobacterales","Colwelliaceae","Unclassified"
"ASV564","Antibiotics vs Control",0.207573375608222,1.26247308766936,5.58595477026121,0.513280703901656,1,"ALDEx2","Proteobacteria","Gammaproteobacteria","Pseudomonadales","Spongiibacteraceae","Unclassified"
"ASV1345","Antibiotics vs Control",0.135692652079054,0.954178076137617,5.66397364004786,0.701810970576504,1,"ALDEx2","Proteobacteria","Gammaproteobacteria","Pseudomonadales","Spongiibacteraceae","BD1-7 clade"
"ASV1238","Antibiotics vs Control",0.124362366488015,0.90371827667648,6.03758627007374,0.635973399981519,1,"ALDEx2","Proteobacteria","Gammaproteobacteria","Pseudomonadales","Marinomonadaceae","Marinomonas"
"ASV215","Antibiotics vs Control",0.0790254542931543,0.479847014771827,6.71588263438439,0.631604785729717,1,"ALDEx2","Proteobacteria","Gammaproteobacteria","Pseudomonadales","Oleiphilaceae","Oleiphilus"
"ASV1216","Antibiotics vs Control",0.0507267460529131,0.302932122763405,4.99428989530975,0.738032943894303,1,"ALDEx2","Proteobacteria","Gammaproteobacteria","Pseudomonadales","Oleiphilaceae","Oleiphilus"
"ASV854","Antibiotics vs Control",0.0283797525594227,0.139649337448976,6.61356421011054,0.808558898152182,1,"ALDEx2","Proteobacteria","Gammaproteobacteria","Pseudomonadales","Oleiphilaceae","Oleiphilus"
"ASV967","Antibiotics vs Control",0.0747247125115165,0.568922673374368,6.01195817377309,0.702656240085113,1,"ALDEx2","Proteobacteria","Gammaproteobacteria","Pseudomonadales","Oleiphilaceae","Oleiphilus"
"ASV552","Antibiotics vs Control",0.15299136741435,1.03009686284493,6.11645242110958,0.59840131189657,1,"ALDEx2","Proteobacteria","Gammaproteobacteria","Pseudomonadales","Unknown Family","Alkalimarinus"
"ASV657","Antibiotics vs Control",0.195067966662506,1.34267672066273,6.12683465021938,0.621744016679198,1,"ALDEx2","Proteobacteria","Gammaproteobacteria","Enterobacterales","Vibrionaceae","Enterovibrio"
"ASV221","Antibiotics vs Control",0.0702904433637631,0.642211569269495,7.26255787153404,0.861685472091656,1,"ALDEx2","Proteobacteria","Gammaproteobacteria","Enterobacterales","Vibrionaceae","Aliivibrio"
"ASV78","Antibiotics vs Control",0.350728863433075,1.97491549586777,5.23684048913001,0.300970948277379,1,"ALDEx2","Proteobacteria","Gammaproteobacteria","Enterobacterales","Vibrionaceae","Aliivibrio"
"ASV451","Antibiotics vs Control",0.244309081540526,1.57608333649153,6.06849286598679,0.426022423829468,1,"ALDEx2","Proteobacteria","Gammaproteobacteria","Enterobacterales","Vibrionaceae","Unclassified"
"ASV146","Antibiotics vs Control",0.0215635992406413,0.20109214613513,7.22926506409179,0.786137673332174,1,"ALDEx2","Proteobacteria","Gammaproteobacteria","Enterobacterales","Alteromonadaceae","Paraglaciecola"
"ASV328","Antibiotics vs Control",0.0833974875648202,0.510754431791536,5.94970283161456,0.741333557674514,1,"ALDEx2","Proteobacteria","Gammaproteobacteria","Enterobacterales","Alteromonadaceae","Paraglaciecola"
"ASV275","Antibiotics vs Control",0.159807661595372,0.906094597771683,5.15780665211364,0.709327770411978,1,"ALDEx2","Proteobacteria","Gammaproteobacteria","Enterobacterales","Alteromonadaceae","Paraglaciecola"
"ASV19","Antibiotics vs Control",0.231416689462921,0.797915846871399,2.67347911101,0.88758229385204,1,"ALDEx2","Proteobacteria","Gammaproteobacteria","Enterobacterales","Alteromonadaceae","Paraglaciecola"
"ASV256","Antibiotics vs Control",0.11026849067506,0.748666544856468,5.1755995450138,0.730198754260897,1,"ALDEx2","Proteobacteria","Gammaproteobacteria","Pseudomonadales","Cellvibrionaceae","Unclassified"
"ASV721","Antibiotics vs Control",0.0582876643435492,0.466343934423048,7.06845042918683,0.807838673736534,1,"ALDEx2","Proteobacteria","Gammaproteobacteria","Enterobacterales","Colwelliaceae","Thalassomonas"
"ASV111","Antibiotics vs Control",-0.0272633193041278,-0.183086266721124,7.46249700133109,0.754053548440685,1,"ALDEx2","Proteobacteria","Gammaproteobacteria","Enterobacterales","Colwelliaceae","Colwellia"
"ASV71","Antibiotics vs Control",0.0650178724486598,0.654501163944952,8.88908868010057,0.869982755183128,1,"ALDEx2","Proteobacteria","Gammaproteobacteria","Enterobacterales","Alteromonadaceae","Alteromonas"
"ASV211","Antibiotics vs Control",0.126527290147852,1.14403339185815,8.86905252532469,0.767611405773792,1,"ALDEx2","Proteobacteria","Gammaproteobacteria","Enterobacterales","Alteromonadaceae","Alteromonas"
"ASV118","Antibiotics vs Control",0.109891691533788,1.00966792412244,8.23398629450857,0.837037853765471,1,"ALDEx2","Proteobacteria","Gammaproteobacteria","Enterobacterales","Alteromonadaceae","Alteromonas"
"ASV2","Antibiotics vs Control",-0.178962593643288,-0.790892160802988,3.40226170679302,0.300571510542982,1,"ALDEx2","Proteobacteria","Gammaproteobacteria","Enterobacterales","Alteromonadaceae","Alteromonas"
"ASV79","Antibiotics vs Control",-0.00681341491843517,-0.0756819355219074,8.87108566361155,0.604015243841955,1,"ALDEx2","Proteobacteria","Gammaproteobacteria","Enterobacterales","Alteromonadaceae","Alteromonas"
"ASV16","Antibiotics vs Control",-0.26261176813806,-2.38954904124621,10.246302226278,0.332623619858126,1,"ALDEx2","Proteobacteria","Gammaproteobacteria","Enterobacterales","Alteromonadaceae","Alteromonas"
"ASV8","Antibiotics vs Control",-0.189622049380246,-1.9533315518031,9.82495839316028,0.511496402136295,1,"ALDEx2","Proteobacteria","Gammaproteobacteria","Enterobacterales","Alteromonadaceae","Alteromonas"
"ASV13","Antibiotics vs Control",0.0850213152942296,0.659097625170536,8.46845465342575,0.802666910311668,1,"ALDEx2","Proteobacteria","Gammaproteobacteria","Enterobacterales","Alteromonadaceae","Unclassified"
"ASV29","Antibiotics vs Control",0.228874821283553,2.02794811917189,9.04289841640712,0.587571630499172,1,"ALDEx2","Proteobacteria","Gammaproteobacteria","Enterobacterales","Alteromonadaceae","Unclassified"
"ASV61","Antibiotics vs Control",-0.122006282740302,-1.18116659718828,8.9907667522702,0.63017243395882,1,"ALDEx2","Proteobacteria","Gammaproteobacteria","Enterobacterales","Alteromonadaceae","Unclassified"
"ASV969","Antibiotics vs Control",0.251315849311758,1.59644456122435,5.89836191125556,0.417773664484332,1,"ALDEx2","Proteobacteria","Gammaproteobacteria","Enterobacterales","Alteromonadaceae","Glaciecola"
"ASV183","Antibiotics vs Control",0.190518908795471,1.39953843557698,7.81981389837382,0.50209178626621,1,"ALDEx2","Proteobacteria","Gammaproteobacteria","Pseudomonadales","Saccharospirillaceae","Oceaniserpentilla"
"ASV603","Antibiotics vs Control",0.156981216759974,1.07703868705575,6.53377173768351,0.643982794708859,1,"ALDEx2","Proteobacteria","Gammaproteobacteria","Enterobacterales","Pseudoalteromonadaceae","Pseudoalteromonas"
"ASV168","Antibiotics vs Control",0.0471265918208247,0.358297478762909,8.68226229886867,0.836298780913037,1,"ALDEx2","Proteobacteria","Gammaproteobacteria","Enterobacterales","Pseudoalteromonadaceae","Pseudoalteromonas"
"ASV429","Antibiotics vs Control",0.194824863458529,1.16858518308306,5.22891823831693,0.503439642163249,1,"ALDEx2","Proteobacteria","Gammaproteobacteria","Pseudomonadales","Saccharospirillaceae","Oleibacter"
"ASV67","Antibiotics vs Control",-0.0126009266162964,-0.0814721393824773,6.42446716802514,0.830748579920514,1,"ALDEx2","Proteobacteria","Gammaproteobacteria","Pseudomonadales","Porticoccaceae","Porticoccus"
"ASV658","Antibiotics vs Control",0.0761429338521092,0.479506636835389,5.61204964016002,0.76450876697501,1,"ALDEx2","Proteobacteria","Gammaproteobacteria","Pseudomonadales","SAR86 clade","Unclassified"
"ASV62","Antibiotics vs Control",-0.126470897926593,-0.38908092433534,2.84185287887715,0.169456412072222,1,"ALDEx2","Proteobacteria","Gammaproteobacteria","Pseudomonadales","SAR86 clade","Unclassified"
"ASV1367","Antibiotics vs Control",0.202685549086941,1.16634302021726,5.69414621046627,0.581126777442649,1,"ALDEx2","Proteobacteria","Gammaproteobacteria","Pseudomonadales","SAR86 clade","Unclassified"
"ASV714","Antibiotics vs Control",0.108042511464314,0.764624947218086,6.07264164192311,0.759685295609352,1,"ALDEx2","Proteobacteria","Gammaproteobacteria","Steroidobacterales","Woeseiaceae","Woeseia"
"ASV1821","Antibiotics vs Control",0.0787283985093601,0.35935074477287,5.05374166891667,0.765175092002165,1,"ALDEx2","Proteobacteria","Gammaproteobacteria","Arenicellales","Arenicellaceae","Arenicella"
"ASV761","Antibiotics vs Control",0.122899496802105,0.780672449898244,5.67785684210236,0.703254569943551,1,"ALDEx2","Proteobacteria","Gammaproteobacteria","Gammaproteobacteria Incertae Sedis","Unknown Family","Marinicella"
"ASV956","Antibiotics vs Control",0.124288827520939,0.793839295360405,5.5100019230579,0.732773252768607,1,"ALDEx2","Proteobacteria","Gammaproteobacteria","Gammaproteobacteria Incertae Sedis","Unknown Family","Unclassified"
"ASV279","Antibiotics vs Control",-0.153037968227734,-0.98889514881118,6.37296093584288,0.577210120746473,1,"ALDEx2","Proteobacteria","Alphaproteobacteria","Rhodospirillales","AEGEAN-169 marine group","Unclassified"
"ASV850","Antibiotics vs Control",0.228441468268477,1.61076883694547,6.17099929531678,0.477644517556419,1,"ALDEx2","Proteobacteria","Alphaproteobacteria","Rhodobacterales","Rhodobacteraceae","WDS1C4"
"ASV11","Antibiotics vs Control",-0.316067137416935,-0.548846884545123,1.57734734454548,0.304127040056784,1,"ALDEx2","Proteobacteria","Alphaproteobacteria","Rhodobacterales","Rhodobacteraceae","Amylibacter"
"ASV155","Antibiotics vs Control",0.0690301226112032,0.415367038936353,7.1941965158438,0.826695761306878,1,"ALDEx2","Proteobacteria","Alphaproteobacteria","Rhodobacterales","Rhodobacteraceae","Silicimonas"
"ASV508","Antibiotics vs Control",0.182148904786227,0.998941985267764,4.84160869573537,0.570103121869111,1,"ALDEx2","Proteobacteria","Alphaproteobacteria","Rhodobacterales","Rhodobacteraceae","Unclassified"
"ASV20","Antibiotics vs Control",-0.377762331330314,-0.493278149816352,1.22682679918441,0.285633513418869,1,"ALDEx2","Proteobacteria","Alphaproteobacteria","Rhodobacterales","Rhodobacteraceae","Planktomarina"
"ASV131","Antibiotics vs Control",0.0702606839752162,0.490738987414973,7.36392247083602,0.805942739648944,1,"ALDEx2","Proteobacteria","Alphaproteobacteria","Rhodobacterales","Rhodobacteraceae","Unclassified"
"ASV4","Antibiotics vs Control",-0.000691555286345937,-0.00135107541171742,3.68143249462302,0.360033774238074,1,"ALDEx2","Proteobacteria","Alphaproteobacteria","Rhodobacterales","Rhodobacteraceae","Unclassified"
"ASV1","Antibiotics vs Control",0.0482034169090459,0.210943654107117,3.43188519568435,0.779498075336777,1,"ALDEx2","Proteobacteria","Alphaproteobacteria","Rhodobacterales","Rhodobacteraceae","Unclassified"
"ASV44","Antibiotics vs Control",-0.0928279067621208,-1.07159772531498,9.30205217873711,0.540239829248547,1,"ALDEx2","Proteobacteria","Alphaproteobacteria","Rhodobacterales","Rhodobacteraceae","Litoreibacter"
"ASV14","Antibiotics vs Control",0.119181596372245,0.234066607815608,1.67426230365488,0.625602046488031,1,"ALDEx2","Proteobacteria","Alphaproteobacteria","Rhodobacterales","Rhodobacteraceae","Phaeobacter"
"ASV51","Antibiotics vs Control",0.150964896985845,0.573039253887948,2.35128177520492,0.907371942750342,1,"ALDEx2","Proteobacteria","Alphaproteobacteria","Rhodobacterales","Rhodobacteraceae","Sulfitobacter"
"ASV272","Antibiotics vs Control",0.134115140489682,1.21765397358481,7.31115258430875,0.764950922364522,1,"ALDEx2","Proteobacteria","Alphaproteobacteria","Rhodobacterales","Rhodobacteraceae","Unclassified"
"ASV132","Antibiotics vs Control",-0.290538384857005,-2.3770540922662,7.7806893209298,0.47704750389309,1,"ALDEx2","Proteobacteria","Alphaproteobacteria","Rhodobacterales","Rhodobacteraceae","Unclassified"
"ASV103","Antibiotics vs Control",-0.00163281605181058,-0.0156329958830241,7.90820733742097,0.758787630553006,1,"ALDEx2","Proteobacteria","Alphaproteobacteria","Rhodobacterales","Rhodobacteraceae","Unclassified"
"ASV640","Antibiotics vs Control",0.214133770824033,1.40569520474161,5.59649693624646,0.52873169931315,1,"ALDEx2","Proteobacteria","Alphaproteobacteria","Rhodobacterales","Rhodobacteraceae","Aestuariibius"
"ASV937","Antibiotics vs Control",0.11473293984678,0.697341316054218,6.15874130680452,0.833886504838489,1,"ALDEx2","Proteobacteria","Alphaproteobacteria","Rhodobacterales","Rhodobacteraceae","Roseibacterium"
"ASV98","Antibiotics vs Control",0.139490720799452,1.13800045446485,7.1706103712418,0.813783426919244,1,"ALDEx2","Proteobacteria","Alphaproteobacteria","Rhodobacterales","Rhodobacteraceae","Oceanibulbus"
"ASV48","Antibiotics vs Control",0.19199251928951,1.15735586413377,3.2110029478784,0.442088066687214,1,"ALDEx2","Proteobacteria","Alphaproteobacteria","Rhodobacterales","Rhodobacteraceae","Oceanibulbus"
"ASV397","Antibiotics vs Control",0.0895894062320116,0.551317942086651,6.13954381680497,0.804889965675636,1,"ALDEx2","Proteobacteria","Alphaproteobacteria","Rhodobacterales","Rhodobacteraceae","Jannaschia"
"ASV351","Antibiotics vs Control",0.159836430228591,1.07093630031499,6.38913282136504,0.574941527404507,1,"ALDEx2","Proteobacteria","Alphaproteobacteria","Rhodobacterales","Rhodobacteraceae","Unclassified"
"ASV294","Antibiotics vs Control",0.080579822636764,0.559096035981122,6.5269270415898,0.785249866049488,1,"ALDEx2","Proteobacteria","Alphaproteobacteria","Rhodobacterales","Rhodobacteraceae","Yoonia-Loktanella"
"ASV202","Antibiotics vs Control",-0.227666777712565,-1.61593169114341,7.29152360144301,0.519117890730159,1,"ALDEx2","Proteobacteria","Alphaproteobacteria","Rhodobacterales","Rhodobacteraceae","Unclassified"
"ASV482","Antibiotics vs Control",0.00832249058987145,0.0650610291812583,6.57845138837674,0.800186141365791,1,"ALDEx2","Proteobacteria","Alphaproteobacteria","Rhodobacterales","Rhodobacteraceae","Unclassified"
"ASV73","Antibiotics vs Control",0.0350896795370915,0.120036424636276,2.17365453536817,0.235078231234195,1,"ALDEx2","Proteobacteria","Alphaproteobacteria","Rhodobacterales","Rhodobacteraceae","Sulfitobacter"
"ASV371","Antibiotics vs Control",0.0959950287580087,0.763924285551848,6.96232866281617,0.751673809854906,1,"ALDEx2","Proteobacteria","Alphaproteobacteria","Rhodobacterales","Rhodobacteraceae","Sulfitobacter"
"ASV121","Antibiotics vs Control",-0.149855601008856,-1.0942119125874,6.82603930208426,0.556203310496659,1,"ALDEx2","Proteobacteria","Alphaproteobacteria","Rhodobacterales","Rhodobacteraceae","Unclassified"
"ASV55","Antibiotics vs Control",0.150151868747586,0.759499328273118,5.51929618194994,0.596111438684524,1,"ALDEx2","Proteobacteria","Alphaproteobacteria","Rhodobacterales","Rhodobacteraceae","Unclassified"
"ASV741","Antibiotics vs Control",0.195228729932001,1.23326111745888,5.18489715863404,0.545479509730185,1,"ALDEx2","Proteobacteria","Alphaproteobacteria","Rhodobacterales","Rhodobacteraceae","Unclassified"
"ASV878","Antibiotics vs Control",-0.0822819208728858,-0.521945529576687,5.61048737613605,0.709179655264244,1,"ALDEx2","Proteobacteria","Alphaproteobacteria","Rhodobacterales","Rhodobacteraceae","Unclassified"
"ASV162","Antibiotics vs Control",0.0617012822216723,0.546160133914543,7.31039247878244,0.837425217777049,1,"ALDEx2","Proteobacteria","Alphaproteobacteria","Rhodobacterales","Rhodobacteraceae","Halocynthiibacter"
"ASV1130","Antibiotics vs Control",0.17574891588927,1.15206782345258,6.07228625946128,0.617303595018546,1,"ALDEx2","Proteobacteria","Alphaproteobacteria","Rhodobacterales","Rhodobacteraceae","Halocynthiibacter"
"ASV510","Antibiotics vs Control",0.139143971247604,1.09700776566473,6.54626307321964,0.661569485523102,1,"ALDEx2","Proteobacteria","Alphaproteobacteria","Rhodobacterales","Rhodobacteraceae","Unclassified"
"ASV84","Antibiotics vs Control",0.0317578699280668,0.213035020186627,7.92761922859984,0.838430702404859,1,"ALDEx2","Proteobacteria","Alphaproteobacteria","Rhodobacterales","Rhodobacteraceae","Tropicibacter"
"ASV641","Antibiotics vs Control",0.0633638549754115,0.473119123993127,6.59113881130936,0.809805375582034,1,"ALDEx2","Proteobacteria","Alphaproteobacteria","Rhodobacterales","Rhodobacteraceae","Unclassified"
"ASV40","Antibiotics vs Control",0.0970217090609371,0.417214977468443,2.68585529078614,0.883348128505457,1,"ALDEx2","Proteobacteria","Alphaproteobacteria","Rhodobacterales","Rhodobacteraceae","Unclassified"
"ASV56","Antibiotics vs Control",0.104064618829973,0.713852873892159,6.75926826777676,0.792070683954886,1,"ALDEx2","Proteobacteria","Alphaproteobacteria","Rhodobacterales","Rhodobacteraceae","Unclassified"
"ASV181","Antibiotics vs Control",-0.137789755172505,-1.15690271926704,8.00593177922983,0.619539269247715,1,"ALDEx2","Proteobacteria","Alphaproteobacteria","Rhodobacterales","Rhodobacteraceae","Marivita"
"ASV391","Antibiotics vs Control",0.131353497798751,0.860369852839533,6.36562057819313,0.64048727975928,1,"ALDEx2","Proteobacteria","Alphaproteobacteria","Rhodobacterales","Rhodobacteraceae","Marivita"
"ASV42","Antibiotics vs Control",0.113610094004876,1.03156311622182,8.05403673536312,0.77472686483221,1,"ALDEx2","Proteobacteria","Alphaproteobacteria","Rhodobacterales","Rhodobacteraceae","Aestuariihabitans"
"ASV18","Antibiotics vs Control",0.2119241534991,0.621383417105225,2.43502549547283,0.733405330072525,1,"ALDEx2","Proteobacteria","Alphaproteobacteria","Rhodobacterales","Rhodobacteraceae","Celeribacter"
"ASV36","Antibiotics vs Control",-0.0332207769553659,-0.088810706553188,1.87907890300709,0.356279212943819,1,"ALDEx2","Proteobacteria","Alphaproteobacteria","Rhodobacterales","Rhodobacteraceae","Unclassified"
"ASV557","Antibiotics vs Control",0.0946346214819049,0.656049662549668,5.65046155973888,0.757214799628267,1,"ALDEx2","Proteobacteria","Alphaproteobacteria","Rhizobiales","Devosiaceae","Maritalea"
"ASV254","Antibiotics vs Control",0.117910003241714,0.836508645791826,6.95327631402735,0.638040068446376,1,"ALDEx2","Proteobacteria","Alphaproteobacteria","Caulobacterales","Hyphomonadaceae","Algimonas"
"ASV403","Antibiotics vs Control",0.141956693236611,0.936176983854391,6.46197069292319,0.669801829869355,1,"ALDEx2","Proteobacteria","Alphaproteobacteria","Caulobacterales","Hyphomonadaceae","Unclassified"
"ASV521","Antibiotics vs Control",0.101884710467729,0.674057526196459,5.78541236745961,0.742341036814631,1,"ALDEx2","Proteobacteria","Alphaproteobacteria","Caulobacterales","Hyphomonadaceae","Ponticaulis"
"ASV112","Antibiotics vs Control",0.057364828940728,0.395532066632745,7.47717527886999,0.687327979059488,1,"ALDEx2","Proteobacteria","Alphaproteobacteria","Caulobacterales","Hyphomonadaceae","Henriciella"
"ASV277","Antibiotics vs Control",0.181399833449582,1.3368011256868,6.915860656475,0.461766694231934,1,"ALDEx2","Proteobacteria","Alphaproteobacteria","Caulobacterales","Hyphomonadaceae","Unclassified"
"ASV1228","Antibiotics vs Control",0.0551315294712884,0.268739776375139,5.18356152287246,0.755130900912824,1,"ALDEx2","Proteobacteria","Alphaproteobacteria","Caulobacterales","Hyphomonadaceae","Hellea"
"ASV484","Antibiotics vs Control",0.0586787193542724,0.370815129440238,6.57636484260803,0.804661322312987,1,"ALDEx2","Proteobacteria","Alphaproteobacteria","Sneathiellales","Sneathiellaceae","Sneathiella"
"ASV151","Antibiotics vs Control",0.156499507382252,0.906963857082031,5.76966994046746,0.619845458360293,1,"ALDEx2","Proteobacteria","Alphaproteobacteria","Rickettsiales","SM2D12","Unclassified"
"ASV420","Antibiotics vs Control",-0.015240149762013,-0.0933339139180429,6.25627650682392,0.820258710548732,1,"ALDEx2","Proteobacteria","Gammaproteobacteria","Pseudomonadales","Cellvibrionaceae","Halioxenophilus"
"ASV33","Antibiotics vs Control",-0.0634111893196427,-0.266062408881315,1.99221822973924,0.194829214463441,1,"ALDEx2","Proteobacteria","Alphaproteobacteria","Puniceispirillales","SAR116 clade","Candidatus Puniceispirillum"
"ASV704","Antibiotics vs Control",0.131391392766539,0.884479319083372,5.91364336460085,0.667678622096874,1,"ALDEx2","Proteobacteria","Alphaproteobacteria","Rhodobacterales","Rhodobacteraceae","Oceanicella"
"ASV317","Antibiotics vs Control",0.0267627191439418,0.209192244295735,6.68445082130421,0.817412738949842,1,"ALDEx2","Proteobacteria","Alphaproteobacteria","Rhodobacterales","Rhodobacteraceae","Paracoccus"
"ASV115","Antibiotics vs Control",0.28914407160771,1.70211120387371,7.67780166068246,0.200071668734679,1,"ALDEx2","Proteobacteria","Alphaproteobacteria","Rhodobacterales","Rhodobacteraceae","Paracoccus"
"ASV971","Antibiotics vs Control",0.163407288227737,0.923433254882995,5.42610489659962,0.631517092627608,1,"ALDEx2","Proteobacteria","Gammaproteobacteria","Pseudomonadales","KI89A clade","Unclassified"
"ASV340","Antibiotics vs Control",0.311298810261719,2.05424577590608,5.86837509101777,0.300840356179508,1,"ALDEx2","Proteobacteria","Gammaproteobacteria","Pseudomonadales","KI89A clade","Unclassified"
"ASV442","Antibiotics vs Control",0.095184254915268,0.721028775756,7.23224658633647,0.767942497772452,1,"ALDEx2","Proteobacteria","Alphaproteobacteria","Rhizobiales","Rhizobiaceae","Unclassified"
"ASV31","Antibiotics vs Control",0.0284081420153207,0.288231512446838,8.87301274189364,0.572564004345998,1,"ALDEx2","Proteobacteria","Alphaproteobacteria","Rhizobiales","Rhizobiaceae","Pseudahrensia"
"ASV90","Antibiotics vs Control",-0.0747437631881398,-0.59398418856057,8.90307375464571,0.603332220790361,1,"ALDEx2","Proteobacteria","Alphaproteobacteria","Rhizobiales","Rhizobiaceae","Lentilitoribacter"
"ASV76","Antibiotics vs Control",-0.125668383897685,-0.898509474464108,6.83954822513794,0.51946151921513,1,"ALDEx2","Proteobacteria","Alphaproteobacteria","Kiloniellales","Kiloniellaceae","Unclassified"
"ASV66","Antibiotics vs Control",-0.00569316813163208,-0.0195600679559584,2.46743837613815,0.321973941237959,1,"ALDEx2","Proteobacteria","Alphaproteobacteria","Puniceispirillales","SAR116 clade","Unclassified"
"ASV117","Antibiotics vs Control",0.104239660535671,0.951349364499649,8.2672230536261,0.846989746800383,1,"ALDEx2","Proteobacteria","Alphaproteobacteria","Rhizobiales","Rhizobiaceae","Unclassified"
"ASV314","Antibiotics vs Control",0.0239068420613371,0.219325477225159,7.04316982081625,0.804956384713911,1,"ALDEx2","Proteobacteria","Alphaproteobacteria","Rhizobiales","Rhizobiaceae","Brucella"
"ASV199","Antibiotics vs Control",0.17165914973563,1.26963500004811,6.63841032088018,0.591292718213867,1,"ALDEx2","Proteobacteria","Alphaproteobacteria","Rhizobiales","Methyloligellaceae","Unclassified"
"ASV386","Antibiotics vs Control",0.134823444743817,0.783882733901542,5.83333379802759,0.759520825677697,1,"ALDEx2","Proteobacteria","Alphaproteobacteria","Micavibrionales","Micavibrionaceae","Unclassified"
"ASV414","Antibiotics vs Control",0.188841791291939,1.1283355273218,6.55179347115073,0.603820976093352,1,"ALDEx2","Proteobacteria","Gammaproteobacteria","Xanthomonadales","Xanthomonadaceae","Arenimonas"
"ASV599","Antibiotics vs Control",0.0127826398415494,0.100689490245153,6.31182206306665,0.795498386563999,1,"ALDEx2","Proteobacteria","Alphaproteobacteria","Rhizobiales","Hyphomicrobiaceae","Filomicrobium"
"ASV458","Antibiotics vs Control",0.333797335195452,2.11696001465824,6.09299721372575,0.35391745411068,1,"ALDEx2","Proteobacteria","Gammaproteobacteria","Burkholderiales","Nitrosomonadaceae","Nitrosomonas"
"ASV1257","Antibiotics vs Control",0.141377164955489,0.78495184217142,5.17420145250277,0.627524346540181,1,"ALDEx2","Desulfobacterota","Desulfobacteria","Desulfobacterales","Desulfosarcinaceae","Sva0081 sediment group"
"ASV576","Antibiotics vs Control",0.0885358949942467,0.65877552906734,6.79732343088774,0.742565579210953,1,"ALDEx2","Acidobacteriota","Holophagae","Acanthopleuribacterales","Acanthopleuribacteraceae","Acanthopleuribacter"
"ASV787","Antibiotics vs Control",0.170218467354598,0.99051663209918,5.04452437938186,0.604076204820465,1,"ALDEx2","Nitrospinota","Nitrospinia","Nitrospinales","Nitrospinaceae","Nitrospina"
"ASV232","Antibiotics vs Control",0.132506288293105,0.984465497951516,7.29575430709636,0.454994606500154,1,"ALDEx2","Nitrospinota","Nitrospinia","Nitrospinales","Nitrospinaceae","LS-NOB"
"ASV80","Antibiotics vs Control",0.0851185820574761,0.624303225691,6.68685356102007,0.8162729233481,1,"ALDEx2","Bdellovibrionota","Bdellovibrionia","Bdellovibrionales","Bdellovibrionaceae","OM27 clade"
"ASV190","Antibiotics vs Control",0.216813747697922,1.66711381629009,7.38906424360723,0.510926043353358,1,"ALDEx2","Bdellovibrionota","Bdellovibrionia","Bdellovibrionales","Bdellovibrionaceae","OM27 clade"
"ASV859","Antibiotics vs Control",0.0342500319232158,0.227639888988874,5.38148208558966,0.757473415485629,1,"ALDEx2","Bdellovibrionota","Bdellovibrionia","Bdellovibrionales","Bdellovibrionaceae","OM27 clade"
"ASV3804","Antibiotics vs Control",0.161602719539253,1.01125372927479,4.8444250204078,0.591579957134503,1,"ALDEx2","Chloroflexi","Anaerolineae","SBR1031","A4b","Unclassified"
"ASV792","Antibiotics vs Control",0.14788135265661,0.8066168374451,5.50203081917385,0.659127678878517,1,"ALDEx2","Firmicutes","Clostridia","Peptostreptococcales-Tissierellales","Fusibacteraceae","Fusibacter"
"ASV555","Antibiotics vs Control",0.302947169157022,1.81313401898196,5.61992339955906,0.369670226652497,1,"ALDEx2","Firmicutes","Bacilli","Mycoplasmatales","Mycoplasmataceae","Unclassified"
"ASV689","Antibiotics vs Control",0.0939818811950237,0.523722319261258,4.79781401195988,0.689660555094994,1,"ALDEx2","Bdellovibrionota","Bdellovibrionia","Bdellovibrionales","Bdellovibrionaceae","Bdellovibrio"
"ASV730","Antibiotics vs Control",0.196721784357474,1.22523024628384,5.89293492397461,0.604472242975677,1,"ALDEx2","Bdellovibrionota","Bdellovibrionia","Bdellovibrionales","Bdellovibrionaceae","Bdellovibrio"
"ASV801","Antibiotics vs Control",0.223479226104286,1.27272920418627,5.98688197351612,0.498060812723906,1,"ALDEx2","Bdellovibrionota","Bdellovibrionia","Bacteriovoracales","Bacteriovoracaceae","Peredibacter"
"ASV1949","Antibiotics vs Control",0.111558578788545,0.733768200526012,5.35283908285142,0.628187515644003,1,"ALDEx2","Bdellovibrionota","Bdellovibrionia","Bacteriovoracales","Bacteriovoracaceae","Unclassified"
"ASV585","Antibiotics vs Control",-0.0428707477478481,-0.305448598883484,6.38816522940669,0.76034426230142,1,"ALDEx2","Desulfobacterota","Desulfobulbia","Desulfobulbales","Desulfocapsaceae","Unclassified"
"ASV814","Antibiotics vs Control",0.196601978281487,1.43270406787242,6.34859894591988,0.54740025123662,1,"ALDEx2","Actinobacteriota","Acidimicrobiia","Microtrichales","Microtrichaceae","Sva0996 marine group"
"ASV119","Antibiotics vs Control",0.064408436808712,0.441267418115288,7.18003180215203,0.855133739811786,1,"ALDEx2","Actinobacteriota","Acidimicrobiia","Microtrichales","Microtrichaceae","Sva0996 marine group"
"ASV262","Antibiotics vs Control",-0.038706716216291,-0.321928060202443,6.84742669089239,0.733881608501524,1,"ALDEx2","Actinobacteriota","Acidimicrobiia","Microtrichales","Microtrichaceae","Sva0996 marine group"
"ASV520","Antibiotics vs Control",0.212919759585933,1.21876151523273,5.14907683371861,0.487638384374996,1,"ALDEx2","Actinobacteriota","Acidimicrobiia","Microtrichales","Microtrichaceae","Sva0996 marine group"
"ASV785","Antibiotics vs Control",0.380319676697118,2.37097121984066,5.8074025104937,0.271419385597719,1,"ALDEx2","Nitrospirota","Nitrospiria","Nitrospirales","Nitrospiraceae","Nitrospira"
"ASV287","Antibiotics vs Control",0.288058003814868,1.69627982902976,6.3154937906225,0.453558019155379,1,"ALDEx2","Proteobacteria","Alphaproteobacteria","Caulobacterales","Caulobacteraceae","Unclassified"
"ASV479","Antibiotics vs Control",0.176159460207458,1.13628721743095,4.91493926663744,0.747954321447555,1,"ALDEx2","Proteobacteria","Gammaproteobacteria","Pseudomonadales","Halieaceae","Unclassified"
"ASV511","Antibiotics vs Control",0.197035511436063,1.08329484562756,5.9458721014963,0.607197159020292,1,"ALDEx2","Proteobacteria","Gammaproteobacteria","Pseudomonadales","Halieaceae","Marimicrobium"
"ASV556","Antibiotics vs Control",0.061105427144993,0.407077777380571,6.10647159968408,0.777592403801121,1,"ALDEx2","Proteobacteria","Gammaproteobacteria","Pseudomonadales","Halieaceae","Marimicrobium"
"ASV638","Antibiotics vs Control",0.116902123005036,0.831278387166037,6.37825261715005,0.728145806636329,1,"ALDEx2","Proteobacteria","Gammaproteobacteria","Pseudomonadales","Halieaceae","Marimicrobium"
"ASV305","Antibiotics vs Control",-0.0429082823940149,-0.294893617115528,7.05525565218412,0.65391856817818,1,"ALDEx2","Proteobacteria","Gammaproteobacteria","Pseudomonadales","Halieaceae","Marimicrobium"
"ASV686","Antibiotics vs Control",0.0936224242151962,0.518806822758341,5.53170428816158,0.772168015599643,1,"ALDEx2","Proteobacteria","Gammaproteobacteria","Pseudomonadales","Halieaceae","OM60(NOR5) clade"
"ASV107","Antibiotics vs Control",0.107724884302232,0.587244843482412,5.37234964073773,0.588312453537272,1,"ALDEx2","Proteobacteria","Gammaproteobacteria","Pseudomonadales","Halieaceae","Luminiphilus"
"ASV35","Antibiotics vs Control",-0.304549500867254,-0.787093644749449,1.40005089521196,0.858965176414844,1,"ALDEx2","Proteobacteria","Gammaproteobacteria","Pseudomonadales","Halieaceae","OM60(NOR5) clade"
"ASV390","Antibiotics vs Control",-0.0233075581224695,-0.20959925835098,6.96122032244846,0.735461799746445,1,"ALDEx2","Proteobacteria","Gammaproteobacteria","Pseudomonadales","Halieaceae","Halioglobus"
"ASV463","Antibiotics vs Control",0.0158016485342459,0.101830582937831,6.82860676598745,0.758197527586164,1,"ALDEx2","Proteobacteria","Gammaproteobacteria","Pseudomonadales","Halieaceae","Halioglobus"
"ASV838","Antibiotics vs Control",0.112102585426101,0.698637151276228,5.57328479490272,0.591342957512645,1,"ALDEx2","Proteobacteria","Gammaproteobacteria","Pseudomonadales","Spongiibacteraceae","Spongiibacter"
"ASV598","Antibiotics vs Control",0.145331306655948,0.892432160902866,6.40097424759328,0.669664630572559,1,"ALDEx2","Proteobacteria","Gammaproteobacteria","Pseudomonadales","Halieaceae","Unclassified"
"ASV214","Antibiotics vs Control",0.0494678315703692,0.380332365001372,7.67723419301169,0.825394221310844,1,"ALDEx2","Proteobacteria","Gammaproteobacteria","Pseudomonadales","Halieaceae","Halioglobus"
"ASV274","Antibiotics vs Control",0.344570233947904,2.23653408356406,7.37911577949292,0.29052027632909,1,"ALDEx2","Proteobacteria","Gammaproteobacteria","Pseudomonadales","Halieaceae","OM60(NOR5) clade"
"ASV825","Antibiotics vs Control",0.077211411595467,0.469546045976325,6.04812640898286,0.817997765153832,1,"ALDEx2","Proteobacteria","Gammaproteobacteria","Pseudomonadales","Halieaceae","Halioglobus"
"ASV538","Antibiotics vs Control",0.183513243137702,1.28566292369755,6.93905126675533,0.519378538613336,1,"ALDEx2","Proteobacteria","Gammaproteobacteria","Pseudomonadales","Spongiibacteraceae","Unclassified"
"ASV1069","Antibiotics vs Control",0.111826759581542,0.717514584672586,5.80946470754468,0.741815194546205,1,"ALDEx2","Proteobacteria","Gammaproteobacteria","Pseudomonadales","Spongiibacteraceae","Dasania"
"ASV237","Antibiotics vs Control",-0.158428254275706,-1.19077982415351,6.61796672938749,0.631254017028191,1,"ALDEx2","Proteobacteria","Alphaproteobacteria","Rhodospirillales","Terasakiellaceae","Terasakiella"
"ASV1047","Antibiotics vs Control",0.250994319259296,1.64466742628916,5.74505543512945,0.461051609796304,1,"ALDEx2","Proteobacteria","Alphaproteobacteria","Kiloniellales","Kiloniellaceae","Unclassified"
"ASV509","Antibiotics vs Control",0.183476043033066,0.963686963195032,5.76183191501183,0.497275205497674,1,"ALDEx2","Proteobacteria","Alphaproteobacteria","Rhizobiales","Rhizobiaceae","Unclassified"
"ASV364","High temperature vs Control",0.76779561285308,4.9799086855568,5.7402056475947,0.0407186921925673,0.87426202939259,"ALDEx2","Proteobacteria","Alphaproteobacteria","Rhodobacterales","Rhodobacteraceae","Unclassified"
"ASV270","High temperature vs Control",-0.479195483799162,-3.42590875525031,6.5281721359791,0.068782476341849,0.949813969579158,"ALDEx2","Proteobacteria","Gammaproteobacteria","Enterobacterales","Colwelliaceae","Colwellia"
"ASV75","High temperature vs Control",0.673169595351007,4.85188192546189,6.44231304491291,0.0574824539835563,0.954654621408341,"ALDEx2","Proteobacteria","Alphaproteobacteria","Rhodobacterales","Rhodobacteraceae","Aestuariihabitans"
"ASV353","High temperature vs Control",0.552573471083223,3.05575311990749,5.06821255830093,0.128150063704388,0.960577977051713,"ALDEx2","Nitrospirota","Nitrospiria","Nitrospirales","Nitrospiraceae","Nitrospira"
"ASV3643","High temperature vs Control",-0.465118698690522,-2.50023295360974,4.87432508599681,0.186666166168683,0.969811832383798,"ALDEx2","Firmicutes","Bacilli","Lactobacillales","Streptococcaceae","Streptococcus"
"ASV376","High temperature vs Control",-0.380011294974124,-2.22523517878886,5.12102365185655,0.200914849900778,0.971991384704107,"ALDEx2","Bacteroidota","Bacteroidia","Flavobacteriales","Flavobacteriaceae","Tenacibaculum"
"ASV821","High temperature vs Control",-0.344016883650171,-2.02500462598222,5.44112631646384,0.197593778217593,0.973684983165312,"ALDEx2","Proteobacteria","Gammaproteobacteria","Enterobacterales","Colwelliaceae","Colwellia"
"ASV758","High temperature vs Control",-0.370978379871876,-2.13420771580269,5.20510467310254,0.242388667706289,0.973851533056353,"ALDEx2","Bacteroidota","Bacteroidia","Flavobacteriales","Flavobacteriaceae","NS4 marine group"
"ASV1581","High temperature vs Control",-0.357144345330982,-2.16409705777343,5.60684286502526,0.198332285812952,0.974399714615049,"ALDEx2","Proteobacteria","Gammaproteobacteria","Pseudomonadales","Cellvibrionaceae","Aestuariicella"
"ASV1331","High temperature vs Control",-0.445898197976726,-2.79167760581862,5.26555265191279,0.141998263592202,0.974661379287465,"ALDEx2","Myxococcota","Polyangia","Nannocystales","Nannocystaceae","Unclassified"
"ASV503","High temperature vs Control",-0.335213032138634,-2.01228722595896,5.8933897212913,0.18395462785738,0.976117807891371,"ALDEx2","Proteobacteria","Gammaproteobacteria","Enterobacterales","Colwelliaceae","Colwellia"
"ASV104","High temperature vs Control",0.463865649661235,3.44580145553065,6.62602750626388,0.139253280665491,0.978322704020547,"ALDEx2","Proteobacteria","Gammaproteobacteria","Enterobacterales","Alteromonadaceae","Unclassified"
"ASV922","High temperature vs Control",-0.56907973283929,-3.55219281467065,5.98054578198669,0.100283428529219,0.979141931699171,"ALDEx2","Proteobacteria","Gammaproteobacteria","Pseudomonadales","KI89A clade","Unclassified"
"ASV345","High temperature vs Control",-0.251345286885032,-1.52806334858672,5.54600648273752,0.268915516033756,0.980047129293908,"ALDEx2","Proteobacteria","Gammaproteobacteria","Enterobacterales","Colwelliaceae","Colwellia"
"ASV1411","High temperature vs Control",-0.331483961954056,-1.72689206341848,4.65804918728914,0.305974610530957,0.980094878483759,"ALDEx2","Chloroflexi","Anaerolineae","Ardenticatenales","Ardenticatenaceae","Unclassified"
"ASV410","High temperature vs Control",-0.359948254758492,-2.16158863486581,5.21579042450014,0.205891377316996,0.980283916875212,"ALDEx2","Bacteroidota","Bacteroidia","Chitinophagales","Saprospiraceae","Unclassified"
"ASV225","High temperature vs Control",0.505369633844476,3.02598704857369,5.93634587654471,0.137698315183356,0.980816934267635,"ALDEx2","Proteobacteria","Gammaproteobacteria","Enterobacterales","Colwelliaceae","Colwellia"
"ASV785","High temperature vs Control",-0.499077266692091,-2.83577313590872,4.90336891800639,0.134828056520614,0.981781887239925,"ALDEx2","Nitrospirota","Nitrospiria","Nitrospirales","Nitrospiraceae","Nitrospira"
"ASV250","High temperature vs Control",-0.446028258302473,-2.77203663175105,5.54385943832199,0.14704552018841,0.982620834485147,"ALDEx2","Proteobacteria","Gammaproteobacteria","Enterobacterales","Psychromonadaceae","Psychromonas"
"ASV1151","High temperature vs Control",-0.323349765662549,-1.88564382414723,5.27899859724245,0.223796915066793,0.982893340669392,"ALDEx2","Proteobacteria","Gammaproteobacteria","Enterobacterales","Colwelliaceae","Thalassomonas"
"ASV850","High temperature vs Control",-0.383814655061045,-2.26604586397713,5.15249475677602,0.180650184025156,0.982996290569573,"ALDEx2","Proteobacteria","Alphaproteobacteria","Rhodobacterales","Rhodobacteraceae","WDS1C4"
"ASV2246","High temperature vs Control",-0.341303687139265,-1.69435730920494,4.5889922101332,0.286385037013286,0.983521187150526,"ALDEx2","Myxococcota","Polyangia","Polyangiales","Sandaracinaceae","Sandaracinus"
"ASV851","High temperature vs Control",-0.498560205167907,-3.36790494782489,6.30610674547192,0.104367374961297,0.984716093165041,"ALDEx2","Actinobacteriota","Actinobacteria","Micrococcales","Microbacteriaceae","Unclassified"
"ASV752","High temperature vs Control",-0.421827376490846,-2.44560249599751,5.40713303757123,0.173877870218185,0.985159944803725,"ALDEx2","Proteobacteria","Gammaproteobacteria","Pseudomonadales","Moraxellaceae","Enhydrobacter"
"ASV2490","High temperature vs Control",-0.261906053451103,-1.43833355410228,5.01883880862234,0.366644733210636,0.985269237749136,"ALDEx2","Bacteroidota","Rhodothermia","Rhodothermales","Rhodothermaceae","Rubrivirga"
"ASV93","High temperature vs Control",0.546022140395063,4.00737413889717,6.24868934251092,0.0933764670643884,0.986606214341642,"ALDEx2","Bacteroidota","Bacteroidia","Flavobacteriales","Flavobacteriaceae","Formosa"
"ASV971","High temperature vs Control",-0.310063417101363,-1.59949139597273,4.89024168697331,0.345522675066507,0.986887185735764,"ALDEx2","Proteobacteria","Gammaproteobacteria","Pseudomonadales","KI89A clade","Unclassified"
"ASV1185","High temperature vs Control",-0.326398222817359,-1.79997785022706,4.75246014296356,0.297647843284296,0.986982841217416,"ALDEx2","Proteobacteria","Alphaproteobacteria","Rickettsiales","Rickettsiaceae","Candidatus Megaira"
"ASV687","High temperature vs Control",-0.306356824046953,-1.69425572075939,5.1479073623219,0.290828056912042,0.988135509431908,"ALDEx2","Actinobacteriota","Actinobacteria","Micrococcales","Micrococcaceae","Unclassified"
"ASV557","High temperature vs Control",-0.237128920216118,-1.26576767877604,4.74160848293113,0.435964268196852,0.988546413598859,"ALDEx2","Proteobacteria","Alphaproteobacteria","Rhizobiales","Devosiaceae","Maritalea"
"ASV54","High temperature vs Control",0.506976619347726,3.93065180151258,6.83455539842062,0.108401458297883,0.988796835240893,"ALDEx2","Proteobacteria","Gammaproteobacteria","Enterobacterales","Alteromonadaceae","Paraglaciecola"
"ASV801","High temperature vs Control",-0.299160103535669,-1.81746913695394,5.29240811844282,0.238041744930619,0.988843724398586,"ALDEx2","Bdellovibrionota","Bdellovibrionia","Bacteriovoracales","Bacteriovoracaceae","Peredibacter"
"ASV1195","High temperature vs Control",-0.223418903833364,-1.25747512085862,4.63183914764102,0.453328625961809,0.989875066078543,"ALDEx2","Proteobacteria","Gammaproteobacteria","Enterobacterales","Vibrionaceae","Vibrio"
"ASV986","High temperature vs Control",0.305333596955357,1.60760045785213,4.95463000399233,0.315159283194889,0.990045427682265,"ALDEx2","Bacteroidota","Bacteroidia","Chitinophagales","Saprospiraceae","Unclassified"
"ASV1750","High temperature vs Control",-0.347254849735237,-1.88765732422473,5.01776502760622,0.247009173546566,0.990173076505059,"ALDEx2","Proteobacteria","Gammaproteobacteria","Pseudomonadales","Cellvibrionaceae","Unclassified"
"ASV1643","High temperature vs Control",0.404299145082726,2.27990145062904,5.21228619730692,0.251730899001614,0.990198982297084,"ALDEx2","Bacteroidota","Bacteroidia","Chitinophagales","Saprospiraceae","Unclassified"
"ASV1396","High temperature vs Control",-0.289150183743692,-1.46455054439067,4.4572228731399,0.377735828906515,0.991063988879482,"ALDEx2","Planctomycetota","Planctomycetes","Pirellulales","Pirellulaceae","Pirellula"
"ASV945","High temperature vs Control",0.313024205041005,1.98318399963335,5.4820456653527,0.323441927200292,0.99111178736957,"ALDEx2","Proteobacteria","Gammaproteobacteria","Pseudomonadales","Saccharospirillaceae","Thalassolituus"
"ASV950","High temperature vs Control",-0.354859742547975,-2.24099106753896,5.50148735124072,0.253892234912829,0.991459662139244,"ALDEx2","Proteobacteria","Gammaproteobacteria","Pseudomonadales","Porticoccaceae","SAR92 clade"
"ASV1238","High temperature vs Control",-0.263923812726762,-1.53507890783728,4.81626606239429,0.317662769801373,0.992227740073005,"ALDEx2","Proteobacteria","Gammaproteobacteria","Pseudomonadales","Marinomonadaceae","Marinomonas"
"ASV1842","High temperature vs Control",0.151291149451382,0.97924826334094,5.32102067809927,0.553041663605881,0.9925765733072,"ALDEx2","Actinobacteriota","Acidimicrobiia","Microtrichales","Microtrichaceae","Unclassified"
"ASV50","High temperature vs Control",0.577336588260937,4.61317965602235,6.78990150881211,0.0249486489285831,0.992642523155128,"ALDEx2","Bacteroidota","Bacteroidia","Flavobacteriales","Crocinitomicaceae","Salinirepens"
"ASV1566","High temperature vs Control",-0.20553144693437,-1.15695319615127,4.40808245767452,0.442211298879124,0.992828502393215,"ALDEx2","Bacteroidota","Bacteroidia","Chitinophagales","Saprospiraceae","Unclassified"
"ASV649","High temperature vs Control",-0.306573180829881,-1.5907043204836,4.63158147123087,0.297285979950906,0.992935337723549,"ALDEx2","Proteobacteria","Gammaproteobacteria","Enterobacterales","Psychromonadaceae","Psychromonas"
"ASV1716","High temperature vs Control",-0.249523810122214,-1.33938649158993,5.06562692904109,0.37993627932209,0.993096815532975,"ALDEx2","Actinobacteriota","Actinobacteria","Propionibacteriales","Propionibacteriaceae","Cutibacterium"
"ASV811","High temperature vs Control",-0.201324763531833,-1.04863028336933,4.67624935658554,0.481293486434682,0.993173756574461,"ALDEx2","Proteobacteria","Gammaproteobacteria","Steroidobacterales","Woeseiaceae","Woeseia"
"ASV422","High temperature vs Control",0.469917484070203,2.93546397961684,5.75357689119564,0.192533213441151,0.993390214165789,"ALDEx2","Actinobacteriota","Actinobacteria","Micrococcales","Microbacteriaceae","Unclassified"
"ASV1230","High temperature vs Control",-0.0469943077508565,-0.233151566754054,4.49423300549702,0.736943931100239,0.993455231566305,"ALDEx2","Proteobacteria","Alphaproteobacteria","Rickettsiales","Fokiniaceae","MD3-55"
"ASV1048","High temperature vs Control",0.209946146968271,1.12231747629369,4.67811170401835,0.496316142484121,0.99362218028064,"ALDEx2","Planctomycetota","Phycisphaerae","Phycisphaerales","Phycisphaeraceae","CL500-3"
"ASV1116","High temperature vs Control",0.171843620944938,1.01267237376081,5.23414021538525,0.508033268968338,0.99372155011106,"ALDEx2","Actinobacteriota","Acidimicrobiia","Microtrichales","Microtrichaceae","Sva0996 marine group"
"ASV704","High temperature vs Control",0.351922082089011,2.03417407368451,5.15083794695917,0.295153090240236,0.9937464204897,"ALDEx2","Proteobacteria","Alphaproteobacteria","Rhodobacterales","Rhodobacteraceae","Oceanicella"
"ASV1313","High temperature vs Control",-0.276951687843049,-1.51207556974885,4.80650865603351,0.399883609490908,0.993991138618034,"ALDEx2","Bacteroidota","Bacteroidia","Flavobacteriales","NS9 marine group","Unclassified"
"ASV621","High temperature vs Control",-0.212491803567729,-1.14122461228345,4.69343546440872,0.426187337090548,0.99432503298217,"ALDEx2","Cyanobacteria","Vampirivibrionia","Obscuribacterales","Obscuribacteraceae","Unclassified"
"ASV658","High temperature vs Control",0.344013109315485,1.9323717981202,5.13355106645317,0.305365851952444,0.994477058414159,"ALDEx2","Proteobacteria","Gammaproteobacteria","Pseudomonadales","SAR86 clade","Unclassified"
"ASV301","High temperature vs Control",0.316703659980718,2.07062780101087,6.52982651112743,0.29162770780231,0.994480636798046,"ALDEx2","Bacteroidota","Bacteroidia","Flavobacteriales","Flavobacteriaceae","Unclassified"
"ASV229","High temperature vs Control",0.173148593187122,1.09144886818969,5.64593352997957,0.463373460370638,0.99453576869616,"ALDEx2","Bacteroidota","Bacteroidia","Flavobacteriales","Flavobacteriaceae","Formosa"
"ASV567","High temperature vs Control",-0.294446381552292,-1.41156647674799,4.62615143303285,0.38534836164849,0.994726112258824,"ALDEx2","Proteobacteria","Alphaproteobacteria","Caulobacterales","Hyphomonadaceae","Maricaulis"
"ASV216","High temperature vs Control",-0.498141337654874,-3.26662171736654,5.6130385417871,0.108939876497384,0.994847145070868,"ALDEx2","Cyanobacteria","Vampirivibrionia","Obscuribacterales","Obscuribacteraceae","Unclassified"
"ASV332","High temperature vs Control",0.17704147830284,1.0241401729643,5.25025044930515,0.490361987408333,0.994999168238805,"ALDEx2","Bacteroidota","Bacteroidia","Flavobacteriales","NS9 marine group","Unclassified"
"ASV2359","High temperature vs Control",-0.272132198728434,-1.3755303109067,4.7018885111541,0.377912749049634,0.995011471960724,"ALDEx2","Proteobacteria","Gammaproteobacteria","Pseudomonadales","KI89A clade","Unclassified"
"ASV967","High temperature vs Control",-0.244408087070618,-1.41376409595934,5.13772413578709,0.349102750512278,0.995050767356023,"ALDEx2","Proteobacteria","Gammaproteobacteria","Pseudomonadales","Oleiphilaceae","Oleiphilus"
"ASV1998","High temperature vs Control",-0.205609304529994,-0.989717947772797,4.52204727361698,0.49235118300233,0.995099552746276,"ALDEx2","Bacteroidota","Bacteroidia","Flavobacteriales","Cryomorphaceae","Unclassified"
"ASV966","High temperature vs Control",-0.172776061036656,-0.875370276744738,4.55059246232173,0.492549852081054,0.99517790021138,"ALDEx2","Bdellovibrionota","Bdellovibrionia","Bdellovibrionales","Bdellovibrionaceae","OM27 clade"
"ASV645","High temperature vs Control",0.267338029890415,1.71550218181219,5.86649560345576,0.317428460591045,0.995204198912146,"ALDEx2","Proteobacteria","Gammaproteobacteria","Pseudomonadales","Pseudomonadaceae","Pseudomonas"
"ASV1022","High temperature vs Control",-0.371401533062738,-2.01969551103646,5.16927027962849,0.260355340085861,0.995431281895287,"ALDEx2","Bacteroidota","Bacteroidia","Flavobacteriales","Flavobacteriaceae","Lutaonella"
"ASV931","High temperature vs Control",-0.26182022428433,-1.51789390598008,4.86854833236178,0.343770286121109,0.995591956382637,"ALDEx2","Verrucomicrobiota","Verrucomicrobiae","Verrucomicrobiales","Rubritaleaceae","Haloferula"
"ASV770","High temperature vs Control",-0.206838572285782,-1.00981005791624,4.52926178564593,0.508697420764685,0.995743377702505,"ALDEx2","Bdellovibrionota","Oligoflexia","Oligoflexales","Oligoflexaceae","Unclassified"
"ASV370","High temperature vs Control",0.191543036580308,1.17965775114075,5.1260238120875,0.459706999950192,0.995844414929352,"ALDEx2","Proteobacteria","Alphaproteobacteria","Parvibaculales","Parvibaculaceae","Unclassified"
"ASV2093","High temperature vs Control",-0.231452104560717,-1.27035049098757,4.5619798467816,0.408428426595717,0.996220599033565,"ALDEx2","Proteobacteria","Gammaproteobacteria","Enterobacterales","Moritellaceae","Moritella"
"ASV1513","High temperature vs Control",-0.30011527327363,-1.83752611404695,5.54262422146724,0.353283103934145,0.99624800684605,"ALDEx2","Bacteroidota","Bacteroidia","Chitinophagales","Saprospiraceae","Lewinella"
"ASV389","High temperature vs Control",-0.399567746662889,-2.36972341357297,5.57045352286622,0.196370773509591,0.996458786993243,"ALDEx2","Bacteroidota","Bacteroidia","Cytophagales","Cyclobacteriaceae","Marinoscillum"
"ASV2058","High temperature vs Control",-0.112440629052209,-0.638565618387778,4.89139495164364,0.626016456277654,0.996763361712334,"ALDEx2","Bacteroidota","Bacteroidia","Flavobacteriales","Flavobacteriaceae","NS5 marine group"
"ASV519","High temperature vs Control",0.150346508279579,0.934702692337512,5.68033305701725,0.48133331825823,0.9970083600395,"ALDEx2","Bacteroidota","Bacteroidia","Flavobacteriales","Flavobacteriaceae","Lutimonas"
"ASV1973","High temperature vs Control",-0.183342660905074,-0.979564858375088,4.8941139627828,0.477794925132737,0.997100135998424,"ALDEx2","Bacteroidota","Bacteroidia","Chitinophagales","Saprospiraceae","Lewinella"
"ASV1228","High temperature vs Control",0.0630386240223533,0.371959699267472,5.00741587968264,0.687973249185452,0.997252440437339,"ALDEx2","Proteobacteria","Alphaproteobacteria","Caulobacterales","Hyphomonadaceae","Hellea"
"ASV582","High temperature vs Control",0.0900604839288445,0.54165483065598,5.32945991460922,0.551134517606124,0.99750035727733,"ALDEx2","Proteobacteria","Gammaproteobacteria","Enterobacterales","Alteromonadaceae","Unclassified"
"ASV286","High temperature vs Control",0.543375574868578,3.82280053320152,6.00536728573687,0.126018175320373,0.997562664254159,"ALDEx2","Bacteroidota","Bacteroidia","Flavobacteriales","Flavobacteriaceae","Unclassified"
"ASV754","High temperature vs Control",0.319038061684229,1.87301604670612,5.56619117172476,0.362966851077267,0.997610549334362,"ALDEx2","Planctomycetota","Planctomycetes","Pirellulales","Pirellulaceae","Rubripirellula"
"ASV715","High temperature vs Control",-0.213634077899483,-1.33262593458106,5.41191014405248,0.419304739072476,0.997624880907516,"ALDEx2","Proteobacteria","Gammaproteobacteria","Pseudomonadales","Nitrincolaceae","Amphritea"
"ASV42","High temperature vs Control",0.539989631411847,3.81784101124162,6.900467864826,0.0417247130511314,0.997713882818683,"ALDEx2","Proteobacteria","Alphaproteobacteria","Rhodobacterales","Rhodobacteraceae","Aestuariihabitans"
"ASV541","High temperature vs Control",-0.0873827859501882,-0.495773151989122,4.8554011111012,0.665985866723784,0.997742609781102,"ALDEx2","Bacteroidota","Bacteroidia","Chitinophagales","Saprospiraceae","Unclassified"
"ASV828","High temperature vs Control",-0.212832627443908,-1.13955045575585,4.6621604006145,0.485535957633857,0.997742609781102,"ALDEx2","Proteobacteria","Gammaproteobacteria","Enterobacterales","Pseudoalteromonadaceae","Pseudoalteromonas"
"ASV1436","High temperature vs Control",-0.211398172667353,-1.17162692666279,5.03130045747152,0.557115236098515,0.997742609781102,"ALDEx2","Myxococcota","Myxococcia","Myxococcales","Myxococcaceae","P3OB-42"
"ASV824","High temperature vs Control",-0.206653873054076,-1.12084120553857,5.11549424342256,0.467069652940286,0.997801330883095,"ALDEx2","Proteobacteria","Gammaproteobacteria","Pseudomonadales","Halieaceae","OM60(NOR5) clade"
"ASV664","High temperature vs Control",-0.265237447349646,-1.51515708817254,5.03995735766242,0.343900322473362,0.997949040150653,"ALDEx2","Proteobacteria","Gammaproteobacteria","Enterobacterales","Vibrionaceae","Vibrio"
"ASV204","High temperature vs Control",0.11963685595313,0.702555239766158,5.01627334630612,0.568938784645471,0.998083040621984,"ALDEx2","Proteobacteria","Gammaproteobacteria","Pseudomonadales","Alcanivoracaceae","Ketobacter"
"ASV1523","High temperature vs Control",0.158622657512992,0.929037611467316,5.14524304446516,0.578926709438449,0.998086663435261,"ALDEx2","Bacteroidota","Bacteroidia","Chitinophagales","Saprospiraceae","Lewinella"
"ASV4769","High temperature vs Control",-0.3537619131075,-1.92424930820739,5.031475813719,0.242539287127818,0.998093670677855,"ALDEx2","Firmicutes","Bacilli","Lactobacillales","Lactobacillaceae","Pediococcus"
"ASV1373","High temperature vs Control",0.104705352078208,0.630957576555143,4.98867740302107,0.66678882563909,0.9981352267904,"ALDEx2","Proteobacteria","Gammaproteobacteria","Pseudomonadales","Halieaceae","Unclassified"
"ASV95","High temperature vs Control",0.46411888200713,3.19479871508574,6.11925968474808,0.138427561070023,0.998153164986236,"ALDEx2","Bacteroidota","Bacteroidia","Chitinophagales","Saprospiraceae","Unclassified"
"ASV1345","High temperature vs Control",-0.191042676169552,-0.995119449107101,4.73337521357265,0.456381562515216,0.998170986082921,"ALDEx2","Proteobacteria","Gammaproteobacteria","Pseudomonadales","Spongiibacteraceae","BD1-7 clade"
"ASV1457","High temperature vs Control",-0.114566450804018,-0.656134515724605,5.27725827142659,0.567808189236325,0.998183112628255,"ALDEx2","Bacteroidota","Bacteroidia","Flavobacteriales","Flavobacteriaceae","Meridianimaribacter"
"ASV186","High temperature vs Control",0.408120316500053,2.6187621795698,5.93595693572408,0.21701868688182,0.998274474829438,"ALDEx2","Bacteroidota","Bacteroidia","Flavobacteriales","Flavobacteriaceae","NS4 marine group"
"ASV372","High temperature vs Control",0.258086957990688,1.59060585334351,6.00039156324288,0.37488570225436,0.998385842634029,"ALDEx2","Proteobacteria","Gammaproteobacteria","Enterobacterales","Alteromonadaceae","Aliiglaciecola"
"ASV2034","High temperature vs Control",-0.142230438233157,-0.893380095850431,5.38940603350376,0.52570620241415,0.99840586079712,"ALDEx2","Proteobacteria","Gammaproteobacteria","Gammaproteobacteria Incertae Sedis","Unknown Family","Unclassified"
"ASV1089","High temperature vs Control",-0.221258419975095,-1.26993134102645,5.03979685707849,0.434749670592878,0.99846981417151,"ALDEx2","Bacteroidota","Bacteroidia","Flavobacteriales","Flavobacteriaceae","Winogradskyella"
"ASV949","High temperature vs Control",-0.191614679808783,-1.15939632117008,5.63976801220389,0.358056277527835,0.99846993697051,"ALDEx2","Proteobacteria","Gammaproteobacteria","Pseudomonadales","Saccharospirillaceae","Unclassified"
"ASV1461","High temperature vs Control",-0.221309295144237,-1.09045896470485,4.50329227799811,0.463722360504872,0.998495002048046,"ALDEx2","Bacteroidota","Bacteroidia","Chitinophagales","Saprospiraceae","Lewinella"
"ASV606","High temperature vs Control",-0.201178994338165,-1.04130055606809,4.68094258416838,0.400120754607404,0.998502930638237,"ALDEx2","Proteobacteria","Gammaproteobacteria","Enterobacterales","Colwelliaceae","Colwellia"
"ASV266","High temperature vs Control",-0.256997763285861,-1.48126231688651,5.19371772393088,0.295923130611804,0.998519257731134,"ALDEx2","Bacteroidota","Bacteroidia","Chitinophagales","Saprospiraceae","Aureispira"
"ASV803","High temperature vs Control",-0.212074083959891,-1.22237693319709,5.12283247862696,0.462165529702588,0.998569172605423,"ALDEx2","Verrucomicrobiota","Verrucomicrobiae","Verrucomicrobiales","Rubritaleaceae","Rubritalea"
"ASV814","High temperature vs Control",-0.244350250521184,-1.48310867178152,5.54406856877341,0.345729436511041,0.998764808606508,"ALDEx2","Actinobacteriota","Acidimicrobiia","Microtrichales","Microtrichaceae","Sva0996 marine group"
"ASV1536","High temperature vs Control",-0.22035358810392,-1.36017616775849,5.55236200561522,0.415666514104972,0.998829776612646,"ALDEx2","Actinobacteriota","Acidimicrobiia","Microtrichales","Ilumatobacteraceae","Ilumatobacter"
"ASV1820","High temperature vs Control",-0.201257590143512,-1.25553743533448,5.13620833730242,0.464721352296609,0.998829776612646,"ALDEx2","Verrucomicrobiota","Verrucomicrobiae","Pedosphaerales","Pedosphaeraceae","SCGC AAA164-E04"
"ASV220","High temperature vs Control",-0.126924170004851,-0.656008710628006,4.85771231235969,0.684416405032748,0.998829776612646,"ALDEx2","Proteobacteria","Gammaproteobacteria","Pseudomonadales","Cellvibrionaceae","Marinagarivorans"
"ASV573","High temperature vs Control",-0.217690058215166,-1.40870282769777,5.84185706613183,0.393351304811555,0.998941266183979,"ALDEx2","Proteobacteria","Gammaproteobacteria","Pseudomonadales","Marinomonadaceae","Marinomonas"
"ASV657","High temperature vs Control",-0.150961806041261,-0.929402884211661,5.3695089608684,0.493713769726274,0.998941266183979,"ALDEx2","Proteobacteria","Gammaproteobacteria","Enterobacterales","Vibrionaceae","Enterovibrio"
"ASV626","High temperature vs Control",0.324319827131766,1.75054834170971,5.121770876317,0.370539303965054,0.998956094125008,"ALDEx2","Bacteroidota","Bacteroidia","Flavobacteriales","Cryomorphaceae","Unclassified"
"ASV214","High temperature vs Control",0.407114158009498,2.99251181063668,7.03007163103906,0.165713382009015,0.9989877303425,"ALDEx2","Proteobacteria","Gammaproteobacteria","Pseudomonadales","Halieaceae","Halioglobus"
"ASV1286","High temperature vs Control",-0.152472641780823,-0.82568224260884,4.73131201616402,0.57109554156548,0.999029545633458,"ALDEx2","Planctomycetota","Planctomycetes","Planctomycetales","Rubinisphaeraceae","Fuerstia"
"ASV211","High temperature vs Control",-0.184514472130448,-1.23327446498194,6.4651183693552,0.417305991843446,0.999029545633458,"ALDEx2","Proteobacteria","Gammaproteobacteria","Enterobacterales","Alteromonadaceae","Alteromonas"
"ASV960","High temperature vs Control",-0.104009776287251,-0.519966904115582,5.04590815114022,0.670509497076789,0.999065028736908,"ALDEx2","Proteobacteria","Gammaproteobacteria","Pseudomonadales","Porticoccaceae","SAR92 clade"
"ASV452","High temperature vs Control",0.36583807266933,2.14265047442395,5.25321002156949,0.269077107276089,0.999099458843912,"ALDEx2","Nitrospinota","Nitrospinia","Nitrospinales","Nitrospinaceae","Nitrospina"
"ASV302","High temperature vs Control",0.268756019360647,1.67696679480017,6.82927367063651,0.341096988358024,0.999167284856495,"ALDEx2","Bacteroidota","Bacteroidia","Flavobacteriales","Flavobacteriaceae","Unclassified"
"ASV1013","High temperature vs Control",-0.222535779381332,-1.21188245362425,4.392401764811,0.41597246825753,0.999261894334525,"ALDEx2","Campylobacterota","Campylobacteria","Campylobacterales","Arcobacteraceae","Pseudarcobacter"
"ASV273","High temperature vs Control",-0.185386781585203,-1.25418689449741,6.15809048005654,0.413538427679626,0.999270199500898,"ALDEx2","Bacteroidota","Bacteroidia","Flavobacteriales","Flavobacteriaceae","Unclassified"
"ASV792","High temperature vs Control",-0.143952622429803,-0.824077264644923,4.81649635404036,0.55161763414434,0.999270199500898,"ALDEx2","Firmicutes","Clostridia","Peptostreptococcales-Tissierellales","Fusibacteraceae","Fusibacter"
"ASV333","High temperature vs Control",0.137931180876844,0.75563389799494,5.62189748744515,0.58295641109753,0.999314049714733,"ALDEx2","Proteobacteria","Gammaproteobacteria","Pseudomonadales","SAR86 clade","Unclassified"
"ASV625","High temperature vs Control",-0.0281440542634978,-0.154015073072591,4.71614471756483,0.764617932752852,0.99933193771782,"ALDEx2","Proteobacteria","Gammaproteobacteria","Pseudomonadales","Pseudohongiellaceae","Pseudohongiella"
"ASV1047","High temperature vs Control",-0.23356548319051,-1.39395036618981,5.31263111236601,0.373254329994933,0.99933193771782,"ALDEx2","Proteobacteria","Alphaproteobacteria","Kiloniellales","Kiloniellaceae","Unclassified"
"ASV1922","High temperature vs Control",-0.277599275233118,-1.67718726812741,5.45910771498042,0.337137855256712,0.999357284629111,"ALDEx2","Proteobacteria","Alphaproteobacteria","Kordiimonadales","Kordiimonadaceae","Kordiimonas"
"ASV610","High temperature vs Control",0.00439086138127144,0.0352022969119634,4.74660396005908,0.759396166591657,0.999476000818898,"ALDEx2","Bacteroidota","Bacteroidia","Flavobacteriales","NS7 marine group","Unclassified"
"ASV640","High temperature vs Control",0.192092152167442,1.21675391217539,6.41920381980038,0.447650054878228,0.999476000818898,"ALDEx2","Proteobacteria","Alphaproteobacteria","Rhodobacterales","Rhodobacteraceae","Aestuariibius"
"ASV224","High temperature vs Control",-0.313652041325078,-2.12645353779383,6.82737805554814,0.318351755977036,0.99948358734646,"ALDEx2","Proteobacteria","Alphaproteobacteria","Rhizobiales","Rhizobiaceae","Unclassified"
"ASV327","High temperature vs Control",0.315611865340199,2.01109540660432,5.44727587257859,0.374145411721242,0.999523885899101,"ALDEx2","Bacteroidota","Bacteroidia","Chitinophagales","Saprospiraceae","Lewinella"
"ASV299","High temperature vs Control",0.24988927539649,1.4563373815873,5.69832910015052,0.458704034800542,0.99954323824948,"ALDEx2","Bacteroidota","Bacteroidia","Flavobacteriales","Flavobacteriaceae","NS5 marine group"
"ASV1796","High temperature vs Control",-0.0937040402818948,-0.529136907368433,4.64432967539086,0.61923365207148,0.999553592578356,"ALDEx2","Bacteroidota","Rhodothermia","Balneolales","Balneolaceae","Balneola"
"ASV477","High temperature vs Control",-0.338084362896732,-2.22852568801984,6.17573325201589,0.255113124813147,0.999553592578356,"ALDEx2","Proteobacteria","Alphaproteobacteria","Rhodobacterales","Rhodobacteraceae","Unclassified"
"ASV550","High temperature vs Control",-0.185243476190456,-0.916019992819816,4.81394787066765,0.410259877113146,0.999621504487046,"ALDEx2","Proteobacteria","Gammaproteobacteria","Pseudomonadales","Halomonadaceae","Cobetia"
"ASV493","High temperature vs Control",-0.0402052213603003,-0.238874523666015,5.80625008853628,0.768803705683724,0.999695365568581,"ALDEx2","Bacteroidota","Bacteroidia","Flavobacteriales","Flavobacteriaceae","Polaribacter"
"ASV562","High temperature vs Control",-0.340584952175013,-2.13363035541572,5.80690322079271,0.250712667247616,0.999695365568581,"ALDEx2","Bacteroidota","Bacteroidia","Chitinophagales","Saprospiraceae","Unclassified"
"ASV294","High temperature vs Control",0.440443912842013,3.21238918844475,6.92280597322093,0.202218106294761,0.999813809012293,"ALDEx2","Proteobacteria","Alphaproteobacteria","Rhodobacterales","Rhodobacteraceae","Yoonia-Loktanella"
"ASV27","High temperature vs Control",0.42575989332865,2.63541513135281,6.86673814940319,0.055329405075298,0.999820921655982,"ALDEx2","Bacteroidota","Bacteroidia","Flavobacteriales","Crocinitomicaceae","Salinirepens"
"ASV275","High temperature vs Control",0.0794943240369742,0.440179781984987,5.48173974516096,0.593259927660615,0.999820921655982,"ALDEx2","Proteobacteria","Gammaproteobacteria","Enterobacterales","Alteromonadaceae","Paraglaciecola"
"ASV98","High temperature vs Control",0.369761458505525,1.61418056654235,6.87526496136568,0.0719518226725922,0.999820921655982,"ALDEx2","Proteobacteria","Alphaproteobacteria","Rhodobacterales","Rhodobacteraceae","Oceanibulbus"
"ASV48","High temperature vs Control",0.305442359754324,1.22227102369517,3.14266265275384,0.0208438379645859,0.999820921655982,"ALDEx2","Proteobacteria","Alphaproteobacteria","Rhodobacterales","Rhodobacteraceae","Oceanibulbus"
"ASV17","High temperature vs Control",0.671535042711283,1.25598560877273,1.77932645085816,0.0351974758891906,0.999820921655982,"ALDEx2","Proteobacteria","Alphaproteobacteria","Rhodobacterales","Rhodobacteraceae","Unclassified"
"ASV599","High temperature vs Control",0.035681002668692,0.177866908807413,5.96766094649875,0.711094277039305,0.999820921655982,"ALDEx2","Proteobacteria","Alphaproteobacteria","Rhizobiales","Hyphomicrobiaceae","Filomicrobium"
"ASV187","High temperature vs Control",0.43987691797922,3.00030147196261,6.13108481203575,0.211074259995829,0.999820921655982,"ALDEx2","Nitrospinota","Nitrospinia","Nitrospinales","Nitrospinaceae","LS-NOB"
"ASV686","High temperature vs Control",0.0597676880113552,0.404922104670814,5.45641850427979,0.627443802825155,0.999820921655982,"ALDEx2","Proteobacteria","Gammaproteobacteria","Pseudomonadales","Halieaceae","OM60(NOR5) clade"
"ASV725","High temperature vs Control",-0.216949574238756,-1.38303813922635,6.15675721110351,0.327943838818948,0.999870437096254,"ALDEx2","Proteobacteria","Alphaproteobacteria","Rhodobacterales","Rhodobacteraceae","Epibacterium"
"ASV954","High temperature vs Control",-0.157864882448976,-0.87784112011719,5.2131780869616,0.552848248298358,0.999884653390347,"ALDEx2","Proteobacteria","Gammaproteobacteria","Pseudomonadales","Porticoccaceae","SAR92 clade"
"ASV937","High temperature vs Control",-0.0898577546955989,-0.477778562174007,4.87399052593063,0.607315401196659,0.999884653390347,"ALDEx2","Proteobacteria","Alphaproteobacteria","Rhodobacterales","Rhodobacteraceae","Roseibacterium"
"ASV44","High temperature vs Control",0.562158917891837,4.89850695786153,7.5862180045203,0.0967335363579238,0.999925061343729,"ALDEx2","Proteobacteria","Alphaproteobacteria","Rhodobacterales","Rhodobacteraceae","Litoreibacter"
"ASV604","High temperature vs Control",0.248223921793515,1.40614619204204,5.16071191473737,0.45648472829001,0.999932173987418,"ALDEx2","Bacteroidota","Bacteroidia","Chitinophagales","Saprospiraceae","Unclassified"
"ASV121","High temperature vs Control",0.488642414810173,3.95139999780092,7.1301556135553,0.121653140948093,0.999991008738117,"ALDEx2","Proteobacteria","Alphaproteobacteria","Rhodobacterales","Rhodobacteraceae","Unclassified"
"ASV1821","High temperature vs Control",-0.0877656550597188,-0.46962768169673,4.72250818969479,0.712119641174488,0.999992887356311,"ALDEx2","Proteobacteria","Gammaproteobacteria","Arenicellales","Arenicellaceae","Arenicella"
"ASV586","High temperature vs Control",0.179193037519394,1.0234345546066,6.00944195483971,0.409460473179466,0.999992887356311,"ALDEx2","Proteobacteria","Gammaproteobacteria","Pseudomonadales","Halieaceae","Unclassified"
"ASV1746","High temperature vs Control",0.102251585552831,0.599953033580146,5.26367056563218,0.611536676330039,1,"ALDEx2","Proteobacteria","Alphaproteobacteria","Rhizobiales","Stappiaceae","Pseudovibrio"
"ASV924","High temperature vs Control",-0.165861518641053,-0.877596594071361,4.83815828067203,0.572110623159108,1,"ALDEx2","Proteobacteria","Gammaproteobacteria","Pseudomonadales","Moraxellaceae","Psychrobacter"
"ASV460","High temperature vs Control",-0.362109583967486,-2.41927796819972,6.23430226763565,0.199911678287462,1,"ALDEx2","Proteobacteria","Gammaproteobacteria","Pseudomonadales","Marinobacteraceae","Marinobacter"
"ASV261","High temperature vs Control",0.023742452076863,0.168787228964687,5.45496589331624,0.651998297784394,1,"ALDEx2","Proteobacteria","Gammaproteobacteria","Pseudomonadales","Alcanivoracaceae","Ketobacter"
"ASV100","High temperature vs Control",0.291849585047452,1.97997183451836,6.69302237453909,0.392076242231073,1,"ALDEx2","Proteobacteria","Gammaproteobacteria","Pseudomonadales","Alcanivoracaceae","Ketobacter"
"ASV53","High temperature vs Control",0.182404086156937,1.12283640852605,7.01481100364705,0.452810959119647,1,"ALDEx2","Proteobacteria","Gammaproteobacteria","Pseudomonadales","Alcanivoracaceae","Ketobacter"
"ASV106","High temperature vs Control",0.0757040655023894,0.492796794720054,5.29787082966692,0.608611000004247,1,"ALDEx2","Proteobacteria","Gammaproteobacteria","Pseudomonadales","Alcanivoracaceae","Ketobacter"
"ASV102","High temperature vs Control",-0.0586424937002503,-0.430115155002015,5.95167983761265,0.73993781485692,1,"ALDEx2","Proteobacteria","Gammaproteobacteria","Pseudomonadales","Alcanivoracaceae","Ketobacter"
"ASV207","High temperature vs Control",-0.030252302882044,-0.212508908863172,6.04498031572747,0.818567671766536,1,"ALDEx2","Proteobacteria","Gammaproteobacteria","Pseudomonadales","Alcanivoracaceae","Ketobacter"
"ASV83","High temperature vs Control",0.0813572061332717,0.500936935348171,6.34045952529593,0.704319918761166,1,"ALDEx2","Proteobacteria","Gammaproteobacteria","Pseudomonadales","Pseudohongiellaceae","Pseudohongiella"
"ASV203","High temperature vs Control",0.122697170095292,0.821822237125491,6.43022758331233,0.573584689450228,1,"ALDEx2","Proteobacteria","Gammaproteobacteria","Pseudomonadales","Pseudohongiellaceae","Pseudohongiella"
"ASV693","High temperature vs Control",-0.0468204584854029,-0.247789208446635,4.6959108553643,0.751712778117345,1,"ALDEx2","Proteobacteria","Gammaproteobacteria","Pseudomonadales","Pseudohongiellaceae","Pseudohongiella"
"ASV723","High temperature vs Control",0.0905954053072255,0.615355994961796,6.53052838506522,0.603761854712894,1,"ALDEx2","Proteobacteria","Gammaproteobacteria","Pseudomonadales","Oleiphilaceae","Oleiphilus"
"ASV362","High temperature vs Control",0.140222755022456,1.02241389653481,7.23176452215047,0.610410572519905,1,"ALDEx2","Proteobacteria","Gammaproteobacteria","Pseudomonadales","Oleiphilaceae","Oleiphilus"
"ASV1244","High temperature vs Control",-0.0693061283328613,-0.429504281634838,4.68926097225992,0.738625041694315,1,"ALDEx2","Proteobacteria","Gammaproteobacteria","Pseudomonadales","Litoricolaceae","Litoricola"
"ASV120","High temperature vs Control",-0.10649170409015,-0.738919371933797,6.53746444689207,0.630701454500874,1,"ALDEx2","Proteobacteria","Gammaproteobacteria","Pseudomonadales","Pseudomonadaceae","Pseudomonas"
"ASV1085","High temperature vs Control",0.202831677027031,1.34112348720369,5.8368325745193,0.510294817476958,1,"ALDEx2","Proteobacteria","Gammaproteobacteria","Pseudomonadales","Alcanivoracaceae1","Alcanivorax"
"ASV666","High temperature vs Control",-0.183135892470231,-1.16014490416649,6.02572313089889,0.48752598193605,1,"ALDEx2","Proteobacteria","Gammaproteobacteria","Pseudomonadales","Alcanivoracaceae1","Alcanivorax"
"ASV709","High temperature vs Control",0.0764708598122185,0.466066878168156,6.44794423174927,0.581254439217361,1,"ALDEx2","Proteobacteria","Gammaproteobacteria","Pseudomonadales","Alcanivoracaceae1","Alcanivorax"
"ASV977","High temperature vs Control",0.090705005737923,0.569398665073964,5.8302125841096,0.655818574884595,1,"ALDEx2","Proteobacteria","Gammaproteobacteria","Pseudomonadales","Marinobacteraceae","Marinobacter"
"ASV316","High temperature vs Control",-0.0174614392912488,-0.163174840183551,7.22750248749324,0.751975620862708,1,"ALDEx2","Proteobacteria","Gammaproteobacteria","Enterobacterales","Alteromonadaceae","Aliiglaciecola"
"ASV292","High temperature vs Control",-0.0312023337007887,-0.251850635608663,7.9238309447,0.828640740159521,1,"ALDEx2","Proteobacteria","Gammaproteobacteria","Enterobacterales","Alteromonadaceae","Unclassified"
"ASV543","High temperature vs Control",-0.0288727782810152,-0.178683485808989,6.29391733299783,0.703393106199266,1,"ALDEx2","Proteobacteria","Gammaproteobacteria","Enterobacterales","Alteromonadaceae","Aestuariibacter"
"ASV122","High temperature vs Control",0.00770560767511753,0.0510116929930104,7.47861031530651,0.822307014538467,1,"ALDEx2","Proteobacteria","Gammaproteobacteria","Enterobacterales","Alteromonadaceae","Salinimonas"
"ASV244","High temperature vs Control",0.0156092023488674,0.106689189641724,5.57167881398786,0.740399346544689,1,"ALDEx2","Proteobacteria","Gammaproteobacteria","Enterobacterales","Alteromonadaceae","Salinimonas"
"ASV561","High temperature vs Control",-0.0413283208144765,-0.188247544850658,4.76762119412071,0.722020567740538,1,"ALDEx2","Proteobacteria","Gammaproteobacteria","Enterobacterales","Psychromonadaceae","Psychromonas"
"ASV507","High temperature vs Control",0.0656194422939204,0.371085068709733,5.30962749182226,0.656403863008058,1,"ALDEx2","Proteobacteria","Gammaproteobacteria","Enterobacterales","Psychromonadaceae","Psychromonas"
"ASV1149","High temperature vs Control",-0.132320029297046,-0.731261188390528,4.87280244817855,0.598872904334306,1,"ALDEx2","Proteobacteria","Gammaproteobacteria","Enterobacterales","Shewanellaceae","Unclassified"
"ASV1477","High temperature vs Control",-0.244081115526502,-1.50187414645529,5.60306181556184,0.460829885311629,1,"ALDEx2","Proteobacteria","Gammaproteobacteria","Pseudomonadales","Spongiibacteraceae","Sinobacterium"
"ASV329","High temperature vs Control",-0.0820160030913252,-0.59073841924083,6.16041029027775,0.647512847567699,1,"ALDEx2","Proteobacteria","Gammaproteobacteria","Enterobacterales","Colwelliaceae","Colwellia"
"ASV1060","High temperature vs Control",-0.188673388095212,-1.07997876594805,5.29866107345501,0.511446364989587,1,"ALDEx2","Proteobacteria","Gammaproteobacteria","Enterobacterales","Psychromonadaceae","Psychromonas"
"ASV680","High temperature vs Control",0.0508819160615864,0.354476612461651,5.59194026569816,0.64404265496636,1,"ALDEx2","Proteobacteria","Gammaproteobacteria","Enterobacterales","Psychromonadaceae","Psychromonas"
"ASV259","High temperature vs Control",0.0785816150502786,0.517304861696625,6.49719568789437,0.64096011472361,1,"ALDEx2","Proteobacteria","Gammaproteobacteria","Pseudomonadales","Nitrincolaceae","Unclassified"
"ASV189","High temperature vs Control",-0.00599885266452741,-0.0456800902008077,7.05667640548442,0.800934617528777,1,"ALDEx2","Proteobacteria","Gammaproteobacteria","Pseudomonadales","Nitrincolaceae","Unclassified"
"ASV87","High temperature vs Control",0.0921614335328051,0.646751418158487,7.4023603487303,0.494163155204364,1,"ALDEx2","Proteobacteria","Gammaproteobacteria","Pseudomonadales","Nitrincolaceae","Unclassified"
"ASV260","High temperature vs Control",-0.0748923273702169,-0.502309215490129,5.60014892061636,0.756444042747216,1,"ALDEx2","Proteobacteria","Gammaproteobacteria","Pseudomonadales","Spongiibacteraceae","BD1-7 clade"
"ASV127","High temperature vs Control",-0.251777988274649,-1.6322843227395,6.23860885983185,0.440188838110531,1,"ALDEx2","Proteobacteria","Gammaproteobacteria","Pseudomonadales","Spongiibacteraceae","BD1-7 clade"
"ASV748","High temperature vs Control",0.0918783925758817,0.512129752422125,4.83588694082439,0.672840839570228,1,"ALDEx2","Proteobacteria","Gammaproteobacteria","Enterobacterales","Shewanellaceae","Psychrobium"
"ASV341","High temperature vs Control",-0.105599104281744,-0.720937813373866,6.12551145467868,0.687947878567472,1,"ALDEx2","Proteobacteria","Gammaproteobacteria","Enterobacterales","Shewanellaceae","Unclassified"
"ASV1004","High temperature vs Control",0.0540103662043526,0.301648130789846,5.18385474070029,0.634393862984721,1,"ALDEx2","Proteobacteria","Gammaproteobacteria","Enterobacterales","Shewanellaceae","Psychrobium"
"ASV243","High temperature vs Control",-0.285020393026417,-2.1646804598289,7.92135551769484,0.271766863420197,1,"ALDEx2","Proteobacteria","Gammaproteobacteria","Pseudomonadales","Saccharospirillaceae","Oleispira"
"ASV184","High temperature vs Control",-0.0899960330048209,-0.614643084234028,6.30707858577531,0.699186447616175,1,"ALDEx2","Proteobacteria","Gammaproteobacteria","Enterobacterales","Pseudoalteromonadaceae","Psychrosphaera"
"ASV323","High temperature vs Control",-0.19362797774435,-1.06298998699111,4.80166563519383,0.409784158512273,1,"ALDEx2","Proteobacteria","Alphaproteobacteria","Rhizobiales","Stappiaceae","Pannonibacter"
"ASV369","High temperature vs Control",-0.218102238009984,-1.41258148087446,5.49977484405003,0.47462256484906,1,"ALDEx2","Proteobacteria","Alphaproteobacteria","Rhizobiales","Stappiaceae","Labrenzia"
"ASV846","High temperature vs Control",-0.0450734661899826,-0.285026003671982,4.98123736036231,0.775273230170175,1,"ALDEx2","Bacteroidota","Bacteroidia","Chitinophagales","Saprospiraceae","Aureispira"
"ASV169","High temperature vs Control",0.0607108936795765,0.409292896175348,6.57370994217459,0.57320796003542,1,"ALDEx2","Bacteroidota","Bacteroidia","Chitinophagales","Saprospiraceae","Aureispira"
"ASV222","High temperature vs Control",-0.0603993901011292,-0.409806547187703,6.3360566929363,0.759453946162757,1,"ALDEx2","Bacteroidota","Bacteroidia","Chitinophagales","Saprospiraceae","Aureispira"
"ASV404","High temperature vs Control",0.0957653152409548,0.588270868537156,5.23685695746394,0.654824537564048,1,"ALDEx2","Bacteroidota","Rhodothermia","Balneolales","Balneolaceae","Unclassified"
"ASV524","High temperature vs Control",-0.0948944974110689,-0.648068090838378,6.03040224574179,0.659303398593728,1,"ALDEx2","Bacteroidota","Bacteroidia","Cytophagales","Cyclobacteriaceae","Unclassified"
"ASV919","High temperature vs Control",-0.0614788064813504,-0.30098396763566,4.49522904326075,0.713151464015095,1,"ALDEx2","Bacteroidota","Bacteroidia","Flavobacteriales","Flavobacteriaceae","Dokdonia"
"ASV667","High temperature vs Control",0.351004494373014,2.2215889114901,5.94699681672269,0.347199924467307,1,"ALDEx2","Bacteroidota","Bacteroidia","Flavobacteriales","Flavobacteriaceae","Maribacter"
"ASV1150","High temperature vs Control",-0.0651835531836251,-0.293196416910062,4.92597016098777,0.774927419215038,1,"ALDEx2","Bacteroidota","Bacteroidia","Flavobacteriales","Flavobacteriaceae","Eudoraea"
"ASV158","High temperature vs Control",0.244564775959363,1.39651412000839,5.64879347483562,0.276907961911731,1,"ALDEx2","Bacteroidota","Bacteroidia","Flavobacteriales","Flavobacteriaceae","NS3a marine group"
"ASV355","High temperature vs Control",0.215290913898071,1.40050306028177,5.71343330218912,0.450636112530997,1,"ALDEx2","Bacteroidota","Bacteroidia","Flavobacteriales","Flavobacteriaceae","NS3a marine group"
"ASV794","High temperature vs Control",0.0377678955128068,0.266522526667489,5.33196753652666,0.683161296504526,1,"ALDEx2","Bacteroidota","Bacteroidia","Bacteroidales","Prolixibacteraceae","Roseimarinus"
"ASV726","High temperature vs Control",0.304858531856444,1.67387225345544,5.17794669126998,0.353504002786805,1,"ALDEx2","Bacteroidota","Bacteroidia","Flavobacteriales","NS7 marine group","Unclassified"
"ASV1184","High temperature vs Control",-0.191905612094809,-1.06709585521872,4.98186369795336,0.516379099983883,1,"ALDEx2","Bacteroidota","Bacteroidia","Flavobacteriales","Flavobacteriaceae","Marixanthomonas"
"ASV588","High temperature vs Control",0.0795999168188857,0.456012942278692,5.88822299180865,0.655134790696577,1,"ALDEx2","Bacteroidota","Bacteroidia","Flavobacteriales","Flavobacteriaceae","Seonamhaeicola"
"ASV1486","High temperature vs Control",0.0391796673712129,0.239265933907546,5.6813236294965,0.684473364774418,1,"ALDEx2","Bacteroidota","Bacteroidia","Flavobacteriales","Flavobacteriaceae","Seonamhaeicola"
"ASV320","High temperature vs Control",0.12085280797968,0.897540227973604,6.0750487134108,0.582773375873167,1,"ALDEx2","Bacteroidota","Bacteroidia","Flavobacteriales","Flavobacteriaceae","Muricauda"
"ASV148","High temperature vs Control",0.332206750460272,1.46904514683039,5.62589596110198,0.129273817797618,1,"ALDEx2","Bacteroidota","Bacteroidia","Flavobacteriales","Flavobacteriaceae","Muricauda"
"ASV58","High temperature vs Control",0.0785288190298537,0.583867861154483,6.94607875369965,0.692707614159137,1,"ALDEx2","Bacteroidota","Bacteroidia","Flavobacteriales","Flavobacteriaceae","Croceibacter"
"ASV1353","High temperature vs Control",-0.179295659815228,-0.895641266084246,4.69160006944247,0.546118549146528,1,"ALDEx2","Bacteroidota","Bacteroidia","Flavobacteriales","Schleiferiaceae","Schleiferia"
"ASV39","High temperature vs Control",0.0960721255784688,0.819999452317889,7.63330246494859,0.701469079966742,1,"ALDEx2","Bacteroidota","Bacteroidia","Flavobacteriales","Cryomorphaceae","Owenweeksia"
"ASV1550","High temperature vs Control",0.0284429202361507,0.146508912376367,4.75349136851977,0.740631580564283,1,"ALDEx2","Bacteroidota","Bacteroidia","Flavobacteriales","Flavobacteriaceae","Unclassified"
"ASV1510","High temperature vs Control",0.0594222824774744,0.336957644853288,5.09303746350292,0.705067038493366,1,"ALDEx2","Bacteroidota","Bacteroidia","Flavobacteriales","NS9 marine group","Unclassified"
"ASV283","High temperature vs Control",-0.121500535716737,-0.82779661529443,6.37561954632462,0.640422839240726,1,"ALDEx2","Bacteroidota","Bacteroidia","Flavobacteriales","NS9 marine group","Unclassified"
"ASV629","High temperature vs Control",-0.0205396984452735,-0.106362704834416,5.46116594119792,0.753919492253592,1,"ALDEx2","Bacteroidota","Bacteroidia","Flavobacteriales","NS9 marine group","Unclassified"
"ASV161","High temperature vs Control",0.208897069346612,1.35875704316205,6.23662968686873,0.518911690890903,1,"ALDEx2","Bacteroidota","Bacteroidia","Flavobacteriales","NS9 marine group","Unclassified"
"ASV474","High temperature vs Control",0.1228428039368,0.694649581350599,5.29657959169152,0.660734827798861,1,"ALDEx2","Bacteroidota","Bacteroidia","Flavobacteriales","NS9 marine group","Unclassified"
"ASV138","High temperature vs Control",-0.0103159023107448,-0.0606164570231993,6.85617875797099,0.675977789423471,1,"ALDEx2","Bacteroidota","Bacteroidia","Flavobacteriales","Flavobacteriaceae","Unclassified"
"ASV2165","High temperature vs Control",-0.0780208986533309,-0.390329448602174,5.07714499735626,0.688054905909985,1,"ALDEx2","Bacteroidota","Bacteroidia","Flavobacteriales","Cryomorphaceae","Luteibaculum"
"ASV379","High temperature vs Control",-0.0757700731598537,-0.455806488164125,5.28545783829959,0.739799361785699,1,"ALDEx2","Bacteroidota","Bacteroidia","Flavobacteriales","Flavobacteriaceae","Unclassified"
"ASV1319","High temperature vs Control",-0.0940026816462643,-0.512057731618951,5.06842051736919,0.631203628564807,1,"ALDEx2","Bacteroidota","Bacteroidia","Flavobacteriales","Flavobacteriaceae","NS5 marine group"
"ASV462","High temperature vs Control",-0.141334016168603,-0.806353063842471,5.06460222362827,0.538515740441809,1,"ALDEx2","Bacteroidota","Bacteroidia","Flavobacteriales","Flavobacteriaceae","NS4 marine group"
"ASV139","High temperature vs Control",0.0445075903481628,0.260815532176685,5.84636287063582,0.62271870272079,1,"ALDEx2","Bacteroidota","Bacteroidia","Flavobacteriales","Flavobacteriaceae","NS4 marine group"
"ASV417","High temperature vs Control",-0.113728235374236,-0.756057615395278,6.15801430725365,0.604213542601314,1,"ALDEx2","Bacteroidota","Bacteroidia","Flavobacteriales","Flavobacteriaceae","NS4 marine group"
"ASV210","High temperature vs Control",-0.0177845342522515,-0.131461804234744,6.77306325903746,0.807220255697015,1,"ALDEx2","Bacteroidota","Bacteroidia","Flavobacteriales","Flavobacteriaceae","NS4 marine group"
"ASV306","High temperature vs Control",-0.228174812008363,-1.45480223537159,6.06789467444927,0.365451960683536,1,"ALDEx2","Bacteroidota","Bacteroidia","Flavobacteriales","Flavobacteriaceae","Ulvibacter"
"ASV929","High temperature vs Control",-0.0719853080506014,-0.402966088559993,4.81419808691967,0.641427875192414,1,"ALDEx2","Bacteroidota","Bacteroidia","Flavobacteriales","Flavobacteriaceae","Ulvibacter"
"ASV166","High temperature vs Control",-0.101243771691678,-0.761903564392049,7.35603147107172,0.682611552886502,1,"ALDEx2","Bacteroidota","Bacteroidia","Flavobacteriales","Flavobacteriaceae","Olleya"
"ASV47","High temperature vs Control",-0.221334459005212,-2.14170769701513,10.0961786447626,0.352434397613488,1,"ALDEx2","Bacteroidota","Bacteroidia","Flavobacteriales","Flavobacteriaceae","Unclassified"
"ASV89","High temperature vs Control",-0.00922857057019954,-0.0991561327044597,8.73667490781804,0.771836780066336,1,"ALDEx2","Bacteroidota","Bacteroidia","Flavobacteriales","Flavobacteriaceae","Unclassified"
"ASV617","High temperature vs Control",0.215301383170586,1.37503111760135,6.41595153652068,0.419635234510012,1,"ALDEx2","Bacteroidota","Bacteroidia","Flavobacteriales","Flavobacteriaceae","Algibacter"
"ASV218","High temperature vs Control",0.21705852505028,1.60496655980713,7.40397175078244,0.406472685441058,1,"ALDEx2","Bacteroidota","Bacteroidia","Flavobacteriales","Flavobacteriaceae","Algibacter"
"ASV889","High temperature vs Control",-0.0100464253574501,-0.0418441716830396,4.50958723950357,0.774767812412654,1,"ALDEx2","Bacteroidota","Bacteroidia","Flavobacteriales","Flavobacteriaceae","Siansivirga"
"ASV227","High temperature vs Control",0.176422056173685,1.31108073642108,6.05712441129741,0.516518221526299,1,"ALDEx2","Bacteroidota","Bacteroidia","Flavobacteriales","Flavobacteriaceae","Unclassified"
"ASV685","High temperature vs Control",-0.0408203624685603,-0.277758906339913,5.40726155346243,0.766953713094822,1,"ALDEx2","Bacteroidota","Bacteroidia","Flavobacteriales","Flavobacteriaceae","Unclassified"
"ASV41","High temperature vs Control",0.0757214899632787,0.32182128342459,2.37613245922027,0.420376241402179,1,"ALDEx2","Bacteroidota","Bacteroidia","Flavobacteriales","Flavobacteriaceae","NS5 marine group"
"ASV310","High temperature vs Control",-0.0318902786098297,-0.186025195019354,4.83491230053291,0.71415865924405,1,"ALDEx2","Bacteroidota","Bacteroidia","Flavobacteriales","Flavobacteriaceae","NS5 marine group"
"ASV393","High temperature vs Control",0.211192686074813,1.20154575412874,5.81340051620258,0.50247023663153,1,"ALDEx2","Bacteroidota","Bacteroidia","Flavobacteriales","Flavobacteriaceae","Lutimonas"
"ASV558","High temperature vs Control",0.149736044124143,1.04893983745603,6.49145388835778,0.544842346037644,1,"ALDEx2","Bacteroidota","Bacteroidia","Flavobacteriales","Flavobacteriaceae","Unclassified"
"ASV587","High temperature vs Control",0.0839872406053196,0.492793200321916,5.07132791314254,0.574849947614927,1,"ALDEx2","Bacteroidota","Bacteroidia","Flavobacteriales","Flavobacteriaceae","Aquibacter"
"ASV308","High temperature vs Control",-0.0744861927762112,-0.460846071416957,6.40655372003904,0.721872676669223,1,"ALDEx2","Bacteroidota","Bacteroidia","Flavobacteriales","Flavobacteriaceae","Polaribacter"
"ASV92","High temperature vs Control",-0.398856326093773,-2.29202039485074,7.54884696963445,0.071019225130408,1,"ALDEx2","Bacteroidota","Bacteroidia","Flavobacteriales","Flavobacteriaceae","Polaribacter"
"ASV1006","High temperature vs Control",-0.0741899844046068,-0.467437705572253,4.74099692173567,0.624779003602254,1,"ALDEx2","Bacteroidota","Bacteroidia","Flavobacteriales","Flavobacteriaceae","Aquimarina"
"ASV188","High temperature vs Control",0.0390602693951756,0.316275759557235,7.81136398889074,0.804756922671068,1,"ALDEx2","Bacteroidota","Bacteroidia","Flavobacteriales","Flavobacteriaceae","Unclassified"
"ASV432","High temperature vs Control",-0.029838230959175,-0.204392145024675,6.56715589815563,0.781135957558333,1,"ALDEx2","Bacteroidota","Bacteroidia","Flavobacteriales","Flavobacteriaceae","Unclassified"
"ASV209","High temperature vs Control",0.145076045027184,0.92994092985475,6.39871398899076,0.529128545945931,1,"ALDEx2","Bacteroidota","Bacteroidia","Flavobacteriales","Flavobacteriaceae","Psychroserpens"
"ASV631","High temperature vs Control",-0.117504388691352,-0.719345472501087,5.37727522150528,0.683545058979233,1,"ALDEx2","Bacteroidota","Bacteroidia","Flavobacteriales","Flavobacteriaceae","Psychroserpens"
"ASV605","High temperature vs Control",0.102229090747541,0.551876423535652,5.09000589849869,0.561508828270387,1,"ALDEx2","Bacteroidota","Bacteroidia","Flavobacteriales","Flavobacteriaceae","Formosa"
"ASV124","High temperature vs Control",-0.141707734446987,-1.00670583922843,7.23561038118295,0.614649703366176,1,"ALDEx2","Bacteroidota","Bacteroidia","Flavobacteriales","Flavobacteriaceae","Gramella"
"ASV295","High temperature vs Control",-0.0656126674837577,-0.360074151365772,6.1536831999888,0.707594567791394,1,"ALDEx2","Bacteroidota","Bacteroidia","Flavobacteriales","Flavobacteriaceae","Gramella"
"ASV85","High temperature vs Control",-0.0178506105004961,-0.0536756323933893,2.0935853928176,0.156041833987889,1,"ALDEx2","Bacteroidota","Bacteroidia","Flavobacteriales","Flavobacteriaceae","Unclassified"
"ASV1871","High temperature vs Control",0.0553389966258636,0.276253504775138,4.6021874438294,0.703115359611175,1,"ALDEx2","Bacteroidota","Bacteroidia","Flavobacteriales","Flavobacteriaceae","Unclassified"
"ASV1012","High temperature vs Control",-0.0644054485359927,-0.339506029438324,4.51793251659598,0.736522771396067,1,"ALDEx2","Bacteroidota","Bacteroidia","Flavobacteriales","Cryomorphaceae","Phaeocystidibacter"
"ASV52","High temperature vs Control",0.13399804630164,0.71446694885319,4.34880406662347,0.634740109274832,1,"ALDEx2","Bacteroidota","Bacteroidia","Flavobacteriales","Flavobacteriaceae","Aurantivirga"
"ASV197","High temperature vs Control",-0.0616873412826149,-0.440582765812591,6.53015455982768,0.763951109440218,1,"ALDEx2","Bacteroidota","Bacteroidia","Flavobacteriales","Flavobacteriaceae","Polaribacter"
"ASV311","High temperature vs Control",0.119110694872473,0.793656596350079,5.28394727719031,0.600437389206577,1,"ALDEx2","Bacteroidota","Bacteroidia","Flavobacteriales","Flavobacteriaceae","Polaribacter"
"ASV450","High temperature vs Control",0.393771484445415,2.4063705300412,5.5230490939093,0.285463281888905,1,"ALDEx2","Bacteroidota","Bacteroidia","Flavobacteriales","Flavobacteriaceae","NS5 marine group"
"ASV678","High temperature vs Control",-0.0844397445730886,-0.427146132646466,4.93349767489369,0.652468211897132,1,"ALDEx2","Bacteroidota","Bacteroidia","Flavobacteriales","Flavobacteriaceae","Formosa"
"ASV205","High temperature vs Control",-0.0239040541494484,-0.194116296693658,6.4231816063172,0.814455434308128,1,"ALDEx2","Bacteroidota","Bacteroidia","Flavobacteriales","Flavobacteriaceae","NS5 marine group"
"ASV196","High temperature vs Control",0.301388541962382,2.05908638416328,6.46074041672096,0.386741070889637,1,"ALDEx2","Bacteroidota","Bacteroidia","Flavobacteriales","Flavobacteriaceae","Polaribacter"
"ASV438","High temperature vs Control",-0.0797435537124791,-0.547143421133862,6.705234334723,0.734059660256647,1,"ALDEx2","Bacteroidota","Bacteroidia","Flavobacteriales","Flavobacteriaceae","Pseudofulvibacter"
"ASV857","High temperature vs Control",-0.0864132453691787,-0.455568279339666,4.93391729600164,0.641018739724565,1,"ALDEx2","Bacteroidota","Bacteroidia","Flavobacteriales","Flavobacteriaceae","Pseudofulvibacter"
"ASV94","High temperature vs Control",-0.0922819293035811,-0.188368610166051,1.54098979205128,0.299649261773242,1,"ALDEx2","Bacteroidota","Bacteroidia","Flavobacteriales","Cryomorphaceae","Unclassified"
"ASV911","High temperature vs Control",0.159518536084676,0.891616735584204,5.5648182031907,0.519169718687655,1,"ALDEx2","Bacteroidota","Bacteroidia","Flavobacteriales","Crocinitomicaceae","Crocinitomix"
"ASV2310","High temperature vs Control",-0.101698236804821,-0.526494889721369,4.58757099137537,0.585312584433426,1,"ALDEx2","Bacteroidota","Bacteroidia","Flavobacteriales","Cryomorphaceae","Unclassified"
"ASV549","High temperature vs Control",-0.122724018021736,-0.699772315535541,4.70216883310608,0.587315563206357,1,"ALDEx2","Bacteroidota","Bacteroidia","Flavobacteriales","Cryomorphaceae","Unclassified"
"ASV77","High temperature vs Control",-0.0649295972822784,-0.405612208185128,6.80916532248644,0.789877911332089,1,"ALDEx2","Bacteroidota","Bacteroidia","Flavobacteriales","Flavobacteriaceae","Kordia"
"ASV763","High temperature vs Control",-0.0353557429530602,-0.185399187295149,4.81584511028205,0.7580456102585,1,"ALDEx2","Bacteroidota","Bacteroidia","Flavobacteriales","Crocinitomicaceae","Crocinitomix"
"ASV1122","High temperature vs Control",0.15198691214862,0.8392858865787,5.13921311547219,0.64438344458291,1,"ALDEx2","Bacteroidota","Bacteroidia","Flavobacteriales","Crocinitomicaceae","Salinirepens"
"ASV426","High temperature vs Control",-0.101196594622354,-0.558684610069978,5.13277833117969,0.63133186872229,1,"ALDEx2","Bacteroidota","Bacteroidia","Flavobacteriales","Crocinitomicaceae","Salinirepens"
"ASV343","High temperature vs Control",-0.111856250367268,-0.711187192426863,5.81209644827467,0.664551441015915,1,"ALDEx2","Bacteroidota","Bacteroidia","Flavobacteriales","Crocinitomicaceae","Fluviicola"
"ASV1109","High temperature vs Control",-0.103114744988236,-0.540875716274037,4.63732231575323,0.65326920659431,1,"ALDEx2","Bacteroidota","Bacteroidia","Flavobacteriales","Crocinitomicaceae","Crocinitomix"
"ASV1177","High temperature vs Control",0.0284613442981469,0.112722744044735,4.76612287546968,0.732689375587012,1,"ALDEx2","Bacteroidota","Bacteroidia","Flavobacteriales","Crocinitomicaceae","Unclassified"
"ASV608","High temperature vs Control",0.0394290344211156,0.22949029750387,5.60144426271164,0.802210868158466,1,"ALDEx2","Bacteroidota","Bacteroidia","Flavobacteriales","Cryomorphaceae","Unclassified"
"ASV743","High temperature vs Control",0.0116442444175176,0.0750475760980729,5.43099994747262,0.754815232133458,1,"ALDEx2","Bacteroidota","Bacteroidia","Flavobacteriales","Flavobacteriaceae","Actibacter"
"ASV688","High temperature vs Control",0.27111695445776,1.5235488765714,4.91144240322203,0.409807617604295,1,"ALDEx2","Bacteroidota","Bacteroidia","Flavobacteriales","Cryomorphaceae","Unclassified"
"ASV707","High temperature vs Control",0.0125434453259129,0.0881805240449598,6.05532738437861,0.778864606716479,1,"ALDEx2","Bacteroidota","Bacteroidia","Flavobacteriales","Cryomorphaceae","Vicingus"
"ASV253","High temperature vs Control",0.143141164946456,0.913717757569246,6.35050909402276,0.523930888289958,1,"ALDEx2","Bacteroidota","Bacteroidia","Flavobacteriales","NS7 marine group","Unclassified"
"ASV591","High temperature vs Control",-0.0105737511594761,-0.0882449263920568,5.39136716686716,0.779325709235258,1,"ALDEx2","Bacteroidota","Bacteroidia","Flavobacteriales","NS7 marine group","Unclassified"
"ASV1410","High temperature vs Control",0.00605130994503476,0.0357857744161034,5.15418651531219,0.748677894209576,1,"ALDEx2","Bacteroidota","Bacteroidia","Flavobacteriales","Cryomorphaceae","Vicingus"
"ASV1999","High temperature vs Control",0.012564558642155,0.059158784604942,4.65180369305204,0.770179514548157,1,"ALDEx2","Bacteroidota","Bacteroidia","Flavobacteriales","Cryomorphaceae","Cryomorpha"
"ASV1612","High temperature vs Control",-0.0358483919178036,-0.202351856861915,4.52402125351252,0.771510267555587,1,"ALDEx2","Bacteroidota","Bacteroidia","Sphingobacteriales","NS11-12 marine group","Unclassified"
"ASV938","High temperature vs Control",-0.114876402188979,-0.603742021379006,5.0035449352065,0.653534593465686,1,"ALDEx2","Bacteroidota","Bacteroidia","Flavobacteriales","NS9 marine group","Unclassified"
"ASV1194","High temperature vs Control",-0.143572207840523,-0.792792421486939,4.74708030139363,0.572047630923347,1,"ALDEx2","Bacteroidota","Bacteroidia","Flavobacteriales","NS9 marine group","Unclassified"
"ASV502","High temperature vs Control",-0.00594976157105774,-0.0465808748974927,5.46762092658457,0.795597431973353,1,"ALDEx2","Bacteroidota","Bacteroidia","Flavobacteriales","NS9 marine group","Unclassified"
"ASV447","High temperature vs Control",0.0882429985880872,0.577209024789441,5.31261016286761,0.656792802018886,1,"ALDEx2","Bacteroidota","Bacteroidia","Sphingobacteriales","NS11-12 marine group","Unclassified"
"ASV987","High temperature vs Control",0.0338387934803411,0.233218993373307,5.50551846195472,0.71790575765875,1,"ALDEx2","Bacteroidota","Bacteroidia","Flavobacteriales","Cryomorphaceae","Unclassified"
"ASV774","High temperature vs Control",-0.0355031877220719,-0.201282947753398,4.7275754420309,0.762485663914912,1,"ALDEx2","Bacteroidota","Bacteroidia","Flavobacteriales","Flavobacteriaceae","Bizionia"
"ASV1303","High temperature vs Control",-0.0680146747801779,-0.433142312893273,4.92179313701732,0.712537890773067,1,"ALDEx2","Bacteroidota","Bacteroidia","Flavobacteriales","Flavobacteriaceae","Bizionia"
"ASV991","High temperature vs Control",0.128399250470513,0.743495905708568,5.22125760079037,0.591502663699697,1,"ALDEx2","Bacteroidota","Bacteroidia","Flavobacteriales","Flavobacteriaceae","NS2b marine group"
"ASV57","High temperature vs Control",-0.247616545409196,-2.19137550472022,9.05078424573264,0.474121155033621,1,"ALDEx2","Bacteroidota","Bacteroidia","Flavobacteriales","Flavobacteriaceae","Unclassified"
"ASV32","High temperature vs Control",-0.237029199919571,-2.08240689811221,9.25348857329425,0.393255187070331,1,"ALDEx2","Bacteroidota","Bacteroidia","Flavobacteriales","Flavobacteriaceae","Flavobacterium"
"ASV1853","High temperature vs Control",-0.122248896868384,-0.618635022846894,5.11509278306582,0.65994268021232,1,"ALDEx2","Bacteroidota","Bacteroidia","Flavobacteriales","Flavobacteriaceae","Unclassified"
"ASV1026","High temperature vs Control",-0.00685309478673526,-0.0511849993115288,5.83439647930022,0.791531245478432,1,"ALDEx2","Bacteroidota","Bacteroidia","Flavobacteriales","Flavobacteriaceae","Unclassified"
"ASV504","High temperature vs Control",-0.0904683839862036,-0.56190240118861,5.84557567305875,0.657559490515785,1,"ALDEx2","Bacteroidota","Bacteroidia","Flavobacteriales","Flavobacteriaceae","Unclassified"
"ASV607","High temperature vs Control",-0.157081505216705,-0.976833504237677,5.66966694456037,0.578446842900729,1,"ALDEx2","Bacteroidota","Bacteroidia","Flavobacteriales","Flavobacteriaceae","Flavobacterium"
"ASV544","High temperature vs Control",-0.0727096759217814,-0.469063080077238,5.70526047484244,0.690723441561336,1,"ALDEx2","Bacteroidota","Bacteroidia","Flavobacteriales","Flavobacteriaceae","Unclassified"
"ASV291","High temperature vs Control",-0.231188090885087,-1.36984736657544,6.14128771128816,0.371346923255783,1,"ALDEx2","Bacteroidota","Bacteroidia","Flavobacteriales","Flavobacteriaceae","Unclassified"
"ASV674","High temperature vs Control",0.0939896684870863,0.637115460969109,5.50627834673962,0.654384285379882,1,"ALDEx2","Bacteroidota","Bacteroidia","Flavobacteriales","Flavobacteriaceae","Unclassified"
"ASV923","High temperature vs Control",0.0472855869847693,0.324333577911404,5.65629532823971,0.685661791682337,1,"ALDEx2","Bacteroidota","Bacteroidia","Flavobacteriales","Flavobacteriaceae","Unclassified"
"ASV242","High temperature vs Control",0.0271988237916513,0.196977441941832,6.85026647705059,0.61477927395825,1,"ALDEx2","Bacteroidota","Bacteroidia","Flavobacteriales","Flavobacteriaceae","Confluentibacter"
"ASV833","High temperature vs Control",-0.0250120357469576,-0.142523470823075,4.68500804538675,0.750258367225979,1,"ALDEx2","Bacteroidota","Bacteroidia","Flavobacteriales","Flavobacteriaceae","Confluentibacter"
"ASV1115","High temperature vs Control",-0.0653354964988531,-0.322770203835295,4.73819875231564,0.709162128998624,1,"ALDEx2","Bacteroidota","Bacteroidia","Chitinophagales","Saprospiraceae","Unclassified"
"ASV1812","High temperature vs Control",-0.0192646074279389,-0.0847603371107963,5.274559313628,0.770904675738295,1,"ALDEx2","Bacteroidota","Bacteroidia","Chitinophagales","Saprospiraceae","Portibacter"
"ASV1003","High temperature vs Control",-0.13030461082157,-0.781307881753466,5.11724044559165,0.712262254803646,1,"ALDEx2","Bacteroidota","Bacteroidia","Chitinophagales","Saprospiraceae","Unclassified"
"ASV1110","High temperature vs Control",-0.0898175532774132,-0.509728602980211,5.08889597195842,0.63150924369178,1,"ALDEx2","Bacteroidota","Bacteroidia","Chitinophagales","Saprospiraceae","Portibacter"
"ASV747","High temperature vs Control",-0.19754295430617,-1.21667288815815,5.52298758924427,0.495057672701427,1,"ALDEx2","Bacteroidota","Bacteroidia","Chitinophagales","Saprospiraceae","Lewinella"
"ASV834","High temperature vs Control",0.0123628773981157,0.0958847783292782,6.00406706309528,0.807596521577882,1,"ALDEx2","Bacteroidota","Bacteroidia","Chitinophagales","Saprospiraceae","Lewinella"
"ASV1409","High temperature vs Control",-0.0704574701627253,-0.384150707972059,4.45558094638879,0.691401938480275,1,"ALDEx2","Bacteroidota","Bacteroidia","Chitinophagales","Saprospiraceae","Lewinella"
"ASV523","High temperature vs Control",-0.321970656307987,-1.75155558946873,5.66761994377343,0.32906055143832,1,"ALDEx2","Bacteroidota","Bacteroidia","Chitinophagales","Saprospiraceae","Unclassified"
"ASV1554","High temperature vs Control",-0.148817084102933,-0.776022848070892,4.85907057146161,0.567896218897112,1,"ALDEx2","Bacteroidota","Bacteroidia","Chitinophagales","Saprospiraceae","Unclassified"
"ASV1279","High temperature vs Control",-0.0308353625439485,-0.232745152830719,5.44815553873522,0.81398651328883,1,"ALDEx2","Bacteroidota","Bacteroidia","Chitinophagales","Saprospiraceae","Rubidimonas"
"ASV1383","High temperature vs Control",-0.0334860588303356,-0.173818908691667,4.50945177329921,0.73388836820756,1,"ALDEx2","Bacteroidota","Bacteroidia","Chitinophagales","Saprospiraceae","Unclassified"
"ASV465","High temperature vs Control",-0.0777426762776222,-0.508941206977052,6.18492435981962,0.752794144075642,1,"ALDEx2","Bacteroidota","Bacteroidia","Chitinophagales","Saprospiraceae","Unclassified"
"ASV505","High temperature vs Control",0.0398630035092386,0.213341006082398,5.69928969362893,0.714699948116444,1,"ALDEx2","Bacteroidota","Bacteroidia","Chitinophagales","37-13","Unclassified"
"ASV760","High temperature vs Control",0.0300754990828256,0.150425922261852,5.69587439460255,0.675211772660742,1,"ALDEx2","Bacteroidota","Bacteroidia","Chitinophagales","Saprospiraceae","Unclassified"
"ASV1607","High temperature vs Control",-0.130676252351732,-0.721177204601964,5.11360961659763,0.630168322228287,1,"ALDEx2","Bacteroidota","Bacteroidia","Chitinophagales","Saprospiraceae","Unclassified"
"ASV583","High temperature vs Control",0.199495843544953,1.23248043488135,5.672515419835,0.478720110762706,1,"ALDEx2","Bacteroidota","Bacteroidia","Chitinophagales","Saprospiraceae","Unclassified"
"ASV713","High temperature vs Control",-0.102583270398377,-0.648185030617378,5.41458629700262,0.64210057095295,1,"ALDEx2","Bacteroidota","Bacteroidia","Chitinophagales","Saprospiraceae","Unclassified"
"ASV822","High temperature vs Control",-0.125524475820848,-0.62465179580817,4.75788557077364,0.578042467838791,1,"ALDEx2","Bacteroidota","Bacteroidia","Chitinophagales","Saprospiraceae","Unclassified"
"ASV560","High temperature vs Control",-0.0286503271721484,-0.194551150850717,5.37579421315867,0.731571391542282,1,"ALDEx2","Bacteroidota","Bacteroidia","Chitinophagales","Saprospiraceae","Portibacter"
"ASV1057","High temperature vs Control",-0.0016872323044317,-0.010525415032002,5.57883102847025,0.749986607232914,1,"ALDEx2","Bacteroidota","Bacteroidia","Chitinophagales","Saprospiraceae","Lewinella"
"ASV478","High temperature vs Control",-0.170969270737429,-1.02519969380753,5.63542846122764,0.592429526976503,1,"ALDEx2","Bacteroidota","Bacteroidia","Chitinophagales","Saprospiraceae","Unclassified"
"ASV336","High temperature vs Control",0.255364792276966,1.68110395253893,5.52734839715412,0.443943787737794,1,"ALDEx2","Bacteroidota","Bacteroidia","Chitinophagales","Saprospiraceae","Unclassified"
"ASV875","High temperature vs Control",0.0156612527197205,0.0924174884800575,5.23793675711007,0.679812558041565,1,"ALDEx2","Bacteroidota","Bacteroidia","Chitinophagales","Saprospiraceae","Unclassified"
"ASV594","High temperature vs Control",-0.0962157025813484,-0.621861792554499,5.666992792965,0.655503925073426,1,"ALDEx2","Bacteroidota","Bacteroidia","Chitinophagales","Saprospiraceae","Unclassified"
"ASV1051","High temperature vs Control",-0.20132039699248,-1.27229759910923,5.62795444165317,0.497120298076383,1,"ALDEx2","Bacteroidota","Bacteroidia","Chitinophagales","Saprospiraceae","Unclassified"
"ASV526","High temperature vs Control",0.179125566202472,1.00827057144869,5.37575264572232,0.567302712799705,1,"ALDEx2","Bacteroidota","Bacteroidia","Chitinophagales","Saprospiraceae","Unclassified"
"ASV455","High temperature vs Control",-0.150602482155715,-0.942640404203985,5.08839529581782,0.538603427401654,1,"ALDEx2","Bacteroidota","Bacteroidia","Chitinophagales","Saprospiraceae","Unclassified"
"ASV634","High temperature vs Control",-0.051335014951872,-0.298898004768642,5.35018163350462,0.759748617375231,1,"ALDEx2","Bacteroidota","Bacteroidia","Chitinophagales","Saprospiraceae","Lewinella"
"ASV916","High temperature vs Control",-0.02282422636825,-0.124649448766265,5.1052425219232,0.763807880264154,1,"ALDEx2","Bacteroidota","Bacteroidia","Chitinophagales","Saprospiraceae","Lewinella"
"ASV456","High temperature vs Control",-0.0343645134976369,-0.202401695830305,5.73759526498976,0.756967408670499,1,"ALDEx2","Bacteroidota","Bacteroidia","Chitinophagales","Saprospiraceae","Lewinella"
"ASV668","High temperature vs Control",-0.106666924473653,-0.593419148972227,4.95130639361607,0.664346982789794,1,"ALDEx2","Bacteroidota","Bacteroidia","Chitinophagales","Saprospiraceae","Lewinella"
"ASV312","High temperature vs Control",0.0203141404659107,0.130320006481345,5.63327270838586,0.74106693262453,1,"ALDEx2","Bacteroidota","Bacteroidia","Chitinophagales","Saprospiraceae","Lewinella"
"ASV193","High temperature vs Control",0.0152489684505536,0.137266428895033,6.29389812139544,0.846606726404619,1,"ALDEx2","Bacteroidota","Bacteroidia","Chitinophagales","Saprospiraceae","Lewinella"
"ASV347","High temperature vs Control",0.0802594634384223,0.569921541043584,6.8621027918535,0.572901313323575,1,"ALDEx2","Bacteroidota","Bacteroidia","Chitinophagales","Saprospiraceae","Lewinella"
"ASV915","High temperature vs Control",-0.0138683244177988,-0.0882810480073015,5.32732390753025,0.71940907820367,1,"ALDEx2","Bacteroidota","Bacteroidia","Chitinophagales","Saprospiraceae","Lewinella"
"ASV1027","High temperature vs Control",0.139863454341185,0.88391642647805,5.0482548237329,0.555416016623249,1,"ALDEx2","Bacteroidota","Bacteroidia","Chitinophagales","Saprospiraceae","Unclassified"
"ASV1229","High temperature vs Control",0.136292969864116,0.710836242309266,4.649614884243,0.562352854117589,1,"ALDEx2","Bacteroidota","Bacteroidia","Chitinophagales","Saprospiraceae","Unclassified"
"ASV847","High temperature vs Control",-0.165476126231073,-1.00617846560218,5.02630251089045,0.452809671756723,1,"ALDEx2","Bacteroidota","Bacteroidia","Chitinophagales","Saprospiraceae","Unclassified"
"ASV387","High temperature vs Control",0.141016765622417,0.912586822626563,6.13229978521979,0.560718537468981,1,"ALDEx2","Bacteroidota","Bacteroidia","Chitinophagales","Saprospiraceae","Rubidimonas"
"ASV264","High temperature vs Control",-0.0776605652910142,-0.572907322521869,7.21592810297569,0.78572496170818,1,"ALDEx2","Bacteroidota","Bacteroidia","Chitinophagales","Saprospiraceae","Unclassified"
"ASV781","High temperature vs Control",0.00287351683225939,0.0267563412449752,5.40618203164301,0.733605173115196,1,"ALDEx2","Bacteroidota","Bacteroidia","Chitinophagales","Saprospiraceae","Unclassified"
"ASV487","High temperature vs Control",-0.0107276182587876,-0.064305012752202,5.87762879556095,0.782511809197702,1,"ALDEx2","Bacteroidota","Bacteroidia","Chitinophagales","Saprospiraceae","Unclassified"
"ASV114","High temperature vs Control",0.0245253164987858,0.151072553399408,5.57954797185518,0.743386257935066,1,"ALDEx2","Bacteroidota","Bacteroidia","Chitinophagales","Saprospiraceae","Unclassified"
"ASV1123","High temperature vs Control",0.266327001623948,1.50953994414665,5.36209586881632,0.375841835781471,1,"ALDEx2","Bacteroidota","Bacteroidia","Chitinophagales","Saprospiraceae","Unclassified"
"ASV1441","High temperature vs Control",-0.0424879023596762,-0.177319778231467,4.48603199944542,0.722958866384509,1,"ALDEx2","Bacteroidota","Bacteroidia","Cytophagales","Spirosomaceae","Taeseokella"
"ASV406","High temperature vs Control",0.303915468306148,1.85635090480975,5.55730232376724,0.413481265231101,1,"ALDEx2","Bacteroidota","Bacteroidia","Cytophagales","Cyclobacteriaceae","Fabibacter"
"ASV1421","High temperature vs Control",0.0131627466391889,0.073996580082972,5.07804287321827,0.716079044340344,1,"ALDEx2","Bacteroidota","Bacteroidia","Cytophagales","Cyclobacteriaceae","Unclassified"
"ASV2200","High temperature vs Control",-0.0572667915589771,-0.347592282278849,4.58094144103068,0.70916894764643,1,"ALDEx2","Bacteroidota","Bacteroidia","Cytophagales","Cyclobacteriaceae","Unclassified"
"ASV466","High temperature vs Control",-0.0448170070013091,-0.289307739605195,5.41740194199463,0.78420626108161,1,"ALDEx2","Bacteroidota","Bacteroidia","Cytophagales","Cyclobacteriaceae","Unclassified"
"ASV149","High temperature vs Control",-0.122852491758764,-0.857044930837778,7.20600718731314,0.509444522577751,1,"ALDEx2","Bacteroidota","Bacteroidia","Cytophagales","Cyclobacteriaceae","Marinoscillum"
"ASV251","High temperature vs Control",0.0479527255863764,0.399150533185685,5.96422768011675,0.748139806580771,1,"ALDEx2","Bacteroidota","Bacteroidia","Cytophagales","Cyclobacteriaceae","Unclassified"
"ASV1400","High temperature vs Control",-0.034717809354348,-0.217884381229466,5.099009313535,0.730430636387948,1,"ALDEx2","Bacteroidota","Bacteroidia","Cytophagales","Cyclobacteriaceae","Unclassified"
"ASV592","High temperature vs Control",-0.0585056990318962,-0.352682497885602,4.79097628764393,0.678313706130953,1,"ALDEx2","Bacteroidota","Bacteroidia","Cytophagales","Cyclobacteriaceae","Fulvivirga"
"ASV1170","High temperature vs Control",-0.15566331447449,-0.937640089144621,5.19992488629354,0.532178759127402,1,"ALDEx2","Bacteroidota","Bacteroidia","Cytophagales","Microscillaceae","Unclassified"
"ASV436","High temperature vs Control",-0.120224700515192,-0.777397209263786,5.3349229802359,0.564401795055593,1,"ALDEx2","Proteobacteria","Gammaproteobacteria","Burkholderiales","Comamonadaceae","Unclassified"
"ASV448","High temperature vs Control",0.139058852269062,0.889472966466618,5.56121857368816,0.617852693251704,1,"ALDEx2","Proteobacteria","Gammaproteobacteria","Burkholderiales","Comamonadaceae","RS62 marine group"
"ASV467","High temperature vs Control",0.172244189860124,0.987675066523487,5.19803834959316,0.559286875576921,1,"ALDEx2","Proteobacteria","Gammaproteobacteria","Burkholderiales","Nitrosomonadaceae","IS-44"
"ASV476","High temperature vs Control",0.00268387122424435,0.022053977917353,5.42133725162114,0.799570095610272,1,"ALDEx2","Fusobacteriota","Fusobacteriia","Fusobacteriales","Fusobacteriaceae","Psychrilyobacter"
"ASV418","High temperature vs Control",0.148975433005308,0.99524653961378,5.97671695747825,0.553422920959624,1,"ALDEx2","Fibrobacterota","Fibrobacteria","Fibrobacterales","Fibrobacteraceae","Unclassified"
"ASV681","High temperature vs Control",0.121450764966718,0.681129157584214,4.93018177762278,0.628303930382646,1,"ALDEx2","Fibrobacterota","Fibrobacteria","Fibrobacterales","Fibrobacteraceae","Unclassified"
"ASV1440","High temperature vs Control",-0.00786901351131287,-0.0772048807674333,5.49737404625666,0.765794700388447,1,"ALDEx2","Calditrichota","Calditrichia","Calditrichales","Calditrichaceae","Calorithrix"
"ASV530","High temperature vs Control",-0.141731179537198,-0.81706774964044,5.40677046634812,0.592624551637331,1,"ALDEx2","Actinobacteriota","Acidimicrobiia","Microtrichales","Ilumatobacteraceae","Ilumatobacter"
"ASV908","High temperature vs Control",-0.0848321059455272,-0.610805180509877,5.8976178408852,0.673137506477628,1,"ALDEx2","Actinobacteriota","Acidimicrobiia","Microtrichales","Ilumatobacteraceae","Ilumatobacter"
"ASV365","High temperature vs Control",0.108715738049461,0.666973053758965,5.92444819782038,0.612377290936648,1,"ALDEx2","Actinobacteriota","Acidimicrobiia","Microtrichales","Ilumatobacteraceae","Ilumatobacter"
"ASV152","High temperature vs Control",-0.00747312541940271,-0.0472201297095385,6.55973565081245,0.643609240251233,1,"ALDEx2","Actinobacteriota","Acidimicrobiia","Microtrichales","Ilumatobacteraceae","Ilumatobacter"
"ASV865","High temperature vs Control",-0.189586574060999,-1.14709003857009,5.55909048566298,0.502473754567356,1,"ALDEx2","Actinobacteriota","Acidimicrobiia","Microtrichales","Ilumatobacteraceae","Ilumatobacter"
"ASV807","High temperature vs Control",-0.140166724802175,-0.732053035470202,5.13261506656574,0.64852895934044,1,"ALDEx2","Actinobacteriota","Acidimicrobiia","Microtrichales","Microtrichaceae","Unclassified"
"ASV1171","High temperature vs Control",0.0391536642531707,0.235571301891025,5.18299697255036,0.647386661446497,1,"ALDEx2","Acidobacteriota","Thermoanaerobaculia","Thermoanaerobaculales","Thermoanaerobaculaceae","Subgroup 10"
"ASV394","High temperature vs Control",-0.0822744871499857,-0.467000402170219,4.89538451063374,0.707457553373942,1,"ALDEx2","Actinobacteriota","Acidimicrobiia","Microtrichales","Microtrichaceae","Unclassified"
"ASV171","High temperature vs Control",-0.0220104453136172,-0.113494083166258,6.59154782514307,0.760349632404071,1,"ALDEx2","Actinobacteriota","Acidimicrobiia","Microtrichales","Microtrichaceae","Unclassified"
"ASV157","High temperature vs Control",-0.0515476189359314,-0.348608337489168,6.72609764193275,0.841594538575174,1,"ALDEx2","Actinobacteriota","Actinobacteria","Micrococcales","Microbacteriaceae","ML602J-51"
"ASV421","High temperature vs Control",-0.121767651512428,-0.554731033670933,4.79885273660244,0.649661778353425,1,"ALDEx2","Actinobacteriota","Actinobacteria","Micrococcales","Microbacteriaceae","Unclassified"
"ASV1299","High temperature vs Control",-0.10953262763855,-0.74527459512993,5.70254271032148,0.62652673673061,1,"ALDEx2","Actinobacteriota","Actinobacteria","Corynebacteriales","Corynebacteriaceae","Corynebacterium"
"ASV1255","High temperature vs Control",-0.161628502045774,-0.888393030349494,4.81215475538155,0.503575024447397,1,"ALDEx2","Actinobacteriota","Actinobacteria","Micrococcales","Dermacoccaceae","Dermacoccus"
"ASV623","High temperature vs Control",0.0494779598542611,0.354068021645614,5.59936730668068,0.788245098397081,1,"ALDEx2","Bdellovibrionota","Oligoflexia","Oligoflexales","Oligoflexaceae","Unclassified"
"ASV1804","High temperature vs Control",-0.0134843419862824,-0.0574542278153762,4.95995910890926,0.715675851613838,1,"ALDEx2","Bdellovibrionota","Oligoflexia","Oligoflexales","Oligoflexaceae","Unclassified"
"ASV288","High temperature vs Control",-0.12448014924227,-0.792442431588004,5.83388372599284,0.688468229156455,1,"ALDEx2","Proteobacteria","Alphaproteobacteria","SAR11 clade","Clade II","Unclassified"
"ASV101","High temperature vs Control",-0.0037912905798806,-0.045036848092463,8.28549551141284,0.804592236251784,1,"ALDEx2","Proteobacteria","Alphaproteobacteria","SAR11 clade","Clade I","Clade Ia"
"ASV38","High temperature vs Control",-0.34290602655188,-1.05420354079019,2.35472007905922,0.0677520028666844,1,"ALDEx2","Proteobacteria","Alphaproteobacteria","SAR11 clade","Clade I","Clade Ia"
"ASV109","High temperature vs Control",-0.172785573300054,-1.21475025077976,6.72603008119298,0.462420422003172,1,"ALDEx2","Proteobacteria","Alphaproteobacteria","SAR11 clade","Clade II","Unclassified"
"ASV620","High temperature vs Control",-0.263929888194307,-1.65620819195285,5.93725674160471,0.328160104613907,1,"ALDEx2","Proteobacteria","Alphaproteobacteria","SAR11 clade","Clade III","Unclassified"
"ASV1858","High temperature vs Control",-0.0720504030828518,-0.366170991977228,4.83452764563956,0.709427917928402,1,"ALDEx2","Bacteroidota","Rhodothermia","Rhodothermales","Rhodothermaceae","Unclassified"
"ASV296","High temperature vs Control",-0.0537996684825692,-0.347852567361538,5.2795605901072,0.67956758926013,1,"ALDEx2","Campylobacterota","Campylobacteria","Campylobacterales","Arcobacteraceae","Pseudarcobacter"
"ASV144","High temperature vs Control",0.102242184772904,0.745098642800773,6.56487414776174,0.585336364957403,1,"ALDEx2","Campylobacterota","Campylobacteria","Campylobacterales","Arcobacteraceae","Pseudarcobacter"
"ASV334","High temperature vs Control",0.0495936391689973,0.29819851273289,5.92131168366155,0.727980422270837,1,"ALDEx2","Campylobacterota","Campylobacteria","Campylobacterales","Arcobacteraceae","Pseudarcobacter"
"ASV282","High temperature vs Control",0.0855217653238229,0.563631314274696,6.15035706989824,0.692564437249754,1,"ALDEx2","Campylobacterota","Campylobacteria","Campylobacterales","Arcobacteraceae","Unclassified"
"ASV1538","High temperature vs Control",-0.215428696953652,-1.10635069748659,4.59449607686789,0.442271396025887,1,"ALDEx2","Campylobacterota","Campylobacteria","Campylobacterales","Arcobacteraceae","Halarcobacter"
"ASV313","High temperature vs Control",0.218750750334475,1.35176080457389,5.95403489552011,0.438783511631532,1,"ALDEx2","Chloroflexi","Anaerolineae","Ardenticatenales","Ardenticatenaceae","Unclassified"
"ASV416","High temperature vs Control",-0.0765713205761989,-0.508867514251491,5.35708430026142,0.70328419774662,1,"ALDEx2","Chloroflexi","Anaerolineae","Ardenticatenales","Ardenticatenaceae","Unclassified"
"ASV1988","High temperature vs Control",-0.101136160878771,-0.497097480561489,4.43814057506579,0.612710320079634,1,"ALDEx2","Firmicutes","Clostridia","Oscillospirales","Hungateiclostridiaceae","Unclassified"
"ASV12","High temperature vs Control",-0.219629785764558,-0.901386179743222,2.90911237214529,0.20218842240182,1,"ALDEx2","Cyanobacteria","Cyanobacteriia","Synechococcales","Cyanobiaceae","Synechococcus CC9902"
"ASV28","High temperature vs Control",0.127983837587557,0.926717227451717,8.08100838400138,0.367151256719968,1,"ALDEx2","Cyanobacteria","Cyanobacteriia","Synechococcales","Cyanobiaceae","Synechococcus CC9902"
"ASV1535","High temperature vs Control",-0.202690132755138,-1.01572806693026,5.00994125339108,0.519694047818418,1,"ALDEx2","Verrucomicrobiota","Chlamydiae","Chlamydiales","Simkaniaceae","Unclassified"
"ASV1508","High temperature vs Control",-0.155650792075731,-0.870403933819239,4.99327093294345,0.660624170742602,1,"ALDEx2","Proteobacteria","Alphaproteobacteria","Rhodobacterales","Rhodobacteraceae","Pseudopelagicola"
"ASV797","High temperature vs Control",-0.134574110216296,-0.811323387806315,5.79471989706579,0.664155687062817,1,"ALDEx2","Planctomycetota","Phycisphaerae","Phycisphaerales","Phycisphaeraceae","Unclassified"
"ASV342","High temperature vs Control",0.394772379719564,2.59184442948066,5.81392262576894,0.248892378030209,1,"ALDEx2","Planctomycetota","Phycisphaerae","Phycisphaerales","Phycisphaeraceae","SM1A02"
"ASV472","High temperature vs Control",-0.0303953078245628,-0.165748486654861,4.92601095713494,0.772343515053051,1,"ALDEx2","Planctomycetota","Phycisphaerae","Phycisphaerales","Phycisphaeraceae","SM1A02"
"ASV759","High temperature vs Control",-0.246714957644271,-1.55356105337794,5.54173913545682,0.441740009873381,1,"ALDEx2","Planctomycetota","Phycisphaerae","Phycisphaerales","Phycisphaeraceae","SM1A02"
"ASV5071","High temperature vs Control",-0.0976352997470811,-0.571520714437809,4.71248233898405,0.63204247508257,1,"ALDEx2","Planctomycetota","Planctomycetes","Pirellulales","Pirellulaceae","Blastopirellula"
"ASV1592","High temperature vs Control",-0.255006386198573,-1.52755966291409,5.13040090524642,0.414958656357972,1,"ALDEx2","Planctomycetota","Planctomycetes","Pirellulales","Pirellulaceae","Unclassified"
"ASV163","High temperature vs Control",0.335838006085118,2.19893228260047,6.02159921862379,0.268007796115867,1,"ALDEx2","Planctomycetota","Planctomycetes","Pirellulales","Pirellulaceae","Blastopirellula"
"ASV382","High temperature vs Control",-0.0175693411859147,-0.127444823007947,5.9039306555895,0.780751122214289,1,"ALDEx2","Planctomycetota","Planctomycetes","Pirellulales","Pirellulaceae","Blastopirellula"
"ASV255","High temperature vs Control",0.107610935447514,0.702903729946083,5.35374956266546,0.62378299527088,1,"ALDEx2","Planctomycetota","Planctomycetes","Planctomycetales","Gimesiaceae","Gimesia"
"ASV1616","High temperature vs Control",0.0138557399320726,0.0949343900822734,4.71742908841689,0.742340844536309,1,"ALDEx2","Planctomycetota","Planctomycetes","Planctomycetales","Gimesiaceae","Unclassified"
"ASV534","High temperature vs Control",0.231327750341231,1.34739311851863,5.35432003368221,0.483306708650219,1,"ALDEx2","Planctomycetota","Planctomycetes","Pirellulales","Pirellulaceae","Rubripirellula"
"ASV939","High temperature vs Control",-0.27451445804619,-1.58808131396885,5.16149821840771,0.390480807105561,1,"ALDEx2","Verrucomicrobiota","Verrucomicrobiae","Verrucomicrobiales","DEV007","Unclassified"
"ASV1114","High temperature vs Control",-0.136011256642285,-0.771215602102456,4.8423735170193,0.566743155158587,1,"ALDEx2","Verrucomicrobiota","Verrucomicrobiae","Verrucomicrobiales","Rubritaleaceae","Rubritalea"
"ASV383","High temperature vs Control",-0.130134579453097,-0.76095770009483,5.6832802280465,0.629411377033233,1,"ALDEx2","Verrucomicrobiota","Verrucomicrobiae","Verrucomicrobiales","Rubritaleaceae","Persicirhabdus"
"ASV1549","High temperature vs Control",-0.196362198107895,-1.1408275055472,5.03993309051952,0.586546796444362,1,"ALDEx2","Verrucomicrobiota","Verrucomicrobiae","Verrucomicrobiales","Rubritaleaceae","Luteolibacter"
"ASV903","High temperature vs Control",0.167490840852168,1.03094815054872,5.26556822500651,0.548207487612837,1,"ALDEx2","Verrucomicrobiota","Verrucomicrobiae","Verrucomicrobiales","Rubritaleaceae","Roseibacillus"
"ASV809","High temperature vs Control",-0.0482158492851129,-0.322052664696264,5.27627168426669,0.721189446136253,1,"ALDEx2","Verrucomicrobiota","Verrucomicrobiae","Verrucomicrobiales","Rubritaleaceae","Roseibacillus"
"ASV363","High temperature vs Control",0.0146326297658422,0.116549321873252,5.50512364394733,0.830110244908235,1,"ALDEx2","Verrucomicrobiota","Verrucomicrobiae","Verrucomicrobiales","Rubritaleaceae","Roseibacillus"
"ASV346","High temperature vs Control",-0.110075673778136,-0.707724603855473,6.19114869530279,0.642273035461187,1,"ALDEx2","Verrucomicrobiota","Verrucomicrobiae","Verrucomicrobiales","Rubritaleaceae","Roseibacillus"
"ASV1778","High temperature vs Control",0.0376978793258938,0.178676212353878,4.79109859016168,0.705267912313296,1,"ALDEx2","Verrucomicrobiota","Verrucomicrobiae","Verrucomicrobiales","Rubritaleaceae","Roseibacillus"
"ASV500","High temperature vs Control",-0.192994872808249,-1.26137038622267,5.43488487676956,0.542360639601088,1,"ALDEx2","Verrucomicrobiota","Verrucomicrobiae","Pedosphaerales","Pedosphaeraceae","SCGC AAA164-E04"
"ASV699","High temperature vs Control",-0.0582818284980041,-0.415337077284912,5.96659222218878,0.766637696235273,1,"ALDEx2","Firmicutes","Bacilli","Bacillales","Bacillaceae","Virgibacillus"
"ASV324","High temperature vs Control",-0.0586907999545267,-0.374964715515808,6.36642644519339,0.752149557439675,1,"ALDEx2","Firmicutes","Bacilli","Bacillales","Bacillaceae","Unclassified"
"ASV145","High temperature vs Control",0.029879715431524,0.24897997806929,7.64327974147557,0.826828096696082,1,"ALDEx2","Firmicutes","Bacilli","Bacillales","Bacillaceae","Unclassified"
"ASV105","High temperature vs Control",-0.125308775913006,-1.0437623064475,8.21747649365058,0.697440160510128,1,"ALDEx2","Firmicutes","Bacilli","Mycoplasmatales","Mycoplasmataceae","Mycoplasma"
"ASV23","High temperature vs Control",0.249052710830321,2.47094301220554,9.52852621471708,0.377419088497447,1,"ALDEx2","Firmicutes","Bacilli","Mycoplasmatales","Mycoplasmataceae","Mycoplasma"
"ASV515","High temperature vs Control",-0.0196451154584435,-0.153120074388056,5.33078462091245,0.759392871941818,1,"ALDEx2","Bdellovibrionota","Bdellovibrionia","Bdellovibrionales","Bdellovibrionaceae","OM27 clade"
"ASV533","High temperature vs Control",-0.103551257915673,-0.563500851419,5.51920414354574,0.73068142984286,1,"ALDEx2","Myxococcota","Polyangia","Polyangiales","Sandaracinaceae","Sandaracinus"
"ASV551","High temperature vs Control",0.0612796038477247,0.374915029929936,6.38891562971833,0.73940890260529,1,"ALDEx2","Myxococcota","Polyangia","Polyangiales","Sandaracinaceae","Unclassified"
"ASV884","High temperature vs Control",-0.144205600708482,-0.782842727971494,5.02489921853353,0.557615036840532,1,"ALDEx2","Myxococcota","Polyangia","Polyangiales","Sandaracinaceae","Unclassified"
"ASV746","High temperature vs Control",-0.100615707386506,-0.696836151862734,5.47322364672154,0.80078603898286,1,"ALDEx2","Myxococcota","Polyangia","Polyangiales","Sandaracinaceae","Unclassified"
"ASV537","High temperature vs Control",-0.0584815046608753,-0.377795828141056,6.13134754949101,0.754869454778673,1,"ALDEx2","Bdellovibrionota","Bdellovibrionia","Bdellovibrionales","Bdellovibrionaceae","OM27 clade"
"ASV337","High temperature vs Control",0.0524516994535951,0.338823166891093,5.38113362179788,0.612007491582711,1,"ALDEx2","Bdellovibrionota","Bdellovibrionia","Bdellovibrionales","Bdellovibrionaceae","OM27 clade"
"ASV350","High temperature vs Control",-0.0757662092432962,-0.445172066177178,6.3342408127778,0.727738700073625,1,"ALDEx2","Bdellovibrionota","Bdellovibrionia","Bdellovibrionales","Bdellovibrionaceae","OM27 clade"
"ASV322","High temperature vs Control",-0.0174799987446233,-0.0818924316658123,6.31311794351165,0.793286308424845,1,"ALDEx2","Proteobacteria","Alphaproteobacteria","Caulobacterales","Hyphomonadaceae","Maricaulis"
"ASV782","High temperature vs Control",-0.051391428422634,-0.33346310835594,5.11219859688702,0.782486855548389,1,"ALDEx2","Proteobacteria","Alphaproteobacteria","Rickettsiales","Rickettsiaceae","Candidatus Megaira"
"ASV392","High temperature vs Control",-0.132494245927345,-0.761539035257634,5.8486720988958,0.627580801847082,1,"ALDEx2","Proteobacteria","Alphaproteobacteria","Sphingomonadales","Sphingomonadaceae","Sphingobium"
"ASV338","High temperature vs Control",-0.340539166878819,-2.29521702156426,6.51038368076021,0.219971723385634,1,"ALDEx2","Proteobacteria","Alphaproteobacteria","Sphingomonadales","Sphingomonadaceae","Sphingopyxis"
"ASV15","High temperature vs Control",0.169220159427938,0.376592685363183,1.54610802730601,0.26541627224477,1,"ALDEx2","Proteobacteria","Alphaproteobacteria","Sphingomonadales","Sphingomonadaceae","Blastomonas"
"ASV735","High temperature vs Control",-0.038671237381901,-0.187998624377675,6.24946728770319,0.786439452805135,1,"ALDEx2","Proteobacteria","Alphaproteobacteria","Sphingomonadales","Sphingomonadaceae","Sphingorhabdus"
"ASV74","High temperature vs Control",0.174263640208205,1.3884675813591,7.93893844206175,0.439393525429426,1,"ALDEx2","Proteobacteria","Alphaproteobacteria","Sphingomonadales","Sphingomonadaceae","Sphingorhabdus"
"ASV415","High temperature vs Control",0.262619290477272,1.57219101735218,6.13395534790419,0.305265899626725,1,"ALDEx2","Proteobacteria","Alphaproteobacteria","Sphingomonadales","Sphingomonadaceae","Unclassified"
"ASV444","High temperature vs Control",0.375944883510059,2.6912374171602,6.80358931658376,0.284708468386532,1,"ALDEx2","Proteobacteria","Gammaproteobacteria","Pseudomonadales","Halomonadaceae","Cobetia"
"ASV265","High temperature vs Control",-0.118195323894407,-0.845600869981276,7.01513786216506,0.626693612666068,1,"ALDEx2","Proteobacteria","Gammaproteobacteria","Pseudomonadales","Halomonadaceae","Cobetia"
"ASV470","High temperature vs Control",0.0456148426492368,0.323968306760471,6.45327151679067,0.849661504614334,1,"ALDEx2","Proteobacteria","Gammaproteobacteria","Pseudomonadales","Halomonadaceae","Halomonas"
"ASV201","High temperature vs Control",0.0976530048799248,0.731312119168463,7.46226973877472,0.687306812189774,1,"ALDEx2","Proteobacteria","Gammaproteobacteria","Pseudomonadales","Halomonadaceae","Halomonas"
"ASV464","High temperature vs Control",0.0137966269670897,0.0783801551310042,5.7260438513959,0.743114921234906,1,"ALDEx2","Proteobacteria","Gammaproteobacteria","Pseudomonadales","Halomonadaceae","Halomonas"
"ASV1626","High temperature vs Control",0.126612991787844,0.745967234666141,5.65869328985175,0.534841858526801,1,"ALDEx2","Proteobacteria","Gammaproteobacteria","Nitrosococcales","Nitrosococcaceae","CI75cm.2.12"
"ASV898","High temperature vs Control",-0.0129724717778412,-0.0840207141286236,6.12339235472849,0.771140745052192,1,"ALDEx2","Proteobacteria","Gammaproteobacteria","Tenderiales","Tenderiaceae","Candidatus Tenderia"
"ASV1039","High temperature vs Control",-0.148774193497982,-0.949877434842522,6.46461350238554,0.573990844239964,1,"ALDEx2","Proteobacteria","Gammaproteobacteria","Arenicellales","Arenicellaceae","HTCC5015"
"ASV619","High temperature vs Control",0.0481846730831892,0.303754578817809,6.79709427437212,0.617368874316609,1,"ALDEx2","Proteobacteria","Gammaproteobacteria","Arenicellales","Arenicellaceae","HTCC5015"
"ASV440","High temperature vs Control",0.00349851381174209,0.0275126900964313,6.34664984263398,0.801653350512459,1,"ALDEx2","Proteobacteria","Gammaproteobacteria","Pseudomonadales","Thioglobaceae","SUP05 cluster"
"ASV177","High temperature vs Control",-0.0573423276478189,-0.381252988350472,7.10222784948963,0.774575418646571,1,"ALDEx2","Proteobacteria","Gammaproteobacteria","Pseudomonadales","Thioglobaceae","SUP05 cluster"
"ASV43","High temperature vs Control",0.0126702961468472,0.0791477042860715,4.40951878667627,0.638511502498646,1,"ALDEx2","Proteobacteria","Gammaproteobacteria","Pseudomonadales","Thioglobaceae","SUP05 cluster"
"ASV431","High temperature vs Control",0.14474903026207,0.80554011197657,5.06417121178167,0.574292318937059,1,"ALDEx2","Proteobacteria","Gammaproteobacteria","Pseudomonadales","Thioglobaceae","Candidatus Thioglobus"
"ASV180","High temperature vs Control",0.252539874274553,1.74476012087197,6.14086174875465,0.435605357820752,1,"ALDEx2","Proteobacteria","Gammaproteobacteria","Pseudomonadales","Thioglobaceae","Candidatus Thioglobus"
"ASV698","High temperature vs Control",0.0424293219289297,0.267080076854469,5.64770626363514,0.711312319909644,1,"ALDEx2","Proteobacteria","Gammaproteobacteria","Thiotrichales","Thiotrichaceae","Leucothrix"
"ASV1302","High temperature vs Control",-0.076051473693401,-0.416876507513199,4.72950651351636,0.712597274087565,1,"ALDEx2","Proteobacteria","Gammaproteobacteria","Thiotrichales","Thiotrichaceae","Leucothrix"
"ASV737","High temperature vs Control",0.0929102959599648,0.493676195852012,5.22835750672313,0.661820300605949,1,"ALDEx2","Proteobacteria","Gammaproteobacteria","Thiotrichales","Thiotrichaceae","Leucothrix"
"ASV2283","High temperature vs Control",-0.068026185051302,-0.301549828710465,4.76750379839333,0.714691657850511,1,"ALDEx2","Proteobacteria","Gammaproteobacteria","Enterobacterales","Kangiellaceae","Aliikangiella"
"ASV1521","High temperature vs Control",-0.0213084131685634,-0.0995350161032267,4.84000073614385,0.778982225811116,1,"ALDEx2","Proteobacteria","Gammaproteobacteria","Enterobacterales","Kangiellaceae","Aliikangiella"
"ASV660","High temperature vs Control",-0.172550886158418,-1.04691227081269,5.24368530305734,0.511394178745253,1,"ALDEx2","Proteobacteria","Gammaproteobacteria","Ectothiorhodospirales","Thioalkalispiraceae","Unclassified"
"ASV665","High temperature vs Control",-0.144479080906729,-0.907895196367853,6.05562158863763,0.525988065068815,1,"ALDEx2","Proteobacteria","Gammaproteobacteria","Steroidobacterales","Woeseiaceae","Woeseia"
"ASV651","High temperature vs Control",-0.146299417499761,-0.907732844169195,5.68382777182131,0.525681319691601,1,"ALDEx2","Proteobacteria","Gammaproteobacteria","Enterobacterales","Kangiellaceae","Unclassified"
"ASV1158","High temperature vs Control",-0.0136992401360703,-0.0622687321111899,5.25951831945186,0.75260395475081,1,"ALDEx2","Proteobacteria","Gammaproteobacteria","Enterobacterales","Kangiellaceae","Unclassified"
"ASV399","High temperature vs Control",-0.132249650660523,-0.793491864446994,5.53107789734427,0.589332143558697,1,"ALDEx2","Proteobacteria","Gammaproteobacteria","Pseudomonadales","OM182 clade","Unclassified"
"ASV736","High temperature vs Control",0.0474221263314823,0.351874813987966,5.846314528735,0.733427634226198,1,"ALDEx2","Proteobacteria","Gammaproteobacteria","Pseudomonadales","OM182 clade","Unclassified"
"ASV1309","High temperature vs Control",-0.11795791318531,-0.678884571135681,4.99956521399571,0.640232189146094,1,"ALDEx2","Proteobacteria","Gammaproteobacteria","Pseudomonadales","OM182 clade","Unclassified"
"ASV609","High temperature vs Control",-0.167141555462781,-1.04916344025269,5.64371135354136,0.501238532561716,1,"ALDEx2","Proteobacteria","Gammaproteobacteria","Pseudomonadales","OM182 clade","Unclassified"
"ASV113","High temperature vs Control",-0.172355494679061,-1.03081690356067,5.9477509439361,0.470603048698382,1,"ALDEx2","Proteobacteria","Gammaproteobacteria","Pseudomonadales","OM182 clade","Unclassified"
"ASV269","High temperature vs Control",0.104494814319439,0.777127325594186,6.57009448305838,0.597720715531054,1,"ALDEx2","Proteobacteria","Gammaproteobacteria","Pseudomonadales","OM182 clade","Unclassified"
"ASV597","High temperature vs Control",-0.110916017242447,-0.614916746645823,5.125558805844,0.646078013715332,1,"ALDEx2","Proteobacteria","Gammaproteobacteria","Pseudomonadales","OM182 clade","Unclassified"
"ASV263","High temperature vs Control",0.120434773319113,0.875631033054904,6.3303782084552,0.668081256232172,1,"ALDEx2","Proteobacteria","Gammaproteobacteria","Pseudomonadales","OM182 clade","Unclassified"
"ASV425","High temperature vs Control",-0.223296694757323,-1.38864002917061,6.17547434462147,0.450471060529798,1,"ALDEx2","Proteobacteria","Gammaproteobacteria","Pseudomonadales","OM182 clade","Unclassified"
"ASV236","High temperature vs Control",-0.108007627779343,-0.765069415152882,6.77288180131383,0.568808961550728,1,"ALDEx2","Proteobacteria","Gammaproteobacteria","Pseudomonadales","Marinomonadaceae","Marinomonas"
"ASV985","High temperature vs Control",0.0425521669227743,0.239589594762442,5.03444650656363,0.663331926480949,1,"ALDEx2","Proteobacteria","Gammaproteobacteria","Enterobacterales","Shewanellaceae","Shewanella"
"ASV540","High temperature vs Control",0.16573242076081,0.945831802508454,5.91264153132936,0.43761314693855,1,"ALDEx2","Proteobacteria","Gammaproteobacteria","Enterobacterales","Colwelliaceae","Colwellia"
"ASV767","High temperature vs Control",-0.0609629985345474,-0.420142957228563,6.16540672826309,0.757068736320895,1,"ALDEx2","Proteobacteria","Gammaproteobacteria","Pseudomonadales","Cellvibrionaceae","Umboniibacter"
"ASV1070","High temperature vs Control",0.0401212481641046,0.286504683854878,5.83129979783153,0.715116670539743,1,"ALDEx2","Proteobacteria","Gammaproteobacteria","Pseudomonadales","Porticoccaceae","SAR92 clade"
"ASV281","High temperature vs Control",0.254632353725927,1.62826832469102,6.86264404616077,0.398594573790149,1,"ALDEx2","Proteobacteria","Gammaproteobacteria","Pseudomonadales","Porticoccaceae","SAR92 clade"
"ASV307","High temperature vs Control",-0.0221346147734977,-0.133394651107133,5.45117970750996,0.733525515366206,1,"ALDEx2","Proteobacteria","Gammaproteobacteria","Pseudomonadales","Porticoccaceae","SAR92 clade"
"ASV816","High temperature vs Control",0.0201648451378684,0.107772460861003,5.09941917015427,0.714209104987674,1,"ALDEx2","Proteobacteria","Gammaproteobacteria","Pseudomonadales","Spongiibacteraceae","Unclassified"
"ASV63","High temperature vs Control",0.172118409364813,1.52927856530336,8.36778029253893,0.467476749223866,1,"ALDEx2","Proteobacteria","Gammaproteobacteria","Pseudomonadales","Cellvibrionaceae","Unclassified"
"ASV134","High temperature vs Control",0.114209306328139,0.94834869369203,8.73855937088638,0.532175282663881,1,"ALDEx2","Proteobacteria","Gammaproteobacteria","Pseudomonadales","Cellvibrionaceae","Unclassified"
"ASV724","High temperature vs Control",-0.0736276263624355,-0.570209225180318,6.85075562953904,0.794606962439534,1,"ALDEx2","Proteobacteria","Gammaproteobacteria","Pseudomonadales","Saccharospirillaceae","Unclassified"
"ASV469","High temperature vs Control",-0.0921125034941278,-0.605181058343387,5.63031552472724,0.607617689494266,1,"ALDEx2","Proteobacteria","Gammaproteobacteria","Enterobacterales","Pseudoalteromonadaceae","Pseudoalteromonas"
"ASV137","High temperature vs Control",0.119822211395688,0.859969766772248,6.07480434053137,0.602959758620972,1,"ALDEx2","Proteobacteria","Gammaproteobacteria","Enterobacterales","Pseudoalteromonadaceae","Pseudoalteromonas"
"ASV64","High temperature vs Control",0.0156890451951211,0.119570798104758,7.0203107672489,0.803383194135917,1,"ALDEx2","Proteobacteria","Gammaproteobacteria","Enterobacterales","Pseudoalteromonadaceae","Pseudoalteromonas"
"ASV339","High temperature vs Control",-0.335939150428684,-2.39399385643917,7.01109262071613,0.25898348304756,1,"ALDEx2","Proteobacteria","Gammaproteobacteria","Enterobacterales","Pseudoalteromonadaceae","Pseudoalteromonas"
"ASV91","High temperature vs Control",-0.190731211831308,-1.25826378223225,5.96010990634761,0.514199313240893,1,"ALDEx2","Proteobacteria","Gammaproteobacteria","Enterobacterales","Colwelliaceae","Unclassified"
"ASV96","High temperature vs Control",-0.0206945364898161,-0.150867008527986,8.8228052750006,0.76484656238451,1,"ALDEx2","Proteobacteria","Gammaproteobacteria","Enterobacterales","Colwelliaceae","Unclassified"
"ASV564","High temperature vs Control",0.0493938061573282,0.349116197043537,5.95240902201345,0.713789334011929,1,"ALDEx2","Proteobacteria","Gammaproteobacteria","Pseudomonadales","Spongiibacteraceae","Unclassified"
"ASV147","High temperature vs Control",0.14172386965304,1.01178643041586,6.85945847068629,0.648654720193118,1,"ALDEx2","Proteobacteria","Gammaproteobacteria","Pseudomonadales","Cellvibrionaceae","Unclassified"
"ASV215","High temperature vs Control",0.0144431865909841,0.0655326846071258,6.52185456809428,0.802558618572591,1,"ALDEx2","Proteobacteria","Gammaproteobacteria","Pseudomonadales","Oleiphilaceae","Oleiphilus"
"ASV1216","High temperature vs Control",-0.026146867885967,-0.16486394855301,4.8976917557221,0.775234273664751,1,"ALDEx2","Proteobacteria","Gammaproteobacteria","Pseudomonadales","Oleiphilaceae","Oleiphilus"
"ASV854","High temperature vs Control",-0.0310014199139589,-0.241968769021431,5.99090153894294,0.769475203228053,1,"ALDEx2","Proteobacteria","Gammaproteobacteria","Pseudomonadales","Oleiphilaceae","Oleiphilus"
"ASV552","High temperature vs Control",0.050335014897361,0.458883523442626,6.92674212096838,0.703778627001215,1,"ALDEx2","Proteobacteria","Gammaproteobacteria","Pseudomonadales","Unknown Family","Alkalimarinus"
"ASV360","High temperature vs Control",-0.0252452960773596,-0.152389346024706,5.86916158981492,0.746934300799571,1,"ALDEx2","Proteobacteria","Gammaproteobacteria","Enterobacterales","Vibrionaceae","Vibrio"
"ASV920","High temperature vs Control",-0.11020899793092,-0.66429536239064,4.95744450195827,0.602123365212601,1,"ALDEx2","Proteobacteria","Gammaproteobacteria","Enterobacterales","Vibrionaceae","Aliivibrio"
"ASV221","High temperature vs Control",-0.0106071124787815,-0.082378763873721,6.92478561235839,0.833321596474655,1,"ALDEx2","Proteobacteria","Gammaproteobacteria","Enterobacterales","Vibrionaceae","Aliivibrio"
"ASV78","High temperature vs Control",-0.259167975065072,-1.57361093634324,7.19200049733599,0.171185303054212,1,"ALDEx2","Proteobacteria","Gammaproteobacteria","Enterobacterales","Vibrionaceae","Aliivibrio"
"ASV434","High temperature vs Control",-0.0574487165223259,-0.324470586478572,5.76675799750819,0.812641048341683,1,"ALDEx2","Proteobacteria","Gammaproteobacteria","Enterobacterales","Vibrionaceae","Aliivibrio"
"ASV571","High temperature vs Control",-0.00145444484357587,-0.00980428699361457,5.42079273453332,0.748909568540807,1,"ALDEx2","Proteobacteria","Gammaproteobacteria","Enterobacterales","Vibrionaceae","Vibrio"
"ASV630","High temperature vs Control",0.0312828768198982,0.194967645582313,5.70107995806233,0.712145240650485,1,"ALDEx2","Proteobacteria","Gammaproteobacteria","Enterobacterales","Vibrionaceae","Catenococcus"
"ASV451","High temperature vs Control",0.000553882546589571,0.00378271108131223,6.86329255681046,0.787035201709062,1,"ALDEx2","Proteobacteria","Gammaproteobacteria","Enterobacterales","Vibrionaceae","Unclassified"
"ASV146","High temperature vs Control",0.260444306889459,1.86442973294756,6.87484239090861,0.344371227578081,1,"ALDEx2","Proteobacteria","Gammaproteobacteria","Enterobacterales","Alteromonadaceae","Paraglaciecola"
"ASV328","High temperature vs Control",0.125648667234391,0.844701119912142,6.04743051024101,0.414799715292794,1,"ALDEx2","Proteobacteria","Gammaproteobacteria","Enterobacterales","Alteromonadaceae","Paraglaciecola"
"ASV268","High temperature vs Control",-0.0807279533935239,-0.623040123170376,6.99269970307061,0.692047635762963,1,"ALDEx2","Proteobacteria","Gammaproteobacteria","Enterobacterales","Alteromonadaceae","Paraglaciecola"
"ASV539","High temperature vs Control",0.141001248076271,0.903234507378437,6.15226621605037,0.597308551466604,1,"ALDEx2","Proteobacteria","Gammaproteobacteria","Enterobacterales","Alteromonadaceae","Paraglaciecola"
"ASV19","High temperature vs Control",-0.0173050773095204,-0.0637203918045719,2.60065119478375,0.39397186189569,1,"ALDEx2","Proteobacteria","Gammaproteobacteria","Enterobacterales","Alteromonadaceae","Paraglaciecola"
"ASV256","High temperature vs Control",-0.103519209184777,-0.619792871653938,5.18506641163809,0.752919711246391,1,"ALDEx2","Proteobacteria","Gammaproteobacteria","Pseudomonadales","Cellvibrionaceae","Unclassified"
"ASV1245","High temperature vs Control",-0.094153684990976,-0.58318236744244,5.37124056962756,0.661511743964543,1,"ALDEx2","Proteobacteria","Gammaproteobacteria","Enterobacterales","Colwelliaceae","Unclassified"
"ASV721","High temperature vs Control",-0.0913007109705152,-0.58318558602614,6.00952993169743,0.67546290818671,1,"ALDEx2","Proteobacteria","Gammaproteobacteria","Enterobacterales","Colwelliaceae","Thalassomonas"
"ASV648","High temperature vs Control",0.00913343922829672,0.048787239681074,5.84815219526948,0.792475493447708,1,"ALDEx2","Proteobacteria","Gammaproteobacteria","Enterobacterales","Colwelliaceae","Colwellia"
"ASV402","High temperature vs Control",0.204128368789841,1.23652642228649,5.81743105788182,0.400871299570234,1,"ALDEx2","Proteobacteria","Gammaproteobacteria","Enterobacterales","Colwelliaceae","Colwellia"
"ASV395","High temperature vs Control",0.000419530418858277,0.00532434457712672,6.22750882172786,0.744760276625876,1,"ALDEx2","Proteobacteria","Gammaproteobacteria","Enterobacterales","Colwelliaceae","Thalassotalea"
"ASV160","High temperature vs Control",0.0239470227678725,0.182876589631532,7.02296788244475,0.801294751121877,1,"ALDEx2","Proteobacteria","Gammaproteobacteria","Enterobacterales","Colwelliaceae","Thalassotalea"
"ASV111","High temperature vs Control",-0.0114323905239572,-0.0805558662367671,7.17288293277469,0.758262171371928,1,"ALDEx2","Proteobacteria","Gammaproteobacteria","Enterobacterales","Colwelliaceae","Colwellia"
"ASV5","High temperature vs Control",0.28830999106938,1.90670882478909,7.08700726134531,0.0860794415324568,1,"ALDEx2","Proteobacteria","Gammaproteobacteria","Enterobacterales","Alteromonadaceae","Alteromonas"
"ASV71","High temperature vs Control",-0.0680863950835937,-0.514193734292301,7.78844474020935,0.712584548749116,1,"ALDEx2","Proteobacteria","Gammaproteobacteria","Enterobacterales","Alteromonadaceae","Alteromonas"
"ASV118","High temperature vs Control",0.0352245195440309,0.19805657647743,6.85048099350559,0.748257395378772,1,"ALDEx2","Proteobacteria","Gammaproteobacteria","Enterobacterales","Alteromonadaceae","Alteromonas"
"ASV153","High temperature vs Control",0.410997392804555,3.22054429576123,7.07058478916911,0.281660158682662,1,"ALDEx2","Proteobacteria","Gammaproteobacteria","Enterobacterales","Alteromonadaceae","Alteromonas"
"ASV2","High temperature vs Control",0.0965471973656507,0.503887845595938,2.86956682819429,0.500094849274282,1,"ALDEx2","Proteobacteria","Gammaproteobacteria","Enterobacterales","Alteromonadaceae","Alteromonas"
"ASV79","High temperature vs Control",-0.00601114090664421,-0.0669710569218758,7.44148437200019,0.763148713068426,1,"ALDEx2","Proteobacteria","Gammaproteobacteria","Enterobacterales","Alteromonadaceae","Alteromonas"
"ASV30","High temperature vs Control",-0.050361242160864,-0.505015124023804,8.78760997352306,0.801476414573346,1,"ALDEx2","Proteobacteria","Gammaproteobacteria","Enterobacterales","Alteromonadaceae","Alteromonas"
"ASV16","High temperature vs Control",-0.0726836020263527,-0.691875355075624,8.75931963647378,0.8288731293476,1,"ALDEx2","Proteobacteria","Gammaproteobacteria","Enterobacterales","Alteromonadaceae","Alteromonas"
"ASV8","High temperature vs Control",-0.0770894700205157,-0.786912971262683,9.77932907861032,0.657151944793419,1,"ALDEx2","Proteobacteria","Gammaproteobacteria","Enterobacterales","Alteromonadaceae","Alteromonas"
"ASV13","High temperature vs Control",-0.0272001937605765,-0.254360856534534,9.28254978056141,0.813607646230848,1,"ALDEx2","Proteobacteria","Gammaproteobacteria","Enterobacterales","Alteromonadaceae","Unclassified"
"ASV29","High temperature vs Control",0.0346989661971038,0.28587524739938,8.94152535037323,0.776695476170412,1,"ALDEx2","Proteobacteria","Gammaproteobacteria","Enterobacterales","Alteromonadaceae","Unclassified"
"ASV506","High temperature vs Control",0.253194245034468,1.55338617748202,5.70847242651087,0.437501730885098,1,"ALDEx2","Proteobacteria","Gammaproteobacteria","Enterobacterales","Alteromonadaceae","Glaciecola"
"ASV61","High temperature vs Control",-0.014079732364347,-0.123202878742327,8.32172362073102,0.79355096023967,1,"ALDEx2","Proteobacteria","Gammaproteobacteria","Enterobacterales","Alteromonadaceae","Unclassified"
"ASV969","High temperature vs Control",0.0263693053921416,0.146651699368632,5.85096279239317,0.761872135747433,1,"ALDEx2","Proteobacteria","Gammaproteobacteria","Enterobacterales","Alteromonadaceae","Glaciecola"
"ASV776","High temperature vs Control",-0.106992986975137,-0.641163132182896,4.91938052893422,0.674517757025707,1,"ALDEx2","Proteobacteria","Gammaproteobacteria","Enterobacterales","Colwelliaceae","Colwellia"
"ASV917","High temperature vs Control",-0.101213333678265,-0.66607898116677,5.55470851885113,0.619705782759732,1,"ALDEx2","Proteobacteria","Gammaproteobacteria","Pseudomonadales","Cellvibrionaceae","Unclassified"
"ASV183","High temperature vs Control",-0.072313369072825,-0.613496249385259,7.7441230137522,0.659355824805122,1,"ALDEx2","Proteobacteria","Gammaproteobacteria","Pseudomonadales","Saccharospirillaceae","Oceaniserpentilla"
"ASV603","High temperature vs Control",-0.077279719143162,-0.458111878638498,6.30769992930597,0.74525703815491,1,"ALDEx2","Proteobacteria","Gammaproteobacteria","Enterobacterales","Pseudoalteromonadaceae","Pseudoalteromonas"
"ASV325","High temperature vs Control",0.18049241632911,1.18186698163313,5.66504348158628,0.404419475198339,1,"ALDEx2","Proteobacteria","Gammaproteobacteria","Enterobacterales","Pseudoalteromonadaceae","Pseudoalteromonas"
"ASV168","High temperature vs Control",-0.211020661744852,-1.53425211450419,8.19353279279567,0.371084438005021,1,"ALDEx2","Proteobacteria","Gammaproteobacteria","Enterobacterales","Pseudoalteromonadaceae","Pseudoalteromonas"
"ASV411","High temperature vs Control",-0.0545802956168546,-0.339500447199033,5.80246464210998,0.798058029361886,1,"ALDEx2","Proteobacteria","Gammaproteobacteria","Enterobacterales","Pseudoalteromonadaceae","Pseudoalteromonas"
"ASV429","High temperature vs Control",0.0413499491303474,0.239337510258306,6.29007353540987,0.680042119959179,1,"ALDEx2","Proteobacteria","Gammaproteobacteria","Pseudomonadales","Saccharospirillaceae","Oleibacter"
"ASV194","High temperature vs Control",0.000340927032797755,0.00297381197514479,8.13238475845897,0.836913640690675,1,"ALDEx2","Proteobacteria","Gammaproteobacteria","Pseudomonadales","Saccharospirillaceae","Oleibacter"
"ASV67","High temperature vs Control",0.108474144877768,0.535499614348164,5.38146018474004,0.52009869135026,1,"ALDEx2","Proteobacteria","Gammaproteobacteria","Pseudomonadales","Porticoccaceae","Porticoccus"
"ASV108","High temperature vs Control",0.0644919349709198,0.408198539275929,6.80729665812745,0.632129446225564,1,"ALDEx2","Proteobacteria","Gammaproteobacteria","Pseudomonadales","SAR86 clade","Unclassified"
"ASV257","High temperature vs Control",0.0756790300523884,0.424958831464446,5.92864724122339,0.688638590854746,1,"ALDEx2","Proteobacteria","Gammaproteobacteria","Pseudomonadales","SAR86 clade","Unclassified"
"ASV195","High temperature vs Control",0.0326236021458851,0.220177260583507,6.49025412443489,0.752482784444316,1,"ALDEx2","Proteobacteria","Gammaproteobacteria","Pseudomonadales","SAR86 clade","Unclassified"
"ASV435","High temperature vs Control",0.212916899520265,1.25340274295444,5.61149899945445,0.465716862124226,1,"ALDEx2","Proteobacteria","Gammaproteobacteria","Pseudomonadales","SAR86 clade","Unclassified"
"ASV62","High temperature vs Control",-0.162937121475691,-0.912750607839193,5.08467255191571,0.617489640238956,1,"ALDEx2","Proteobacteria","Gammaproteobacteria","Pseudomonadales","SAR86 clade","Unclassified"
"ASV1367","High temperature vs Control",-0.17008860818391,-0.97250603205577,5.0071669295707,0.56741540897599,1,"ALDEx2","Proteobacteria","Gammaproteobacteria","Pseudomonadales","SAR86 clade","Unclassified"
"ASV128","High temperature vs Control",-0.0475659639575735,-0.355172820461463,7.0765236393492,0.666933774568074,1,"ALDEx2","Proteobacteria","Gammaproteobacteria","Pseudomonadales","SAR86 clade","Unclassified"
"ASV1210","High temperature vs Control",0.236415585378992,1.61505409621517,5.50081036322621,0.475858264303069,1,"ALDEx2","Proteobacteria","Gammaproteobacteria","Thiohalorhabdales","Thiohalorhabdaceae","Unclassified"
"ASV855","High temperature vs Control",-0.0351720051487555,-0.169519426467673,4.64197958120571,0.747940285090665,1,"ALDEx2","Proteobacteria","Gammaproteobacteria","Steroidobacterales","Woeseiaceae","Woeseia"
"ASV714","High temperature vs Control",-0.0866392834347451,-0.564625879971453,5.32497894436817,0.711775017334069,1,"ALDEx2","Proteobacteria","Gammaproteobacteria","Steroidobacterales","Woeseiaceae","Woeseia"
"ASV974","High temperature vs Control",0.00414131934027274,0.0255377915218729,4.86760665322087,0.755638606006267,1,"ALDEx2","Proteobacteria","Gammaproteobacteria","Chromatiales","Sedimenticolaceae","Sedimenticola"
"ASV1347","High temperature vs Control",-0.204067575692716,-1.20302517531082,5.16979823923156,0.52916221403905,1,"ALDEx2","Proteobacteria","Gammaproteobacteria","Arenicellales","Arenicellaceae","Arenicella"
"ASV761","High temperature vs Control",0.12134742797358,0.905576955694981,6.42754953875399,0.555886020524428,1,"ALDEx2","Proteobacteria","Gammaproteobacteria","Gammaproteobacteria Incertae Sedis","Unknown Family","Marinicella"
"ASV956","High temperature vs Control",0.0835281348827911,0.576210606197646,5.43590282773598,0.634654643471077,1,"ALDEx2","Proteobacteria","Gammaproteobacteria","Gammaproteobacteria Incertae Sedis","Unknown Family","Unclassified"
"ASV284","High temperature vs Control",0.118406243059369,0.679626446206332,5.99637835156333,0.684110226331163,1,"ALDEx2","Proteobacteria","Gammaproteobacteria","Enterobacterales","Alteromonadaceae","Rheinheimera"
"ASV1688","High temperature vs Control",0.0192912327411613,0.0910978200917727,4.76428128994419,0.738776014588792,1,"ALDEx2","Proteobacteria","Gammaproteobacteria","Francisellales","Francisellaceae","[Caedibacter] taeniospiralis group"
"ASV497","High temperature vs Control",-0.0856079222841327,-0.575920786744276,5.13125815304629,0.691379568950376,1,"ALDEx2","Proteobacteria","Alphaproteobacteria","Rhodospirillales","Magnetospiraceae","Unclassified"
"ASV595","High temperature vs Control",0.105808979042812,0.657115011074262,5.05905053901279,0.589659339155328,1,"ALDEx2","Proteobacteria","Alphaproteobacteria","Rhodospirillales","Magnetospiraceae","Unclassified"
"ASV279","High temperature vs Control",0.123362906653325,0.889369310548348,5.6108797091017,0.648097571142661,1,"ALDEx2","Proteobacteria","Alphaproteobacteria","Rhodospirillales","AEGEAN-169 marine group","Unclassified"
"ASV374","High temperature vs Control",-0.0714192110859574,-0.466853018855979,5.84397103806583,0.79448096557057,1,"ALDEx2","Proteobacteria","Alphaproteobacteria","Rhodospirillales","AEGEAN-169 marine group","Unclassified"
"ASV150","High temperature vs Control",-0.00948640155564668,-0.0513094552089122,6.67611712565907,0.845411252584935,1,"ALDEx2","Proteobacteria","Alphaproteobacteria","Rhodospirillales","AEGEAN-169 marine group","Unclassified"
"ASV24","High temperature vs Control",0.0423736678878631,0.345730708597285,7.31537670268387,0.724042335523957,1,"ALDEx2","Proteobacteria","Alphaproteobacteria","Rhodobacterales","Rhodobacteraceae","Amylibacter"
"ASV11","High temperature vs Control",-0.120775799127962,-0.215420835759471,1.86850451260579,0.632951382111436,1,"ALDEx2","Proteobacteria","Alphaproteobacteria","Rhodobacterales","Rhodobacteraceae","Amylibacter"
"ASV155","High temperature vs Control",0.378676096205362,2.66333671630871,6.55688925698392,0.247130611695837,1,"ALDEx2","Proteobacteria","Alphaproteobacteria","Rhodobacterales","Rhodobacteraceae","Silicimonas"
"ASV34","High temperature vs Control",0.159322179757374,0.820897561565041,4.50573100173389,0.228139704608645,1,"ALDEx2","Proteobacteria","Alphaproteobacteria","Rhodobacterales","Rhodobacteraceae","Planktotalea"
"ASV508","High temperature vs Control",0.0280412898069508,0.223257248511845,5.45847498400629,0.613067897233996,1,"ALDEx2","Proteobacteria","Alphaproteobacteria","Rhodobacterales","Rhodobacteraceae","Unclassified"
"ASV45","High temperature vs Control",0.194997053714747,1.43433303070814,7.70401173076508,0.416538742607208,1,"ALDEx2","Proteobacteria","Alphaproteobacteria","Rhodobacterales","Rhodobacteraceae","Planktomarina"
"ASV20","High temperature vs Control",0.0279019322782629,0.029378753575283,1.08323428125139,0.790547113437708,1,"ALDEx2","Proteobacteria","Alphaproteobacteria","Rhodobacterales","Rhodobacteraceae","Planktomarina"
"ASV565","High temperature vs Control",0.0699330801441289,0.384259160222012,5.02815873072384,0.640451865300284,1,"ALDEx2","Proteobacteria","Alphaproteobacteria","Rhodobacterales","Rhodobacteraceae","Unclassified"
"ASV131","High temperature vs Control",0.208191072703992,1.1602249875921,6.83579692367943,0.293520357210439,1,"ALDEx2","Proteobacteria","Alphaproteobacteria","Rhodobacterales","Rhodobacteraceae","Unclassified"
"ASV4","High temperature vs Control",0.131575864297801,0.736003191797626,2.88154708019095,0.101621025534749,1,"ALDEx2","Proteobacteria","Alphaproteobacteria","Rhodobacterales","Rhodobacteraceae","Unclassified"
"ASV1","High temperature vs Control",0.170272247385469,0.605490910103609,2.7857381818844,0.207804142839136,1,"ALDEx2","Proteobacteria","Alphaproteobacteria","Rhodobacterales","Rhodobacteraceae","Unclassified"
"ASV164","High temperature vs Control",0.310362118824029,1.96787657450098,6.33292132293269,0.361299300815239,1,"ALDEx2","Proteobacteria","Alphaproteobacteria","Rhodobacterales","Rhodobacteraceae","Unclassified"
"ASV14","High temperature vs Control",0.190907052508727,0.260426204602581,1.31242790173839,0.524236006083723,1,"ALDEx2","Proteobacteria","Alphaproteobacteria","Rhodobacterales","Rhodobacteraceae","Phaeobacter"
"ASV51","High temperature vs Control",-0.0370144802301251,-0.139000178378735,2.8332774212349,0.362982454118718,1,"ALDEx2","Proteobacteria","Alphaproteobacteria","Rhodobacterales","Rhodobacteraceae","Sulfitobacter"
"ASV247","High temperature vs Control",-0.0499352908550076,-0.368672285601556,7.17192397239078,0.795220486170737,1,"ALDEx2","Proteobacteria","Alphaproteobacteria","Rhodobacterales","Rhodobacteraceae","Unclassified"
"ASV272","High temperature vs Control",0.0727371473914379,0.520693284410186,7.51037917332069,0.63502072294279,1,"ALDEx2","Proteobacteria","Alphaproteobacteria","Rhodobacterales","Rhodobacteraceae","Unclassified"
"ASV132","High temperature vs Control",-0.0601094845500253,-0.526714317371802,8.51071753166488,0.697069131654951,1,"ALDEx2","Proteobacteria","Alphaproteobacteria","Rhodobacterales","Rhodobacteraceae","Unclassified"
"ASV103","High temperature vs Control",0.250530133823405,1.60532474309476,7.83759593204056,0.234728597735036,1,"ALDEx2","Proteobacteria","Alphaproteobacteria","Rhodobacterales","Rhodobacteraceae","Unclassified"
"ASV708","High temperature vs Control",0.0593869144146987,0.288212618982582,5.51286844263782,0.756194648834059,1,"ALDEx2","Proteobacteria","Alphaproteobacteria","Rhodobacterales","Rhodobacteraceae","Octadecabacter"
"ASV913","High temperature vs Control",-0.0571791523868278,-0.294562690686416,4.81888279981211,0.733304184234584,1,"ALDEx2","Proteobacteria","Alphaproteobacteria","Rhodobacterales","Rhodobacteraceae","Jannaschia"
"ASV397","High temperature vs Control",0.213984651691794,1.37409808459133,6.02791175971662,0.436890734433262,1,"ALDEx2","Proteobacteria","Alphaproteobacteria","Rhodobacterales","Rhodobacteraceae","Jannaschia"
"ASV351","High temperature vs Control",-0.104460297440132,-0.728276717789317,6.2391986773883,0.606296671833039,1,"ALDEx2","Proteobacteria","Alphaproteobacteria","Rhodobacterales","Rhodobacteraceae","Unclassified"
"ASV22","High temperature vs Control",-0.00636761198560137,-0.0154986001563078,1.65504956347684,0.48889542453804,1,"ALDEx2","Proteobacteria","Alphaproteobacteria","Rhodobacterales","Rhodobacteraceae","Pseudooceanicola"
"ASV202","High temperature vs Control",0.22749627474114,1.84519312266628,7.4796679936485,0.379700382583178,1,"ALDEx2","Proteobacteria","Alphaproteobacteria","Rhodobacterales","Rhodobacteraceae","Unclassified"
"ASV142","High temperature vs Control",-0.117992283759766,-0.89592995320688,7.32624836351259,0.706631836188666,1,"ALDEx2","Proteobacteria","Alphaproteobacteria","Rhodobacterales","Rhodobacteraceae","Tateyamaria"
"ASV70","High temperature vs Control",0.0575613538636472,0.421589528367332,8.03967970545993,0.651095841896277,1,"ALDEx2","Proteobacteria","Alphaproteobacteria","Rhodobacterales","Rhodobacteraceae","Tateyamaria"
"ASV738","High temperature vs Control",-0.0930150856163272,-0.583408315120497,4.9999943521839,0.782957614227126,1,"ALDEx2","Proteobacteria","Alphaproteobacteria","Rhodobacterales","Rhodobacteraceae","Unclassified"
"ASV359","High temperature vs Control",0.218898132430156,1.54718275457,7.37218899080147,0.354189636625353,1,"ALDEx2","Proteobacteria","Alphaproteobacteria","Rhodobacterales","Rhodobacteraceae","Unclassified"
"ASV482","High temperature vs Control",-0.152765770227658,-0.906167193950638,5.52125537770419,0.571876208801904,1,"ALDEx2","Proteobacteria","Alphaproteobacteria","Rhodobacterales","Rhodobacteraceae","Unclassified"
"ASV73","High temperature vs Control",-0.0802719003660702,-0.476105224327409,6.20956086106018,0.617012769060785,1,"ALDEx2","Proteobacteria","Alphaproteobacteria","Rhodobacterales","Rhodobacteraceae","Sulfitobacter"
"ASV191","High temperature vs Control",0.226495221819204,1.4430124998184,5.70037018276971,0.37790207636368,1,"ALDEx2","Proteobacteria","Alphaproteobacteria","Rhodobacterales","Rhodobacteraceae","Sulfitobacter"
"ASV371","High temperature vs Control",0.319218835843251,2.42329745173623,6.89666971720075,0.320244607190741,1,"ALDEx2","Proteobacteria","Alphaproteobacteria","Rhodobacterales","Rhodobacteraceae","Sulfitobacter"
"ASV55","High temperature vs Control",0.352859417051583,1.33797749253166,2.40460747276669,0.0375802573531092,1,"ALDEx2","Proteobacteria","Alphaproteobacteria","Rhodobacterales","Rhodobacteraceae","Unclassified"
"ASV1390","High temperature vs Control",-0.0867736377990725,-0.534875691105127,5.1623470708448,0.677979131060008,1,"ALDEx2","Proteobacteria","Alphaproteobacteria","Rhodobacterales","Rhodobacteraceae","Unclassified"
"ASV741","High temperature vs Control",-0.000470972454406988,-0.00316787582475264,5.34463670414769,0.779362445835638,1,"ALDEx2","Proteobacteria","Alphaproteobacteria","Rhodobacterales","Rhodobacteraceae","Unclassified"
"ASV1311","High temperature vs Control",-0.115507259357619,-0.768001071311995,5.29007674771794,0.606918947210893,1,"ALDEx2","Proteobacteria","Alphaproteobacteria","Rhodobacterales","Rhodobacteraceae","Unclassified"
"ASV878","High temperature vs Control",0.0443232168796064,0.322453189867061,5.84928866969198,0.68499340433817,1,"ALDEx2","Proteobacteria","Alphaproteobacteria","Rhodobacterales","Rhodobacteraceae","Unclassified"
"ASV162","High temperature vs Control",0.185285597213367,1.35844905399029,7.10612309263184,0.479181803075534,1,"ALDEx2","Proteobacteria","Alphaproteobacteria","Rhodobacterales","Rhodobacteraceae","Halocynthiibacter"
"ASV405","High temperature vs Control",-0.0883550132697176,-0.617794462580219,6.97163750853227,0.763176527131489,1,"ALDEx2","Proteobacteria","Alphaproteobacteria","Rhodobacterales","Rhodobacteraceae","Halocynthiibacter"
"ASV1130","High temperature vs Control",-0.173238110876589,-1.14626242473039,5.689086935332,0.480778890318872,1,"ALDEx2","Proteobacteria","Alphaproteobacteria","Rhodobacterales","Rhodobacteraceae","Halocynthiibacter"
"ASV367","High temperature vs Control",0.0304207007131527,0.199664602839623,6.20917980882467,0.726339764544084,1,"ALDEx2","Proteobacteria","Alphaproteobacteria","Rhodobacterales","Rhodobacteraceae","Halocynthiibacter"
"ASV510","High temperature vs Control",0.118648470844035,0.86945880978059,6.69318754176272,0.574048362107545,1,"ALDEx2","Proteobacteria","Alphaproteobacteria","Rhodobacterales","Rhodobacteraceae","Unclassified"
"ASV722","High temperature vs Control",0.0701501209564535,0.458145501500105,5.96736316894818,0.717987612944811,1,"ALDEx2","Proteobacteria","Alphaproteobacteria","Rhodobacterales","Rhodobacteraceae","Roseobacter clade CHAB-I-5 lineage"
"ASV532","High temperature vs Control",0.11783559233549,0.769101329380623,5.94505024337104,0.466764548257475,1,"ALDEx2","Proteobacteria","Alphaproteobacteria","Rhodobacterales","Rhodobacteraceae","Planktotalea"
"ASV84","High temperature vs Control",0.147025069621491,1.19798263851299,8.15947505202348,0.561349288021401,1,"ALDEx2","Proteobacteria","Alphaproteobacteria","Rhodobacterales","Rhodobacteraceae","Tropicibacter"
"ASV641","High temperature vs Control",-0.185302214157394,-1.24539824679114,6.18197155881606,0.571176125593537,1,"ALDEx2","Proteobacteria","Alphaproteobacteria","Rhodobacterales","Rhodobacteraceae","Unclassified"
"ASV40","High temperature vs Control",0.090518341521923,0.261958897086218,1.64631529644129,0.0997995312703164,1,"ALDEx2","Proteobacteria","Alphaproteobacteria","Rhodobacterales","Rhodobacteraceae","Unclassified"
"ASV56","High temperature vs Control",0.344660993680151,2.65850762821536,8.08222798567601,0.213378926544935,1,"ALDEx2","Proteobacteria","Alphaproteobacteria","Rhodobacterales","Rhodobacteraceae","Unclassified"
"ASV181","High temperature vs Control",0.0265351180491411,0.229386146605069,8.08468616527459,0.77641778448638,1,"ALDEx2","Proteobacteria","Alphaproteobacteria","Rhodobacterales","Rhodobacteraceae","Marivita"
"ASV391","High temperature vs Control",-0.195045100014099,-1.23794565313782,5.7461877696357,0.501732932872386,1,"ALDEx2","Proteobacteria","Alphaproteobacteria","Rhodobacterales","Rhodobacteraceae","Marivita"
"ASV37","High temperature vs Control",0.371715055670375,2.59538903558574,8.77354695265618,0.236866793609582,1,"ALDEx2","Proteobacteria","Alphaproteobacteria","Rhodobacterales","Rhodobacteraceae","Celeribacter"
"ASV18","High temperature vs Control",0.0891850524549314,0.482729614080457,3.41404062640551,0.876432655248582,1,"ALDEx2","Proteobacteria","Alphaproteobacteria","Rhodobacterales","Rhodobacteraceae","Celeribacter"
"ASV36","High temperature vs Control",0.000380890968835135,0.003302491465484,1.96509320289063,0.786852684010911,1,"ALDEx2","Proteobacteria","Alphaproteobacteria","Rhodobacterales","Rhodobacteraceae","Unclassified"
"ASV400","High temperature vs Control",0.0942328809363499,0.608868000083378,6.69510913593008,0.473606376038815,1,"ALDEx2","Proteobacteria","Alphaproteobacteria","Rhizobiales","Rhizobiaceae","Cohaesibacter"
"ASV254","High temperature vs Control",-0.0541497252917648,-0.319570877087438,6.64227483083885,0.689361035658108,1,"ALDEx2","Proteobacteria","Alphaproteobacteria","Caulobacterales","Hyphomonadaceae","Algimonas"
"ASV616","High temperature vs Control",-0.0426384955691108,-0.260551433289061,5.70231179641978,0.769680705472525,1,"ALDEx2","Proteobacteria","Alphaproteobacteria","Caulobacterales","Hyphomonadaceae","Algimonas"
"ASV403","High temperature vs Control",-0.0629096402206919,-0.371097993247059,6.39222511267332,0.739418355322525,1,"ALDEx2","Proteobacteria","Alphaproteobacteria","Caulobacterales","Hyphomonadaceae","Unclassified"
"ASV521","High temperature vs Control",-0.0927007476927879,-0.616200771791845,5.22427836701201,0.636267069471692,1,"ALDEx2","Proteobacteria","Alphaproteobacteria","Caulobacterales","Hyphomonadaceae","Ponticaulis"
"ASV409","High temperature vs Control",-0.0494640995206323,-0.259436425678283,4.79320356121118,0.75185812296935,1,"ALDEx2","Proteobacteria","Alphaproteobacteria","Caulobacterales","Hyphomonadaceae","Ponticaulis"
"ASV239","High temperature vs Control",-0.0548568549081339,-0.328017938017904,6.33744399982485,0.762577690200693,1,"ALDEx2","Proteobacteria","Alphaproteobacteria","Caulobacterales","Hyphomonadaceae","Henriciella"
"ASV112","High temperature vs Control",0.0439160632304846,0.272913210445161,6.71676126699663,0.832735089896086,1,"ALDEx2","Proteobacteria","Alphaproteobacteria","Caulobacterales","Hyphomonadaceae","Henriciella"
"ASV277","High temperature vs Control",-0.0117720297625684,-0.114934836401737,6.64429837684576,0.841932915489637,1,"ALDEx2","Proteobacteria","Alphaproteobacteria","Caulobacterales","Hyphomonadaceae","Unclassified"
"ASV818","High temperature vs Control",-0.168245740655527,-1.13365362234073,5.67143929457208,0.542923083886825,1,"ALDEx2","Proteobacteria","Alphaproteobacteria","Caulobacterales","Hyphomonadaceae","Unclassified"
"ASV424","High temperature vs Control",-0.0763633911982408,-0.520872313514978,6.46279657754299,0.684316929642831,1,"ALDEx2","Proteobacteria","Alphaproteobacteria","Caulobacterales","Hyphomonadaceae","Hellea"
"ASV46","High temperature vs Control",0.0799199645148025,0.465930411287842,5.97914473028479,0.385465188555969,1,"ALDEx2","Proteobacteria","Alphaproteobacteria","Parvibaculales","PS1 clade","Unclassified"
"ASV419","High temperature vs Control",-0.0603851557950567,-0.435814653465813,7.48051585620989,0.675405738462958,1,"ALDEx2","Proteobacteria","Gammaproteobacteria","Burkholderiales","Methylophilaceae","Methylotenera"
"ASV1448","High temperature vs Control",0.0338799882838786,0.217012259295709,5.98716473256295,0.758233509080126,1,"ALDEx2","Proteobacteria","Gammaproteobacteria","Burkholderiales","Methylophilaceae","Methylotenera"
"ASV81","High temperature vs Control",-0.0287643823870217,-0.18973024512492,5.91889988112489,0.875374092997786,1,"ALDEx2","Proteobacteria","Gammaproteobacteria","Burkholderiales","Methylophilaceae","OM43 clade"
"ASV1342","High temperature vs Control",0.0370014900263892,0.251956275502919,5.3889732602665,0.737490453778616,1,"ALDEx2","Proteobacteria","Gammaproteobacteria","Burkholderiales","Methylophilaceae","OM43 clade"
"ASV484","High temperature vs Control",-0.042355925273075,-0.255804529519301,6.17429437892367,0.794438498395922,1,"ALDEx2","Proteobacteria","Alphaproteobacteria","Sneathiellales","Sneathiellaceae","Sneathiella"
"ASV151","High temperature vs Control",-0.094839120456284,-0.525768346115991,6.00713853193977,0.813285294302436,1,"ALDEx2","Proteobacteria","Alphaproteobacteria","Rickettsiales","SM2D12","Unclassified"
"ASV420","High temperature vs Control",0.000671324863658222,0.00545894388708401,6.55210990830302,0.722281633672247,1,"ALDEx2","Proteobacteria","Gammaproteobacteria","Pseudomonadales","Cellvibrionaceae","Halioxenophilus"
"ASV33","High temperature vs Control",0.0508761207677253,0.268864175706536,2.96381569555104,0.853791613790972,1,"ALDEx2","Proteobacteria","Alphaproteobacteria","Puniceispirillales","SAR116 clade","Candidatus Puniceispirillum"
"ASV936","High temperature vs Control",-0.0733077590644649,-0.498271327398105,5.83950407439558,0.721435971303986,1,"ALDEx2","Proteobacteria","Alphaproteobacteria","Rhodobacterales","Rhodobacteraceae","Unclassified"
"ASV575","High temperature vs Control",0.0390553723350168,0.185951265832836,5.31475655158768,0.665148397048616,1,"ALDEx2","Proteobacteria","Alphaproteobacteria","Rhodobacterales","Rhodobacteraceae","Albirhodobacter"
"ASV317","High temperature vs Control",0.13041307780097,0.763503694250652,6.8547732747736,0.538155672490225,1,"ALDEx2","Proteobacteria","Alphaproteobacteria","Rhodobacterales","Rhodobacteraceae","Paracoccus"
"ASV115","High temperature vs Control",0.0459599793630596,0.265302907737201,4.82537572439523,0.453510583840843,1,"ALDEx2","Proteobacteria","Alphaproteobacteria","Rhodobacterales","Rhodobacteraceae","Paracoccus"
"ASV1052","High temperature vs Control",-0.315394941426541,-2.18556629836055,5.98201266863411,0.289968771877915,1,"ALDEx2","Proteobacteria","Gammaproteobacteria","Pseudomonadales","KI89A clade","Unclassified"
"ASV1246","High temperature vs Control",-0.0443033784372686,-0.328684334150203,4.68982816781825,0.712747923858601,1,"ALDEx2","Proteobacteria","Gammaproteobacteria","Pseudomonadales","KI89A clade","Unclassified"
"ASV340","High temperature vs Control",-0.0574217536989071,-0.378294164325948,5.97789809136762,0.736355781349123,1,"ALDEx2","Proteobacteria","Gammaproteobacteria","Pseudomonadales","KI89A clade","Unclassified"
"ASV899","High temperature vs Control",-0.0166248767728201,-0.119036019355091,5.17207531208249,0.765156770411953,1,"ALDEx2","Proteobacteria","Gammaproteobacteria","Pseudomonadales","KI89A clade","Unclassified"
"ASV442","High temperature vs Control",-0.101214678449437,-0.686992135024995,6.50681462103235,0.69228542891864,1,"ALDEx2","Proteobacteria","Alphaproteobacteria","Rhizobiales","Rhizobiaceae","Unclassified"
"ASV31","High temperature vs Control",0.043021777499662,0.340695226656708,6.16834497397205,0.665197865039328,1,"ALDEx2","Proteobacteria","Alphaproteobacteria","Rhizobiales","Rhizobiaceae","Pseudahrensia"
"ASV90","High temperature vs Control",0.0715494996686122,0.630183897601237,9.3025960591447,0.702891468345718,1,"ALDEx2","Proteobacteria","Alphaproteobacteria","Rhizobiales","Rhizobiaceae","Lentilitoribacter"
"ASV76","High temperature vs Control",-0.0113403514122444,-0.0901923764839649,6.67612019335695,0.837951185432314,1,"ALDEx2","Proteobacteria","Alphaproteobacteria","Kiloniellales","Kiloniellaceae","Unclassified"
"ASV66","High temperature vs Control",-0.152185325495512,-0.751098190322575,3.95592051352588,0.411528894307128,1,"ALDEx2","Proteobacteria","Alphaproteobacteria","Puniceispirillales","SAR116 clade","Unclassified"
"ASV154","High temperature vs Control",-0.0552886078820305,-0.427341358915907,6.67708941018479,0.828393759866856,1,"ALDEx2","Proteobacteria","Alphaproteobacteria","Puniceispirillales","SAR116 clade","Unclassified"
"ASV276","High temperature vs Control",0.245862357134263,1.4788524186104,5.6333764382202,0.439848602587718,1,"ALDEx2","Proteobacteria","Alphaproteobacteria","Puniceispirillales","SAR116 clade","Unclassified"
"ASV117","High temperature vs Control",-0.156240291212154,-1.13522966447667,7.49856640138151,0.565307826633763,1,"ALDEx2","Proteobacteria","Alphaproteobacteria","Rhizobiales","Rhizobiaceae","Unclassified"
"ASV703","High temperature vs Control",0.0287383107501457,0.138909918568589,5.6848455919824,0.721046121205821,1,"ALDEx2","Proteobacteria","Alphaproteobacteria","Rhizobiales","Rhizobiaceae","Pseudaminobacter"
"ASV314","High temperature vs Control",0.0489901983568021,0.339369851246303,7.1996165949576,0.7388243172879,1,"ALDEx2","Proteobacteria","Alphaproteobacteria","Rhizobiales","Rhizobiaceae","Brucella"
"ASV396","High temperature vs Control",0.221918298126966,1.29920343253387,5.31207261035664,0.474754487461145,1,"ALDEx2","Proteobacteria","Alphaproteobacteria","Rhizobiales","Rhizobiaceae","Unclassified"
"ASV199","High temperature vs Control",-0.0511887635418155,-0.352386735368531,6.29258261651463,0.774590140670676,1,"ALDEx2","Proteobacteria","Alphaproteobacteria","Rhizobiales","Methyloligellaceae","Unclassified"
"ASV1360","High temperature vs Control",-0.0390463715076424,-0.195208088275516,4.97395818936275,0.778019006489635,1,"ALDEx2","Proteobacteria","Alphaproteobacteria","Micavibrionales","Micavibrionaceae","Unclassified"
"ASV386","High temperature vs Control",-0.0325776849455189,-0.225856763405898,6.09859502834722,0.789901893089586,1,"ALDEx2","Proteobacteria","Alphaproteobacteria","Micavibrionales","Micavibrionaceae","Unclassified"
"ASV414","High temperature vs Control",-0.164265744002578,-1.00400435543224,5.34954703108011,0.505763991641585,1,"ALDEx2","Proteobacteria","Gammaproteobacteria","Xanthomonadales","Xanthomonadaceae","Arenimonas"
"ASV1021","High temperature vs Control",-0.100567483901055,-0.652185858662628,5.25766233683171,0.642753423421965,1,"ALDEx2","Proteobacteria","Gammaproteobacteria","Xanthomonadales","Xanthomonadaceae","Arenimonas"
"ASV1471","High temperature vs Control",-0.147273949778135,-0.931983942684044,5.74737857761894,0.617634088984571,1,"ALDEx2","Proteobacteria","Alphaproteobacteria","Rhizobiales","Hyphomicrobiaceae","Filomicrobium"
"ASV1603","High temperature vs Control",0.00690043980308409,0.0562664366595378,4.95408909174796,0.706067299406709,1,"ALDEx2","Proteobacteria","Alphaproteobacteria","Rhizobiales","Hyphomicrobiaceae","Filomicrobium"
"ASV661","High temperature vs Control",0.15820872502942,0.917923526683138,5.31574465837753,0.505968387146978,1,"ALDEx2","Proteobacteria","Gammaproteobacteria","Burkholderiales","Nitrosomonadaceae","Nitrosospira"
"ASV458","High temperature vs Control",-0.0789651037685407,-0.518567499031632,5.58452620718677,0.742655042689894,1,"ALDEx2","Proteobacteria","Gammaproteobacteria","Burkholderiales","Nitrosomonadaceae","Nitrosomonas"
"ASV1257","High temperature vs Control",-0.160528026556131,-0.946191749664479,5.12475569308695,0.591655245329717,1,"ALDEx2","Desulfobacterota","Desulfobacteria","Desulfobacterales","Desulfosarcinaceae","Sva0081 sediment group"
"ASV576","High temperature vs Control",-0.075878734954332,-0.469556971376499,5.95358142386681,0.707695255115592,1,"ALDEx2","Acidobacteriota","Holophagae","Acanthopleuribacterales","Acanthopleuribacteraceae","Acanthopleuribacter"
"ASV1096","High temperature vs Control",-0.200911617310485,-1.1254054066069,5.59179350730958,0.55660864169232,1,"ALDEx2","Desulfobacterota","Desulfobacteria","Desulfobacterales","Desulfolunaceae","Desulfofrigus"
"ASV787","High temperature vs Control",-0.0344807469181031,-0.179063570040377,4.88104316574911,0.77820006897154,1,"ALDEx2","Nitrospinota","Nitrospinia","Nitrospinales","Nitrospinaceae","Nitrospina"
"ASV449","High temperature vs Control",0.0709668493757846,0.466420531484987,5.67237427739205,0.634998917801317,1,"ALDEx2","Nitrospinota","Nitrospinia","Nitrospinales","Nitrospinaceae","LS-NOB"
"ASV232","High temperature vs Control",-0.360279592976986,-2.40025640908736,6.00009208145004,0.231478938813768,1,"ALDEx2","Nitrospinota","Nitrospinia","Nitrospinales","Nitrospinaceae","LS-NOB"
"ASV80","High temperature vs Control",0.127594847544092,0.864268302290407,7.12753814374799,0.429584952989338,1,"ALDEx2","Bdellovibrionota","Bdellovibrionia","Bdellovibrionales","Bdellovibrionaceae","OM27 clade"
"ASV190","High temperature vs Control",0.0548844011085597,0.429080242516219,7.99012010561338,0.740725798773658,1,"ALDEx2","Bdellovibrionota","Bdellovibrionia","Bdellovibrionales","Bdellovibrionaceae","OM27 clade"
"ASV563","High temperature vs Control",-0.0729231237868571,-0.462733825068219,6.34032407376301,0.74203008400055,1,"ALDEx2","Bdellovibrionota","Bdellovibrionia","Bdellovibrionales","Bdellovibrionaceae","OM27 clade"
"ASV475","High temperature vs Control",0.112535127052333,0.774826782567473,5.91165963117291,0.611923765037047,1,"ALDEx2","Bdellovibrionota","Bdellovibrionia","Bdellovibrionales","Bdellovibrionaceae","OM27 clade"
"ASV1268","High temperature vs Control",-0.171195542064267,-1.02252856165041,5.52869391853666,0.616246832371582,1,"ALDEx2","Bdellovibrionota","Bdellovibrionia","Bdellovibrionales","Bdellovibrionaceae","OM27 clade"
"ASV2066","High temperature vs Control",0.112049409791523,0.669944300737536,5.50540869602341,0.536712448226875,1,"ALDEx2","Bdellovibrionota","Bdellovibrionia","Bdellovibrionales","Bdellovibrionaceae","OM27 clade"
"ASV859","High temperature vs Control",0.0235594907671693,0.138188761554371,5.87354592417382,0.791843635953071,1,"ALDEx2","Bdellovibrionota","Bdellovibrionia","Bdellovibrionales","Bdellovibrionaceae","OM27 clade"
"ASV1016","High temperature vs Control",-0.0660335735437403,-0.361540232869288,4.93258489360363,0.7296629499618,1,"ALDEx2","Bdellovibrionota","Bdellovibrionia","Bdellovibrionales","Bdellovibrionaceae","OM27 clade"
"ASV705","High temperature vs Control",-0.0148420954088107,-0.0726132723756914,5.11616383417567,0.72338867010334,1,"ALDEx2","Myxococcota","Polyangia","Nannocystales","Nannocystaceae","Unclassified"
"ASV2534","High temperature vs Control",-0.101655371696061,-0.524584435511992,5.21765889133902,0.700317061037828,1,"ALDEx2","Chloroflexi","Anaerolineae","SBR1031","A4b","Unclassified"
"ASV3804","High temperature vs Control",-0.0851680885060097,-0.417676907001312,4.74626971708552,0.702349928715633,1,"ALDEx2","Chloroflexi","Anaerolineae","SBR1031","A4b","Unclassified"
"ASV555","High temperature vs Control",-0.0956745183346719,-0.551234375179506,5.30401039699055,0.683029547013643,1,"ALDEx2","Firmicutes","Bacilli","Mycoplasmatales","Mycoplasmataceae","Unclassified"
"ASV689","High temperature vs Control",-0.0234786007769285,-0.119458790267469,5.09562780932694,0.764615997501629,1,"ALDEx2","Bdellovibrionota","Bdellovibrionia","Bdellovibrionales","Bdellovibrionaceae","Bdellovibrio"
"ASV730","High temperature vs Control",-0.159064712333959,-0.938229051077941,5.52932946831275,0.582079288438565,1,"ALDEx2","Bdellovibrionota","Bdellovibrionia","Bdellovibrionales","Bdellovibrionaceae","Bdellovibrio"
"ASV1949","High temperature vs Control",-0.00632510216829776,-0.0329366172042977,4.63688047942682,0.759944063127182,1,"ALDEx2","Bdellovibrionota","Bdellovibrionia","Bacteriovoracales","Bacteriovoracaceae","Unclassified"
"ASV775","High temperature vs Control",0.00857964963525187,0.0570866111332968,5.0571392075274,0.7279425222109,1,"ALDEx2","Bdellovibrionota","Bdellovibrionia","Bacteriovoracales","Bacteriovoracaceae","Unclassified"
"ASV585","High temperature vs Control",-0.155605363363623,-0.994862209885693,6.09548461204937,0.625421335736357,1,"ALDEx2","Desulfobacterota","Desulfobulbia","Desulfobulbales","Desulfocapsaceae","Unclassified"
"ASV864","High temperature vs Control",-0.0684796875617674,-0.31850982145455,5.10779872551091,0.685543265369025,1,"ALDEx2","Desulfobacterota","Desulfobulbia","Desulfobulbales","Desulfocapsaceae","Unclassified"
"ASV1896","High temperature vs Control",0.0870523458174931,0.536478512968439,5.31180948375508,0.645674386581011,1,"ALDEx2","Actinobacteriota","Acidimicrobiia","Microtrichales","Microtrichaceae","Sva0996 marine group"
"ASV491","High temperature vs Control",0.0148208759721262,0.0894973893352837,5.85672342045866,0.77319104607069,1,"ALDEx2","Actinobacteriota","Acidimicrobiia","Microtrichales","Microtrichaceae","Sva0996 marine group"
"ASV119","High temperature vs Control",0.0168982022329211,0.124261026567468,7.45089477405914,0.800246781340998,1,"ALDEx2","Actinobacteriota","Acidimicrobiia","Microtrichales","Microtrichaceae","Sva0996 marine group"
"ASV262","High temperature vs Control",-0.0849195124336944,-0.563331466742879,6.64712146070719,0.712609229138307,1,"ALDEx2","Actinobacteriota","Acidimicrobiia","Microtrichales","Microtrichaceae","Sva0996 marine group"
"ASV356","High temperature vs Control",-0.0795911888038253,-0.563919052578729,6.19570780031684,0.755234359194502,1,"ALDEx2","Actinobacteriota","Acidimicrobiia","Microtrichales","Microtrichaceae","Sva0996 marine group"
"ASV520","High temperature vs Control",0.145273891704062,0.877331135865794,5.32375917009713,0.568907459939528,1,"ALDEx2","Actinobacteriota","Acidimicrobiia","Microtrichales","Microtrichaceae","Sva0996 marine group"
"ASV1262","High temperature vs Control",-0.102636375502198,-0.579983259997593,4.97618565553959,0.626670914801405,1,"ALDEx2","Actinobacteriota","Acidimicrobiia","Microtrichales","Microtrichaceae","Sva0996 marine group"
"ASV471","High temperature vs Control",-0.0496228563743771,-0.385062964074241,5.73869838165353,0.803754932612143,1,"ALDEx2","Actinobacteriota","Acidimicrobiia","Microtrichales","Microtrichaceae","Sva0996 marine group"
"ASV49","High temperature vs Control",-0.0169205374949255,-0.0965959161652625,5.03260162510307,0.739801058771395,1,"ALDEx2","Actinobacteriota","Acidimicrobiia","Actinomarinales","Actinomarinaceae","Candidatus Actinomarina"
"ASV1091","High temperature vs Control",-0.0160118072874239,-0.12449532775344,5.59867015575779,0.796741874433179,1,"ALDEx2","Actinobacteriota","Acidimicrobiia","Microtrichales","Microtrichaceae","Sva0996 marine group"
"ASV486","High temperature vs Control",-0.304075908424914,-1.91676816548431,6.23433928977078,0.259023556119529,1,"ALDEx2","Proteobacteria","Alphaproteobacteria","Caulobacterales","Caulobacteraceae","Brevundimonas"
"ASV574","High temperature vs Control",0.00619812443552949,0.0389351043718191,6.04610682386425,0.775675500995945,1,"ALDEx2","Proteobacteria","Alphaproteobacteria","Caulobacterales","Caulobacteraceae","Unclassified"
"ASV287","High temperature vs Control",-0.183459941232738,-1.20005442775525,6.08558506348593,0.57630948465432,1,"ALDEx2","Proteobacteria","Alphaproteobacteria","Caulobacterales","Caulobacteraceae","Unclassified"
"ASV490","High temperature vs Control",0.0479197460419261,0.377040750530592,6.33618357126571,0.785656097211918,1,"ALDEx2","Proteobacteria","Alphaproteobacteria","Caulobacterales","Caulobacteraceae","Caulobacter"
"ASV315","High temperature vs Control",0.282377313084596,1.77972546668907,5.83483201887856,0.406031912392639,1,"ALDEx2","Proteobacteria","Gammaproteobacteria","Pseudomonadales","Halieaceae","OM60(NOR5) clade"
"ASV479","High temperature vs Control",0.0690507924001302,0.399137204410947,5.03665613026286,0.666273153599044,1,"ALDEx2","Proteobacteria","Gammaproteobacteria","Pseudomonadales","Halieaceae","Unclassified"
"ASV511","High temperature vs Control",0.300764597282889,1.82172509929627,5.84688133206949,0.325597361235349,1,"ALDEx2","Proteobacteria","Gammaproteobacteria","Pseudomonadales","Halieaceae","Marimicrobium"
"ASV556","High temperature vs Control",0.11796732164671,0.832856070953242,6.07665013932557,0.694081101317226,1,"ALDEx2","Proteobacteria","Gammaproteobacteria","Pseudomonadales","Halieaceae","Marimicrobium"
"ASV638","High temperature vs Control",0.0587856011500448,0.387563222759657,6.16964526105997,0.759371451444904,1,"ALDEx2","Proteobacteria","Gammaproteobacteria","Pseudomonadales","Halieaceae","Marimicrobium"
"ASV305","High temperature vs Control",-0.179161243162147,-1.35526055398978,6.46532288075474,0.495132796262722,1,"ALDEx2","Proteobacteria","Gammaproteobacteria","Pseudomonadales","Halieaceae","Marimicrobium"
"ASV764","High temperature vs Control",-0.108002482626248,-0.697921000187995,5.12083586902246,0.636688988843809,1,"ALDEx2","Proteobacteria","Gammaproteobacteria","Pseudomonadales","Halieaceae","Marimicrobium"
"ASV208","High temperature vs Control",0.0784561013720371,0.542807056250488,6.12934365138869,0.648847793165032,1,"ALDEx2","Proteobacteria","Gammaproteobacteria","Pseudomonadales","Halieaceae","OM60(NOR5) clade"
"ASV107","High temperature vs Control",-0.154258524645046,-0.725552099916567,4.04386630915434,0.651495775356993,1,"ALDEx2","Proteobacteria","Gammaproteobacteria","Pseudomonadales","Halieaceae","Luminiphilus"
"ASV35","High temperature vs Control",0.0880502151875477,0.213733112556387,1.28688388807517,0.651237676354391,1,"ALDEx2","Proteobacteria","Gammaproteobacteria","Pseudomonadales","Halieaceae","OM60(NOR5) clade"
"ASV293","High temperature vs Control",0.0260752960885548,0.166301679811574,5.42670939890749,0.776880777077422,1,"ALDEx2","Proteobacteria","Gammaproteobacteria","Pseudomonadales","Halieaceae","Luminiphilus"
"ASV390","High temperature vs Control",0.0574046436274742,0.431523978132653,6.70423885713614,0.684411695881498,1,"ALDEx2","Proteobacteria","Gammaproteobacteria","Pseudomonadales","Halieaceae","Halioglobus"
"ASV463","High temperature vs Control",-0.140313463937473,-0.971182079362344,5.81123476366258,0.48310244716489,1,"ALDEx2","Proteobacteria","Gammaproteobacteria","Pseudomonadales","Halieaceae","Halioglobus"
"ASV206","High temperature vs Control",-0.0954306220088884,-0.723316203218222,6.26751921207783,0.639692563459546,1,"ALDEx2","Proteobacteria","Gammaproteobacteria","Pseudomonadales","Halieaceae","Halioglobus"
"ASV838","High temperature vs Control",0.108840803089321,0.691644454667526,5.26374809356057,0.608342401192464,1,"ALDEx2","Proteobacteria","Gammaproteobacteria","Pseudomonadales","Spongiibacteraceae","Spongiibacter"
"ASV598","High temperature vs Control",0.331168196604949,2.24516380645967,6.0123431601687,0.311992932191639,1,"ALDEx2","Proteobacteria","Gammaproteobacteria","Pseudomonadales","Halieaceae","Unclassified"
"ASV413","High temperature vs Control",0.223043035872604,1.25710506757643,5.23586408753821,0.433097374708158,1,"ALDEx2","Proteobacteria","Gammaproteobacteria","Pseudomonadales","Halieaceae","Halioglobus"
"ASV274","High temperature vs Control",-0.24214942354646,-1.5870720051713,7.29450576665254,0.402163304065203,1,"ALDEx2","Proteobacteria","Gammaproteobacteria","Pseudomonadales","Halieaceae","OM60(NOR5) clade"
"ASV825","High temperature vs Control",0.0201613790415758,0.126717770065508,5.09801818344131,0.736429985781788,1,"ALDEx2","Proteobacteria","Gammaproteobacteria","Pseudomonadales","Halieaceae","Halioglobus"
"ASV642","High temperature vs Control",0.0332303926151342,0.198996160435759,5.46228973949094,0.681477365531765,1,"ALDEx2","Proteobacteria","Gammaproteobacteria","Pseudomonadales","Halieaceae","Halioglobus"
"ASV538","High temperature vs Control",-0.0671111820130277,-0.528224820497952,6.8308650200653,0.780051636658187,1,"ALDEx2","Proteobacteria","Gammaproteobacteria","Pseudomonadales","Spongiibacteraceae","Unclassified"
"ASV1069","High temperature vs Control",-0.00787642358995975,-0.0352060599568453,5.15865048738609,0.778066056219166,1,"ALDEx2","Proteobacteria","Gammaproteobacteria","Pseudomonadales","Spongiibacteraceae","Dasania"
"ASV237","High temperature vs Control",-0.0561288149999828,-0.411665844270541,7.01443957480766,0.748975189564344,1,"ALDEx2","Proteobacteria","Alphaproteobacteria","Rhodospirillales","Terasakiellaceae","Terasakiella"
"ASV321","High temperature vs Control",-0.0720753617583474,-0.475571057605827,4.99724125721212,0.673328419510854,1,"ALDEx2","Proteobacteria","Alphaproteobacteria","Parvibaculales","OCS116 clade","Unclassified"
"ASV879","High temperature vs Control",-0.0173936540641776,-0.108537314660122,5.10750905425512,0.777672407335125,1,"ALDEx2","Proteobacteria","Alphaproteobacteria","Parvibaculales","OCS116 clade","Unclassified"
"ASV509","High temperature vs Control",0.0417564312344858,0.270856922158956,6.29739012879446,0.731363148853233,1,"ALDEx2","Proteobacteria","Alphaproteobacteria","Rhizobiales","Rhizobiaceae","Unclassified"
"ASV163","Antibiotics + HT vs Control",1.89727988461044,NA,NA,0.000333950904383614,0.05543585012768,"ANCOMBC2","Planctomycetota","Planctomycetes","Pirellulales","Pirellulaceae","Blastopirellula"
"ASV270","Antibiotics + HT vs Control",-1.54169979586834,NA,NA,0.00287506337312498,0.079543419989791,"ANCOMBC2","Proteobacteria","Gammaproteobacteria","Enterobacterales","Colwelliaceae","Colwellia"
"ASV50","Antibiotics + HT vs Control",-1.38384544792516,NA,NA,0.00111573134968505,0.079543419989791,"ANCOMBC2","Bacteroidota","Bacteroidia","Flavobacteriales","Crocinitomicaceae","Salinirepens"
"ASV63","Antibiotics + HT vs Control",-1.76831206375848,NA,NA,0.0026415467188878,0.079543419989791,"ANCOMBC2","Proteobacteria","Gammaproteobacteria","Pseudomonadales","Cellvibrionaceae","Unclassified"
"ASV29","Antibiotics + HT vs Control",1.86008578168658,NA,NA,0.00149692487382167,0.079543419989791,"ANCOMBC2","Proteobacteria","Gammaproteobacteria","Enterobacterales","Alteromonadaceae","Unclassified"
"ASV405","Antibiotics + HT vs Control",-1.32197636150115,NA,NA,0.00234333540530452,0.079543419989791,"ANCOMBC2","Proteobacteria","Alphaproteobacteria","Rhodobacterales","Rhodobacteraceae","Halocynthiibacter"
"ASV27","Antibiotics + HT vs Control",-1.34932542616332,NA,NA,0.00382255914524693,0.0906492597301415,"ANCOMBC2","Bacteroidota","Bacteroidia","Flavobacteriales","Crocinitomicaceae","Salinirepens"
"ASV105","Antibiotics + HT vs Control",1.54104153404639,NA,NA,0.00571570591046274,0.0948807181136815,"ANCOMBC2","Firmicutes","Bacilli","Mycoplasmatales","Mycoplasmataceae","Mycoplasma"
"ASV180","Antibiotics + HT vs Control",1.023259922877,NA,NA,0.00558917805331689,0.0948807181136815,"ANCOMBC2","Proteobacteria","Gammaproteobacteria","Pseudomonadales","Thioglobaceae","Candidatus Thioglobus"
"ASV78","Antibiotics + HT vs Control",-0.898822614405284,NA,NA,0.00493444290170229,0.0948807181136815,"ANCOMBC2","Proteobacteria","Gammaproteobacteria","Enterobacterales","Vibrionaceae","Aliivibrio"
"ASV190","Antibiotics + HT vs Control",-1.15239004996254,NA,NA,0.0107582301888011,0.162351473758271,"ANCOMBC2","Bdellovibrionota","Bdellovibrionia","Bdellovibrionales","Bdellovibrionaceae","OM27 clade"
"ASV404","Antibiotics + HT vs Control",-0.923605882085391,NA,NA,0.0217650166313279,0.21226618899304,"ANCOMBC2","Bacteroidota","Rhodothermia","Balneolales","Balneolaceae","Unclassified"
"ASV148","Antibiotics + HT vs Control",1.0259145130582,NA,NA,0.0192341337854778,0.21226618899304,"ANCOMBC2","Bacteroidota","Bacteroidia","Flavobacteriales","Flavobacteriaceae","Muricauda"
"ASV166","Antibiotics + HT vs Control",0.958805203758606,NA,NA,0.0243573083116539,0.21226618899304,"ANCOMBC2","Bacteroidota","Bacteroidia","Flavobacteriales","Flavobacteriaceae","Olleya"
"ASV124","Antibiotics + HT vs Control",-0.986024410036136,NA,NA,0.0206502074880107,0.21226618899304,"ANCOMBC2","Bacteroidota","Bacteroidia","Flavobacteriales","Flavobacteriaceae","Gramella"
"ASV32","Antibiotics + HT vs Control",1.47729128459555,NA,NA,0.0195130960754753,0.21226618899304,"ANCOMBC2","Bacteroidota","Bacteroidia","Flavobacteriales","Flavobacteriaceae","Flavobacterium"
"ASV478","Antibiotics + HT vs Control",0.996684008682894,NA,NA,0.0187533611568288,0.21226618899304,"ANCOMBC2","Bacteroidota","Bacteroidia","Chitinophagales","Saprospiraceae","Unclassified"
"ASV96","Antibiotics + HT vs Control",-1.18064727993479,NA,NA,0.0186391964378371,0.21226618899304,"ANCOMBC2","Proteobacteria","Gammaproteobacteria","Enterobacterales","Colwelliaceae","Unclassified"
"ASV132","Antibiotics + HT vs Control",-0.965378711922135,NA,NA,0.0242985099298242,0.21226618899304,"ANCOMBC2","Proteobacteria","Alphaproteobacteria","Rhodobacterales","Rhodobacteraceae","Unclassified"
"ASV98","Antibiotics + HT vs Control",-0.749628349822397,NA,NA,0.0268529516196015,0.21226618899304,"ANCOMBC2","Proteobacteria","Alphaproteobacteria","Rhodobacterales","Rhodobacteraceae","Oceanibulbus"
"ASV538","Antibiotics + HT vs Control",-1.06603901213773,NA,NA,0.025633859137947,0.21226618899304,"ANCOMBC2","Proteobacteria","Gammaproteobacteria","Pseudomonadales","Spongiibacteraceae","Unclassified"
"ASV419","Antibiotics + HT vs Control",-0.762832160626149,NA,NA,0.0298147415066279,0.224965776822738,"ANCOMBC2","Proteobacteria","Gammaproteobacteria","Burkholderiales","Methylophilaceae","Methylotenera"
"ASV222","Antibiotics + HT vs Control",0.819996822339351,NA,NA,0.0329192470519977,0.227691458776317,"ANCOMBC2","Bacteroidota","Bacteroidia","Chitinophagales","Saprospiraceae","Aureispira"
"ASV90","Antibiotics + HT vs Control",-0.956903712361164,NA,NA,0.0323004639135951,0.227691458776317,"ANCOMBC2","Proteobacteria","Alphaproteobacteria","Rhizobiales","Rhizobiaceae","Lentilitoribacter"
"ASV273","Antibiotics + HT vs Control",-0.704764742569785,NA,NA,0.0356753630215576,0.229523408907272,"ANCOMBC2","Bacteroidota","Bacteroidia","Flavobacteriales","Flavobacteriaceae","Unclassified"
"ASV30","Antibiotics + HT vs Control",1.30004726161646,NA,NA,0.0359494495878859,0.229523408907272,"ANCOMBC2","Proteobacteria","Gammaproteobacteria","Enterobacterales","Alteromonadaceae","Alteromonas"
"ASV160","Antibiotics + HT vs Control",0.7346550923979,NA,NA,0.0408546940933548,0.251180711833218,"ANCOMBC2","Proteobacteria","Gammaproteobacteria","Enterobacterales","Colwelliaceae","Thalassotalea"
"ASV785","Antibiotics + HT vs Control",0.63145856048759,NA,NA,0.0494855190709031,0.293378434491783,"ANCOMBC2","Nitrospirota","Nitrospiria","Nitrospirales","Nitrospiraceae","Nitrospira"
"ASV100","Antibiotics + HT vs Control",0.729297705301304,NA,NA,0.0532612321624105,0.293703268814185,"ANCOMBC2","Proteobacteria","Gammaproteobacteria","Pseudomonadales","Alcanivoracaceae","Ketobacter"
"ASV362","Antibiotics + HT vs Control",-0.819246021573835,NA,NA,0.0619253880029908,0.293703268814185,"ANCOMBC2","Proteobacteria","Gammaproteobacteria","Pseudomonadales","Oleiphilaceae","Oleiphilus"
"ASV1022","Antibiotics + HT vs Control",-0.720694247734351,NA,NA,0.0588629915686686,0.293703268814185,"ANCOMBC2","Bacteroidota","Bacteroidia","Flavobacteriales","Flavobacteriaceae","Lutaonella"
"ASV343","Antibiotics + HT vs Control",0.692753416570861,NA,NA,0.0591295774813786,0.293703268814185,"ANCOMBC2","Bacteroidota","Bacteroidia","Flavobacteriales","Crocinitomicaceae","Fluviicola"
"ASV64","Antibiotics + HT vs Control",0.91940611921649,NA,NA,0.0613633538646139,0.293703268814185,"ANCOMBC2","Proteobacteria","Gammaproteobacteria","Enterobacterales","Pseudoalteromonadaceae","Pseudoalteromonas"
"ASV115","Antibiotics + HT vs Control",-0.695835088189007,NA,NA,0.0558958619367295,0.293703268814185,"ANCOMBC2","Proteobacteria","Alphaproteobacteria","Rhodobacterales","Rhodobacteraceae","Paracoccus"
"ASV80","Antibiotics + HT vs Control",-0.758204469884458,NA,NA,0.0611928348717957,0.293703268814185,"ANCOMBC2","Bdellovibrionota","Bdellovibrionia","Bdellovibrionales","Bdellovibrionaceae","OM27 clade"
"ASV369","Antibiotics + HT vs Control",0.678211387625869,NA,NA,0.0672526950633936,0.301728307581712,"ANCOMBC2","Proteobacteria","Alphaproteobacteria","Rhizobiales","Stappiaceae","Labrenzia"
"ASV37","Antibiotics + HT vs Control",-0.722315897954994,NA,NA,0.0659658439727877,0.301728307581712,"ANCOMBC2","Proteobacteria","Alphaproteobacteria","Rhodobacterales","Rhodobacteraceae","Celeribacter"
"ASV287","Antibiotics + HT vs Control",0.83293409355479,NA,NA,0.0701346897924004,0.306377855408907,"ANCOMBC2","Proteobacteria","Alphaproteobacteria","Caulobacterales","Caulobacteraceae","Unclassified"
"ASV264","Antibiotics + HT vs Control",-0.701522261540635,NA,NA,0.072928367872326,0.310413052995029,"ANCOMBC2","Bacteroidota","Bacteroidia","Chitinophagales","Saprospiraceae","Unclassified"
"ASV77","Antibiotics + HT vs Control",0.650614927372576,NA,NA,0.0749503580380324,0.311043985857835,"ANCOMBC2","Bacteroidota","Bacteroidia","Flavobacteriales","Flavobacteriaceae","Kordia"
"ASV305","Antibiotics + HT vs Control",-0.593891473508106,NA,NA,0.0775426662247637,0.31395323398319,"ANCOMBC2","Proteobacteria","Gammaproteobacteria","Pseudomonadales","Halieaceae","Marimicrobium"
"ASV139","Antibiotics + HT vs Control",-0.627496820805994,NA,NA,0.100241264486021,0.396191664397132,"ANCOMBC2","Bacteroidota","Bacteroidia","Flavobacteriales","Flavobacteriaceae","NS4 marine group"
"ASV101","Antibiotics + HT vs Control",-0.616020841197555,NA,NA,0.104266921777023,0.402518814301995,"ANCOMBC2","Proteobacteria","Alphaproteobacteria","SAR11 clade","Clade I","Clade Ia"
"ASV138","Antibiotics + HT vs Control",0.4811558104947,NA,NA,0.118481332104408,0.440382144954021,"ANCOMBC2","Bacteroidota","Bacteroidia","Flavobacteriales","Flavobacteriaceae","Unclassified"
"ASV424","Antibiotics + HT vs Control",-0.529236249979121,NA,NA,0.119380701945367,0.440382144954021,"ANCOMBC2","Proteobacteria","Alphaproteobacteria","Caulobacterales","Hyphomonadaceae","Hellea"
"ASV250","Antibiotics + HT vs Control",0.516679411503509,NA,NA,0.138358099176676,0.441403657687197,"ANCOMBC2","Proteobacteria","Gammaproteobacteria","Enterobacterales","Psychromonadaceae","Psychromonas"
"ASV52","Antibiotics + HT vs Control",0.432594959929454,NA,NA,0.145318833756491,0.441403657687197,"ANCOMBC2","Bacteroidota","Bacteroidia","Flavobacteriales","Flavobacteriaceae","Aurantivirga"
"ASV336","Antibiotics + HT vs Control",0.486092867602655,NA,NA,0.146248199836119,0.441403657687197,"ANCOMBC2","Bacteroidota","Bacteroidia","Chitinophagales","Saprospiraceae","Unclassified"
"ASV2","Antibiotics + HT vs Control",1.15605088238532,NA,NA,0.136619892380185,0.441403657687197,"ANCOMBC2","Proteobacteria","Gammaproteobacteria","Enterobacterales","Alteromonadaceae","Alteromonas"
"ASV16","Antibiotics + HT vs Control",0.94215158971051,NA,NA,0.137094951444948,0.441403657687197,"ANCOMBC2","Proteobacteria","Gammaproteobacteria","Enterobacterales","Alteromonadaceae","Alteromonas"
"ASV13","Antibiotics + HT vs Control",0.959375340887013,NA,NA,0.130091118241172,0.441403657687197,"ANCOMBC2","Proteobacteria","Gammaproteobacteria","Enterobacterales","Alteromonadaceae","Unclassified"
"ASV128","Antibiotics + HT vs Control",0.480131344963157,NA,NA,0.127492820093156,0.441403657687197,"ANCOMBC2","Proteobacteria","Gammaproteobacteria","Pseudomonadales","SAR86 clade","Unclassified"
"ASV20","Antibiotics + HT vs Control",0.524726238514673,NA,NA,0.137110958701668,0.441403657687197,"ANCOMBC2","Proteobacteria","Alphaproteobacteria","Rhodobacterales","Rhodobacteraceae","Planktomarina"
"ASV48","Antibiotics + HT vs Control",-0.51863881029336,NA,NA,0.136484574765032,0.441403657687197,"ANCOMBC2","Proteobacteria","Alphaproteobacteria","Rhodobacterales","Rhodobacteraceae","Oceanibulbus"
"ASV356","Antibiotics + HT vs Control",0.561820041036717,NA,NA,0.145366391974994,0.441403657687197,"ANCOMBC2","Actinobacteriota","Acidimicrobiia","Microtrichales","Microtrichaceae","Sva0996 marine group"
"ASV53","Antibiotics + HT vs Control",0.578285326088022,NA,NA,0.150637359830159,0.442558089652584,"ANCOMBC2","Proteobacteria","Gammaproteobacteria","Pseudomonadales","Alcanivoracaceae","Ketobacter"
"ASV210","Antibiotics + HT vs Control",0.443139035405836,NA,NA,0.151962717531309,0.442558089652584,"ANCOMBC2","Bacteroidota","Bacteroidia","Flavobacteriales","Flavobacteriaceae","NS4 marine group"
"ASV92","Antibiotics + HT vs Control",-0.545383703416417,NA,NA,0.161436356055847,0.446640585087844,"ANCOMBC2","Bacteroidota","Bacteroidia","Flavobacteriales","Flavobacteriaceae","Polaribacter"
"ASV193","Antibiotics + HT vs Control",0.519886714223528,NA,NA,0.158850511472379,0.446640585087844,"ANCOMBC2","Bacteroidota","Bacteroidia","Chitinophagales","Saprospiraceae","Lewinella"
"ASV103","Antibiotics + HT vs Control",-0.453070649728535,NA,NA,0.161350554561201,0.446640585087844,"ANCOMBC2","Proteobacteria","Alphaproteobacteria","Rhodobacterales","Rhodobacteraceae","Unclassified"
"ASV150","Antibiotics + HT vs Control",0.680856313274462,NA,NA,0.172843079671153,0.470359856154286,"ANCOMBC2","Proteobacteria","Alphaproteobacteria","Rhodospirillales","AEGEAN-169 marine group","Unclassified"
"ASV224","Antibiotics + HT vs Control",0.439021572129223,NA,NA,0.17795010868619,0.476447065192056,"ANCOMBC2","Proteobacteria","Alphaproteobacteria","Rhizobiales","Rhizobiaceae","Unclassified"
"ASV120","Antibiotics + HT vs Control",0.562815472065144,NA,NA,0.190049560812532,0.47800344083152,"ANCOMBC2","Proteobacteria","Gammaproteobacteria","Pseudomonadales","Pseudomonadaceae","Pseudomonas"
"ASV55","Antibiotics + HT vs Control",0.50347083465352,NA,NA,0.185710658887102,0.47800344083152,"ANCOMBC2","Proteobacteria","Alphaproteobacteria","Rhodobacterales","Rhodobacteraceae","Unclassified"
"ASV33","Antibiotics + HT vs Control",0.705009533824938,NA,NA,0.189827400521191,0.47800344083152,"ANCOMBC2","Proteobacteria","Alphaproteobacteria","Puniceispirillales","SAR116 clade","Candidatus Puniceispirillum"
"ASV107","Antibiotics + HT vs Control",-0.420044289094638,NA,NA,0.185245914113901,0.47800344083152,"ANCOMBC2","Proteobacteria","Gammaproteobacteria","Pseudomonadales","Halieaceae","Luminiphilus"
"ASV46","Antibiotics + HT vs Control",0.590717863840576,NA,NA,0.200050868999027,0.495648421699081,"ANCOMBC2","Proteobacteria","Alphaproteobacteria","Parvibaculales","PS1 clade","Unclassified"
"ASV85","Antibiotics + HT vs Control",-0.433001520349039,NA,NA,0.217497198361149,0.495866338865998,"ANCOMBC2","Bacteroidota","Bacteroidia","Flavobacteriales","Flavobacteriaceae","Unclassified"
"ASV94","Antibiotics + HT vs Control",0.50046982609101,NA,NA,0.209431958154556,0.495866338865998,"ANCOMBC2","Bacteroidota","Bacteroidia","Flavobacteriales","Cryomorphaceae","Unclassified"
"ASV562","Antibiotics + HT vs Control",-0.533292142051393,NA,NA,0.215424782927023,0.495866338865998,"ANCOMBC2","Bacteroidota","Bacteroidia","Chitinophagales","Saprospiraceae","Unclassified"
"ASV171","Antibiotics + HT vs Control",-0.380099276487789,NA,NA,0.230010289714951,0.495866338865998,"ANCOMBC2","Actinobacteriota","Acidimicrobiia","Microtrichales","Microtrichaceae","Unclassified"
"ASV109","Antibiotics + HT vs Control",0.393081660643694,NA,NA,0.227170984325002,0.495866338865998,"ANCOMBC2","Proteobacteria","Alphaproteobacteria","SAR11 clade","Clade II","Unclassified"
"ASV15","Antibiotics + HT vs Control",0.691037112376022,NA,NA,0.225238436507611,0.495866338865998,"ANCOMBC2","Proteobacteria","Alphaproteobacteria","Sphingomonadales","Sphingomonadaceae","Blastomonas"
"ASV111","Antibiotics + HT vs Control",0.358597255003432,NA,NA,0.222839869373424,0.495866338865998,"ANCOMBC2","Proteobacteria","Gammaproteobacteria","Enterobacterales","Colwelliaceae","Colwellia"
"ASV84","Antibiotics + HT vs Control",0.402647650218825,NA,NA,0.211441799369455,0.495866338865998,"ANCOMBC2","Proteobacteria","Alphaproteobacteria","Rhodobacterales","Rhodobacteraceae","Tropicibacter"
"ASV208","Antibiotics + HT vs Control",0.380654322704038,NA,NA,0.22577192480895,0.495866338865998,"ANCOMBC2","Proteobacteria","Gammaproteobacteria","Pseudomonadales","Halieaceae","OM60(NOR5) clade"
"ASV35","Antibiotics + HT vs Control",0.386755296090454,NA,NA,0.221569386655148,0.495866338865998,"ANCOMBC2","Proteobacteria","Gammaproteobacteria","Pseudomonadales","Halieaceae","OM60(NOR5) clade"
"ASV61","Antibiotics + HT vs Control",-0.558954975775781,NA,NA,0.241315000634047,0.513567821862202,"ANCOMBC2","Proteobacteria","Gammaproteobacteria","Enterobacterales","Alteromonadaceae","Unclassified"
"ASV203","Antibiotics + HT vs Control",0.352485442849096,NA,NA,0.248528521054303,0.522224487278661,"ANCOMBC2","Proteobacteria","Gammaproteobacteria","Pseudomonadales","Pseudohongiellaceae","Pseudohongiella"
"ASV152","Antibiotics + HT vs Control",-0.355419691610951,NA,NA,0.26275385608513,0.538483211236192,"ANCOMBC2","Actinobacteriota","Acidimicrobiia","Microtrichales","Ilumatobacteraceae","Ilumatobacter"
"ASV236","Antibiotics + HT vs Control",-0.371680606878462,NA,NA,0.261352228097875,0.538483211236192,"ANCOMBC2","Proteobacteria","Gammaproteobacteria","Pseudomonadales","Marinomonadaceae","Marinomonas"
"ASV127","Antibiotics + HT vs Control",0.418463995380632,NA,NA,0.28387157733995,0.574666851688192,"ANCOMBC2","Proteobacteria","Gammaproteobacteria","Pseudomonadales","Spongiibacteraceae","BD1-7 clade"
"ASV14","Antibiotics + HT vs Control",0.469087233366855,NA,NA,0.290126400796203,0.580252801592407,"ANCOMBC2","Proteobacteria","Alphaproteobacteria","Rhodobacterales","Rhodobacteraceae","Phaeobacter"
"ASV215","Antibiotics + HT vs Control",-0.432765129267622,NA,NA,0.30217519929803,0.590130389217329,"ANCOMBC2","Proteobacteria","Gammaproteobacteria","Pseudomonadales","Oleiphilaceae","Oleiphilus"
"ASV45","Antibiotics + HT vs Control",0.350498029636445,NA,NA,0.301971799216369,0.590130389217329,"ANCOMBC2","Proteobacteria","Alphaproteobacteria","Rhodobacterales","Rhodobacteraceae","Planktomarina"
"ASV183","Antibiotics + HT vs Control",-0.321616910945216,NA,NA,0.309378280797724,0.597172030377001,"ANCOMBC2","Proteobacteria","Gammaproteobacteria","Pseudomonadales","Saccharospirillaceae","Oceaniserpentilla"
"ASV425","Antibiotics + HT vs Control",-0.363812875041611,NA,NA,0.317887354403,0.600093898075382,"ANCOMBC2","Proteobacteria","Gammaproteobacteria","Pseudomonadales","OM182 clade","Unclassified"
"ASV8","Antibiotics + HT vs Control",0.698511436717629,NA,NA,0.3181220664496,0.600093898075382,"ANCOMBC2","Proteobacteria","Gammaproteobacteria","Enterobacterales","Alteromonadaceae","Alteromonas"
"ASV12","Antibiotics + HT vs Control",0.514049273210954,NA,NA,0.340529048298736,0.615847731704414,"ANCOMBC2","Cyanobacteria","Cyanobacteriia","Synechococcales","Cyanobiaceae","Synechococcus CC9902"
"ASV500","Antibiotics + HT vs Control",0.361769266662543,NA,NA,0.335890969664324,0.615847731704414,"ANCOMBC2","Verrucomicrobiota","Verrucomicrobiae","Pedosphaerales","Pedosphaeraceae","SCGC AAA164-E04"
"ASV34","Antibiotics + HT vs Control",0.467989672596234,NA,NA,0.341313200703651,0.615847731704414,"ANCOMBC2","Proteobacteria","Alphaproteobacteria","Rhodobacterales","Rhodobacteraceae","Planktotalea"
"ASV121","Antibiotics + HT vs Control",0.306037655413552,NA,NA,0.339440835246504,0.615847731704414,"ANCOMBC2","Proteobacteria","Alphaproteobacteria","Rhodobacterales","Rhodobacteraceae","Unclassified"
"ASV67","Antibiotics + HT vs Control",0.3988801017909,NA,NA,0.357099398313285,0.63613167767949,"ANCOMBC2","Proteobacteria","Gammaproteobacteria","Pseudomonadales","Porticoccaceae","Porticoccus"
"ASV11","Antibiotics + HT vs Control",0.436364913376518,NA,NA,0.360219142782362,0.63613167767949,"ANCOMBC2","Proteobacteria","Alphaproteobacteria","Rhodobacterales","Rhodobacteraceae","Amylibacter"
"ASV122","Antibiotics + HT vs Control",-0.33709492591151,NA,NA,0.365298571871284,0.638311188743506,"ANCOMBC2","Proteobacteria","Gammaproteobacteria","Enterobacterales","Alteromonadaceae","Salinimonas"
"ASV158","Antibiotics + HT vs Control",0.279166767809372,NA,NA,0.375395249977452,0.64912095308601,"ANCOMBC2","Bacteroidota","Bacteroidia","Flavobacteriales","Flavobacteriaceae","NS3a marine group"
"ASV81","Antibiotics + HT vs Control",-0.40341655441133,NA,NA,0.382965495903487,0.655384250721432,"ANCOMBC2","Proteobacteria","Gammaproteobacteria","Burkholderiales","Methylophilaceae","OM43 clade"
"ASV74","Antibiotics + HT vs Control",0.391790559749279,NA,NA,0.394868481967754,0.668858857210685,"ANCOMBC2","Proteobacteria","Alphaproteobacteria","Sphingomonadales","Sphingomonadaceae","Sphingorhabdus"
"ASV265","Antibiotics + HT vs Control",-0.269176822633948,NA,NA,0.411285839873302,0.689630802211799,"ANCOMBC2","Proteobacteria","Gammaproteobacteria","Pseudomonadales","Halomonadaceae","Cobetia"
"ASV22","Antibiotics + HT vs Control",-0.257791658718409,NA,NA,0.426964460658036,0.70876100469234,"ANCOMBC2","Proteobacteria","Alphaproteobacteria","Rhodobacterales","Rhodobacteraceae","Pseudooceanicola"
"ASV58","Antibiotics + HT vs Control",0.275685538699975,NA,NA,0.43305011393211,0.71174573180921,"ANCOMBC2","Bacteroidota","Bacteroidia","Flavobacteriales","Flavobacteriaceae","Croceibacter"
"ASV43","Antibiotics + HT vs Control",0.296420707679439,NA,NA,0.464879796335783,0.756569080311176,"ANCOMBC2","Proteobacteria","Gammaproteobacteria","Pseudomonadales","Thioglobaceae","SUP05 cluster"
"ASV4","Antibiotics + HT vs Control",0.244179154180374,NA,NA,0.476019523002849,0.763408022946289,"ANCOMBC2","Proteobacteria","Alphaproteobacteria","Rhodobacterales","Rhodobacteraceae","Unclassified"
"ASV31","Antibiotics + HT vs Control",0.333472739255983,NA,NA,0.478279725219362,0.763408022946289,"ANCOMBC2","Proteobacteria","Alphaproteobacteria","Rhizobiales","Rhizobiaceae","Pseudahrensia"
"ASV242","Antibiotics + HT vs Control",-0.259027772016416,NA,NA,0.489720938171391,0.770267271610916,"ANCOMBC2","Bacteroidota","Bacteroidia","Flavobacteriales","Flavobacteriaceae","Confluentibacter"
"ASV62","Antibiotics + HT vs Control",-0.286092732442344,NA,NA,0.491857414402151,0.770267271610916,"ANCOMBC2","Proteobacteria","Gammaproteobacteria","Pseudomonadales","SAR86 clade","Unclassified"
"ASV83","Antibiotics + HT vs Control",0.238236666286235,NA,NA,0.499865894552322,0.775492883137247,"ANCOMBC2","Proteobacteria","Gammaproteobacteria","Pseudomonadales","Pseudohongiellaceae","Pseudohongiella"
"ASV259","Antibiotics + HT vs Control",-0.18890857507864,NA,NA,0.575030268704686,0.815813022961942,"ANCOMBC2","Proteobacteria","Gammaproteobacteria","Pseudomonadales","Nitrincolaceae","Unclassified"
"ASV189","Antibiotics + HT vs Control",-0.160782309789993,NA,NA,0.567106280271013,0.815813022961942,"ANCOMBC2","Proteobacteria","Gammaproteobacteria","Pseudomonadales","Nitrincolaceae","Unclassified"
"ASV41","Antibiotics + HT vs Control",0.281889423825497,NA,NA,0.537486084641716,0.815813022961942,"ANCOMBC2","Bacteroidota","Bacteroidia","Flavobacteriales","Flavobacteriaceae","NS5 marine group"
"ASV205","Antibiotics + HT vs Control",0.198415402321785,NA,NA,0.542186406676799,0.815813022961942,"ANCOMBC2","Bacteroidota","Bacteroidia","Flavobacteriales","Flavobacteriaceae","NS5 marine group"
"ASV149","Antibiotics + HT vs Control",-0.174794823069164,NA,NA,0.570277760549581,0.815813022961942,"ANCOMBC2","Bacteroidota","Bacteroidia","Cytophagales","Cyclobacteriaceae","Marinoscillum"
"ASV620","Antibiotics + HT vs Control",-0.237479374259948,NA,NA,0.55185893480383,0.815813022961942,"ANCOMBC2","Proteobacteria","Alphaproteobacteria","SAR11 clade","Clade III","Unclassified"
"ASV350","Antibiotics + HT vs Control",0.204765349497907,NA,NA,0.541032499026679,0.815813022961942,"ANCOMBC2","Bdellovibrionota","Bdellovibrionia","Bdellovibrionales","Bdellovibrionaceae","OM27 clade"
"ASV201","Antibiotics + HT vs Control",-0.174744587008164,NA,NA,0.568501572398398,0.815813022961942,"ANCOMBC2","Proteobacteria","Gammaproteobacteria","Pseudomonadales","Halomonadaceae","Halomonas"
"ASV5","Antibiotics + HT vs Control",0.418291688928704,NA,NA,0.579915281382585,0.815813022961942,"ANCOMBC2","Proteobacteria","Gammaproteobacteria","Enterobacterales","Alteromonadaceae","Alteromonas"
"ASV131","Antibiotics + HT vs Control",-0.171987095324432,NA,NA,0.572635220101924,0.815813022961942,"ANCOMBC2","Proteobacteria","Alphaproteobacteria","Rhodobacterales","Rhodobacteraceae","Unclassified"
"ASV17","Antibiotics + HT vs Control",-0.268621865677555,NA,NA,0.548607914216841,0.815813022961942,"ANCOMBC2","Proteobacteria","Alphaproteobacteria","Rhodobacterales","Rhodobacteraceae","Unclassified"
"ASV341","Antibiotics + HT vs Control",0.164057322125668,NA,NA,0.60010342558703,0.823395756244612,"ANCOMBC2","Proteobacteria","Gammaproteobacteria","Enterobacterales","Shewanellaceae","Unclassified"
"ASV39","Antibiotics + HT vs Control",-0.313256236200489,NA,NA,0.61142311637251,0.823395756244612,"ANCOMBC2","Bacteroidota","Bacteroidia","Flavobacteriales","Cryomorphaceae","Owenweeksia"
"ASV47","Antibiotics + HT vs Control",-0.21019752050737,NA,NA,0.610915301786041,0.823395756244612,"ANCOMBC2","Bacteroidota","Bacteroidia","Flavobacteriales","Flavobacteriaceae","Unclassified"
"ASV145","Antibiotics + HT vs Control",0.231697703468306,NA,NA,0.611201955294304,0.823395756244612,"ANCOMBC2","Firmicutes","Bacilli","Bacillales","Bacillaceae","Unclassified"
"ASV73","Antibiotics + HT vs Control",0.200275183911047,NA,NA,0.600184037506953,0.823395756244612,"ANCOMBC2","Proteobacteria","Alphaproteobacteria","Rhodobacterales","Rhodobacteraceae","Sulfitobacter"
"ASV40","Antibiotics + HT vs Control",0.189742655362718,NA,NA,0.618626884378043,0.823395756244612,"ANCOMBC2","Proteobacteria","Alphaproteobacteria","Rhodobacterales","Rhodobacteraceae","Unclassified"
"ASV49","Antibiotics + HT vs Control",0.234113733501982,NA,NA,0.620026924882991,0.823395756244612,"ANCOMBC2","Actinobacteriota","Acidimicrobiia","Actinomarinales","Actinomarinaceae","Candidatus Actinomarina"
"ASV24","Antibiotics + HT vs Control",0.21166313140409,NA,NA,0.634988507041325,0.836572160070317,"ANCOMBC2","Proteobacteria","Alphaproteobacteria","Rhodobacterales","Rhodobacteraceae","Amylibacter"
"ASV108","Antibiotics + HT vs Control",-0.159391890510636,NA,NA,0.656180661550529,0.85768495919203,"ANCOMBC2","Proteobacteria","Gammaproteobacteria","Pseudomonadales","SAR86 clade","Unclassified"
"ASV157","Antibiotics + HT vs Control",0.118559570455237,NA,NA,0.693202671257173,0.871070209032582,"ANCOMBC2","Actinobacteriota","Actinobacteria","Micrococcales","Microbacteriaceae","ML602J-51"
"ASV144","Antibiotics + HT vs Control",0.1179674060822,NA,NA,0.673627131139856,0.871070209032582,"ANCOMBC2","Campylobacterota","Campylobacteria","Campylobacterales","Arcobacteraceae","Pseudarcobacter"
"ASV177","Antibiotics + HT vs Control",-0.144563445974119,NA,NA,0.69079216569384,0.871070209032582,"ANCOMBC2","Proteobacteria","Gammaproteobacteria","Pseudomonadales","Thioglobaceae","SUP05 cluster"
"ASV51","Antibiotics + HT vs Control",-0.151641372010101,NA,NA,0.698905943029559,0.871070209032582,"ANCOMBC2","Proteobacteria","Alphaproteobacteria","Rhodobacterales","Rhodobacteraceae","Sulfitobacter"
"ASV277","Antibiotics + HT vs Control",0.120098712484844,NA,NA,0.697031843159312,0.871070209032582,"ANCOMBC2","Proteobacteria","Alphaproteobacteria","Caulobacterales","Hyphomonadaceae","Unclassified"
"ASV458","Antibiotics + HT vs Control",-0.139676406997617,NA,NA,0.683917551828082,0.871070209032582,"ANCOMBC2","Proteobacteria","Gammaproteobacteria","Burkholderiales","Nitrosomonadaceae","Nitrosomonas"
"ASV119","Antibiotics + HT vs Control",-0.117425365698189,NA,NA,0.703153060303409,0.871070209032582,"ANCOMBC2","Actinobacteriota","Acidimicrobiia","Microtrichales","Microtrichaceae","Sva0996 marine group"
"ASV142","Antibiotics + HT vs Control",0.107631482845691,NA,NA,0.71060321772028,0.873778771419011,"ANCOMBC2","Proteobacteria","Alphaproteobacteria","Rhodobacterales","Rhodobacteraceae","Tateyamaria"
"ASV340","Antibiotics + HT vs Control",-0.14427129466327,NA,NA,0.744847400181767,0.909151973751274,"ANCOMBC2","Proteobacteria","Gammaproteobacteria","Pseudomonadales","KI89A clade","Unclassified"
"ASV19","Antibiotics + HT vs Control",-0.146989882076035,NA,NA,0.753058966297794,0.912465608798787,"ANCOMBC2","Proteobacteria","Gammaproteobacteria","Enterobacterales","Alteromonadaceae","Paraglaciecola"
"ASV306","Antibiotics + HT vs Control",-0.0863734994010151,NA,NA,0.767255670231488,0.922930733756717,"ANCOMBC2","Bacteroidota","Bacteroidia","Flavobacteriales","Flavobacteriaceae","Ulvibacter"
"ASV346","Antibiotics + HT vs Control",-0.0894980377968503,NA,NA,0.774526731075857,0.924974369486275,"ANCOMBC2","Verrucomicrobiota","Verrucomicrobiae","Verrucomicrobiales","Rubritaleaceae","Roseibacillus"
"ASV283","Antibiotics + HT vs Control",0.0767873777427879,NA,NA,0.795817114135005,0.930321415115569,"ANCOMBC2","Bacteroidota","Bacteroidia","Flavobacteriales","NS9 marine group","Unclassified"
"ASV470","Antibiotics + HT vs Control",-0.098161356814443,NA,NA,0.788851861839348,0.930321415115569,"ANCOMBC2","Proteobacteria","Gammaproteobacteria","Pseudomonadales","Halomonadaceae","Halomonas"
"ASV76","Antibiotics + HT vs Control",-0.118287500489882,NA,NA,0.793047367450846,0.930321415115569,"ANCOMBC2","Proteobacteria","Alphaproteobacteria","Kiloniellales","Kiloniellaceae","Unclassified"
"ASV161","Antibiotics + HT vs Control",-0.0931537983825978,NA,NA,0.838040771541442,0.952840877232051,"ANCOMBC2","Bacteroidota","Bacteroidia","Flavobacteriales","NS9 marine group","Unclassified"
"ASV197","Antibiotics + HT vs Control",-0.0592082957909386,NA,NA,0.830243615009246,0.952840877232051,"ANCOMBC2","Bacteroidota","Bacteroidia","Flavobacteriales","Flavobacteriaceae","Polaribacter"
"ASV263","Antibiotics + HT vs Control",-0.0797097143201261,NA,NA,0.827849883282552,0.952840877232051,"ANCOMBC2","Proteobacteria","Gammaproteobacteria","Pseudomonadales","OM182 clade","Unclassified"
"ASV42","Antibiotics + HT vs Control",0.0691093830101204,NA,NA,0.836836229696549,0.952840877232051,"ANCOMBC2","Proteobacteria","Alphaproteobacteria","Rhodobacterales","Rhodobacteraceae","Aestuariihabitans"
"ASV70","Antibiotics + HT vs Control",-0.062207738832746,NA,NA,0.84877333067395,0.958478727155617,"ANCOMBC2","Proteobacteria","Alphaproteobacteria","Rhodobacterales","Rhodobacteraceae","Tateyamaria"
"ASV113","Antibiotics + HT vs Control",0.0894680181399103,NA,NA,0.85715994839283,0.961409131305472,"ANCOMBC2","Proteobacteria","Gammaproteobacteria","Pseudomonadales","OM182 clade","Unclassified"
"ASV114","Antibiotics + HT vs Control",-0.042010996458901,NA,NA,0.890657079450243,0.968516516227134,"ANCOMBC2","Bacteroidota","Bacteroidia","Chitinophagales","Saprospiraceae","Unclassified"
"ASV28","Antibiotics + HT vs Control",-0.0605681076141162,NA,NA,0.892925874896486,0.968516516227134,"ANCOMBC2","Cyanobacteria","Cyanobacteriia","Synechococcales","Cyanobiaceae","Synechococcus CC9902"
"ASV363","Antibiotics + HT vs Control",0.0457899894641263,NA,NA,0.894378503427257,0.968516516227134,"ANCOMBC2","Verrucomicrobiota","Verrucomicrobiae","Verrucomicrobiales","Rubritaleaceae","Roseibacillus"
"ASV18","Antibiotics + HT vs Control",-0.0733606045392734,NA,NA,0.8765314213888,0.968516516227134,"ANCOMBC2","Proteobacteria","Alphaproteobacteria","Rhodobacterales","Rhodobacteraceae","Celeribacter"
"ASV254","Antibiotics + HT vs Control",0.0427961963589707,NA,NA,0.889089719645576,0.968516516227134,"ANCOMBC2","Proteobacteria","Alphaproteobacteria","Caulobacterales","Hyphomonadaceae","Algimonas"
"ASV117","Antibiotics + HT vs Control",0.0422412938633036,NA,NA,0.898503274090232,0.968516516227134,"ANCOMBC2","Proteobacteria","Alphaproteobacteria","Rhizobiales","Rhizobiaceae","Unclassified"
"ASV207","Antibiotics + HT vs Control",0.0334423729993296,NA,NA,0.931596062743807,0.973903015413501,"ANCOMBC2","Proteobacteria","Gammaproteobacteria","Pseudomonadales","Alcanivoracaceae","Ketobacter"
"ASV38","Antibiotics + HT vs Control",-0.0429228352961069,NA,NA,0.92579366748266,0.973903015413501,"ANCOMBC2","Proteobacteria","Alphaproteobacteria","SAR11 clade","Clade I","Clade Ia"
"ASV216","Antibiotics + HT vs Control",0.032814734413309,NA,NA,0.938701701603375,0.973903015413501,"ANCOMBC2","Cyanobacteria","Vampirivibrionia","Obscuribacterales","Obscuribacteraceae","Unclassified"
"ASV23","Antibiotics + HT vs Control",-0.0559874932253798,NA,NA,0.926931571844486,0.973903015413501,"ANCOMBC2","Firmicutes","Bacilli","Mycoplasmatales","Mycoplasmataceae","Mycoplasma"
"ASV1","Antibiotics + HT vs Control",-0.0471042298189824,NA,NA,0.937103682574409,0.973903015413501,"ANCOMBC2","Proteobacteria","Alphaproteobacteria","Rhodobacterales","Rhodobacteraceae","Unclassified"
"ASV112","Antibiotics + HT vs Control",0.0420686350842386,NA,NA,0.912060113329951,0.973903015413501,"ANCOMBC2","Proteobacteria","Alphaproteobacteria","Caulobacterales","Hyphomonadaceae","Henriciella"
"ASV87","Antibiotics + HT vs Control",0.0134590626083104,NA,NA,0.963116062499409,0.974861380334768,"ANCOMBC2","Proteobacteria","Gammaproteobacteria","Pseudomonadales","Nitrincolaceae","Unclassified"
"ASV188","Antibiotics + HT vs Control",-0.017508783217678,NA,NA,0.962839555709582,0.974861380334768,"ANCOMBC2","Bacteroidota","Bacteroidia","Flavobacteriales","Flavobacteriaceae","Unclassified"
"ASV339","Antibiotics + HT vs Control",0.0195914813928374,NA,NA,0.952559403708786,0.974861380334768,"ANCOMBC2","Proteobacteria","Gammaproteobacteria","Enterobacterales","Pseudoalteromonadaceae","Pseudoalteromonas"
"ASV66","Antibiotics + HT vs Control",0.0238291790234894,NA,NA,0.955785559807774,0.974861380334768,"ANCOMBC2","Proteobacteria","Alphaproteobacteria","Puniceispirillales","SAR116 clade","Unclassified"
"ASV268","Antibiotics + HT vs Control",-0.00843315064698278,NA,NA,0.976958108002177,0.982219253766767,"ANCOMBC2","Proteobacteria","Gammaproteobacteria","Enterobacterales","Alteromonadaceae","Paraglaciecola"
"ASV36","Antibiotics + HT vs Control",-0.00920278818615599,NA,NA,0.982219253766767,0.982219253766767,"ANCOMBC2","Proteobacteria","Alphaproteobacteria","Rhodobacterales","Rhodobacteraceae","Unclassified"
"ASV180","Antibiotics vs Control",1.38560883365685,NA,NA,0.000434068867474507,0.0366788193015958,"ANCOMBC2","Proteobacteria","Gammaproteobacteria","Pseudomonadales","Thioglobaceae","Candidatus Thioglobus"
"ASV35","Antibiotics vs Control",1.18545505886152,NA,NA,0.000292881611195298,0.0366788193015958,"ANCOMBC2","Proteobacteria","Gammaproteobacteria","Pseudomonadales","Halieaceae","OM60(NOR5) clade"
"ASV460","Antibiotics vs Control",-1.54123191835358,NA,NA,0.00123505437956048,0.0695747300485737,"ANCOMBC2","Proteobacteria","Gammaproteobacteria","Pseudomonadales","Marinobacteraceae","Marinobacter"
"ASV77","Antibiotics vs Control",1.11574401739573,NA,NA,0.00458551180745361,0.144437690788234,"ANCOMBC2","Bacteroidota","Bacteroidia","Flavobacteriales","Flavobacteriaceae","Kordia"
"ASV37","Antibiotics vs Control",-1.12869377085152,NA,NA,0.00512796535342843,0.144437690788234,"ANCOMBC2","Proteobacteria","Alphaproteobacteria","Rhodobacterales","Rhodobacteraceae","Celeribacter"
"ASV190","Antibiotics vs Control",-1.28491500033707,NA,NA,0.0045801250095337,0.144437690788234,"ANCOMBC2","Bdellovibrionota","Bdellovibrionia","Bdellovibrionales","Bdellovibrionaceae","OM27 clade"
"ASV83","Antibiotics vs Control",0.850251830692156,NA,NA,0.0136715974398578,0.154901883060018,"ANCOMBC2","Proteobacteria","Gammaproteobacteria","Pseudomonadales","Pseudohongiellaceae","Pseudohongiella"
"ASV120","Antibiotics vs Control",0.871817962622969,NA,NA,0.00939287377573384,0.154901883060018,"ANCOMBC2","Proteobacteria","Gammaproteobacteria","Pseudomonadales","Pseudomonadaceae","Pseudomonas"
"ASV222","Antibiotics vs Control",0.935448490892639,NA,NA,0.0104825305521439,0.154901883060018,"ANCOMBC2","Bacteroidota","Bacteroidia","Chitinophagales","Saprospiraceae","Aureispira"
"ASV47","Antibiotics vs Control",-1.06380603100904,NA,NA,0.012114811710631,0.154901883060018,"ANCOMBC2","Bacteroidota","Bacteroidia","Flavobacteriales","Flavobacteriaceae","Unclassified"
"ASV41","Antibiotics vs Control",0.930924026092928,NA,NA,0.00659131060166137,0.154901883060018,"ANCOMBC2","Bacteroidota","Bacteroidia","Flavobacteriales","Flavobacteriaceae","NS5 marine group"
"ASV27","Antibiotics vs Control",-1.3990956165384,NA,NA,0.014665267035268,0.154901883060018,"ANCOMBC2","Bacteroidota","Bacteroidia","Flavobacteriales","Crocinitomicaceae","Salinirepens"
"ASV478","Antibiotics vs Control",1.09016677027608,NA,NA,0.00852797837908305,0.154901883060018,"ANCOMBC2","Bacteroidota","Bacteroidia","Chitinophagales","Saprospiraceae","Unclassified"
"ASV383","Antibiotics vs Control",0.974031661018914,NA,NA,0.0142011298133432,0.154901883060018,"ANCOMBC2","Verrucomicrobiota","Verrucomicrobiae","Verrucomicrobiales","Rubritaleaceae","Persicirhabdus"
"ASV20","Antibiotics vs Control",0.824189036025743,NA,NA,0.0142071450217546,0.154901883060018,"ANCOMBC2","Proteobacteria","Alphaproteobacteria","Rhodobacterales","Rhodobacteraceae","Planktomarina"
"ASV49","Antibiotics vs Control",1.00093594710335,NA,NA,0.00771745779152805,0.154901883060018,"ANCOMBC2","Actinobacteriota","Acidimicrobiia","Actinomarinales","Actinomarinaceae","Candidatus Actinomarina"
"ASV250","Antibiotics vs Control",0.81240157648589,NA,NA,0.0184271495858213,0.159895052759318,"ANCOMBC2","Proteobacteria","Gammaproteobacteria","Enterobacterales","Psychromonadaceae","Psychromonas"
"ASV50","Antibiotics vs Control",-1.14834489455697,NA,NA,0.0166721976182585,0.159895052759318,"ANCOMBC2","Bacteroidota","Bacteroidia","Flavobacteriales","Crocinitomicaceae","Salinirepens"
"ASV16","Antibiotics vs Control",1.77057978800337,NA,NA,0.019973107591837,0.159895052759318,"ANCOMBC2","Proteobacteria","Gammaproteobacteria","Enterobacterales","Alteromonadaceae","Alteromonas"
"ASV11","Antibiotics vs Control",0.870622588055457,NA,NA,0.0203249969401556,0.159895052759318,"ANCOMBC2","Proteobacteria","Alphaproteobacteria","Rhodobacterales","Rhodobacteraceae","Amylibacter"
"ASV46","Antibiotics vs Control",0.714521982774844,NA,NA,0.0208147405958875,0.159895052759318,"ANCOMBC2","Proteobacteria","Alphaproteobacteria","Parvibaculales","PS1 clade","Unclassified"
"ASV274","Antibiotics vs Control",-0.805191918191079,NA,NA,0.0181155071201219,0.159895052759318,"ANCOMBC2","Proteobacteria","Gammaproteobacteria","Pseudomonadales","Halieaceae","OM60(NOR5) clade"
"ASV98","Antibiotics vs Control",-0.765709324532811,NA,NA,0.0232867072505935,0.17110667501523,"ANCOMBC2","Proteobacteria","Alphaproteobacteria","Rhodobacterales","Rhodobacteraceae","Oceanibulbus"
"ASV101","Antibiotics vs Control",-0.875233436729243,NA,NA,0.0285995117919712,0.17686085177964,"ANCOMBC2","Proteobacteria","Alphaproteobacteria","SAR11 clade","Clade I","Clade Ia"
"ASV163","Antibiotics vs Control",0.842373663606489,NA,NA,0.0284572496901038,0.17686085177964,"ANCOMBC2","Planctomycetota","Planctomycetes","Pirellulales","Pirellulaceae","Blastopirellula"
"ASV105","Antibiotics vs Control",1.01570491531507,NA,NA,0.029302389643964,0.17686085177964,"ANCOMBC2","Firmicutes","Bacilli","Mycoplasmatales","Mycoplasmataceae","Mycoplasma"
"ASV71","Antibiotics vs Control",1.50898979669082,NA,NA,0.0264487034986764,0.17686085177964,"ANCOMBC2","Proteobacteria","Gammaproteobacteria","Enterobacterales","Alteromonadaceae","Alteromonas"
"ASV48","Antibiotics vs Control",-0.933458251278192,NA,NA,0.0258542794071084,0.17686085177964,"ANCOMBC2","Proteobacteria","Alphaproteobacteria","Rhodobacterales","Rhodobacteraceae","Oceanibulbus"
"ASV8","Antibiotics vs Control",1.70952964187078,NA,NA,0.0304851043012346,0.177654573341678,"ANCOMBC2","Proteobacteria","Gammaproteobacteria","Enterobacterales","Alteromonadaceae","Alteromonas"
"ASV158","Antibiotics vs Control",0.725037048633776,NA,NA,0.0367544968806767,0.181491856452463,"ANCOMBC2","Bacteroidota","Bacteroidia","Flavobacteriales","Flavobacteriaceae","NS3a marine group"
"ASV470","Antibiotics vs Control",0.664766033698567,NA,NA,0.0364789615549506,0.181491856452463,"ANCOMBC2","Proteobacteria","Gammaproteobacteria","Pseudomonadales","Halomonadaceae","Halomonas"
"ASV43","Antibiotics vs Control",0.800589455177866,NA,NA,0.0366128622253626,0.181491856452463,"ANCOMBC2","Proteobacteria","Gammaproteobacteria","Pseudomonadales","Thioglobaceae","SUP05 cluster"
"ASV78","Antibiotics vs Control",-0.805743566609202,NA,NA,0.0371692922080993,0.181491856452463,"ANCOMBC2","Proteobacteria","Gammaproteobacteria","Enterobacterales","Vibrionaceae","Aliivibrio"
"ASV67","Antibiotics vs Control",0.749215142658625,NA,NA,0.03540395910442,0.181491856452463,"ANCOMBC2","Proteobacteria","Gammaproteobacteria","Pseudomonadales","Porticoccaceae","Porticoccus"
"ASV576","Antibiotics vs Control",0.730912427172961,NA,NA,0.0375870708629362,0.181491856452463,"ANCOMBC2","Acidobacteriota","Holophagae","Acanthopleuribacterales","Acanthopleuribacteraceae","Acanthopleuribacter"
"ASV243","Antibiotics vs Control",-0.814437001119799,NA,NA,0.039809965234635,0.186885670129259,"ANCOMBC2","Proteobacteria","Gammaproteobacteria","Pseudomonadales","Saccharospirillaceae","Oleispira"
"ASV90","Antibiotics vs Control",-0.655639086891566,NA,NA,0.0455200479819852,0.207915894836635,"ANCOMBC2","Proteobacteria","Alphaproteobacteria","Rhizobiales","Rhizobiaceae","Lentilitoribacter"
"ASV80","Antibiotics vs Control",-0.817161676308847,NA,NA,0.0529239567561853,0.235372333994613,"ANCOMBC2","Bdellovibrionota","Bdellovibrionia","Bdellovibrionales","Bdellovibrionaceae","OM27 clade"
"ASV193","Antibiotics vs Control",0.640598460136714,NA,NA,0.0616606080431639,0.242738824277334,"ANCOMBC2","Bacteroidota","Bacteroidia","Chitinophagales","Saprospiraceae","Lewinella"
"ASV216","Antibiotics vs Control",0.761602237134897,NA,NA,0.0617619493723395,0.242738824277334,"ANCOMBC2","Cyanobacteria","Vampirivibrionia","Obscuribacterales","Obscuribacteraceae","Unclassified"
"ASV215","Antibiotics vs Control",0.616458186744907,NA,NA,0.0596728008389432,0.242738824277334,"ANCOMBC2","Proteobacteria","Gammaproteobacteria","Pseudomonadales","Oleiphilaceae","Oleiphilus"
"ASV103","Antibiotics vs Control",-0.597242980259178,NA,NA,0.0612073785478423,0.242738824277334,"ANCOMBC2","Proteobacteria","Alphaproteobacteria","Rhodobacterales","Rhodobacteraceae","Unclassified"
"ASV76","Antibiotics vs Control",0.71350530700539,NA,NA,0.0583777267425166,0.242738824277334,"ANCOMBC2","Proteobacteria","Alphaproteobacteria","Kiloniellales","Kiloniellaceae","Unclassified"
"ASV350","Antibiotics vs Control",0.645560217937005,NA,NA,0.0641747227241537,0.246489275917772,"ANCOMBC2","Bdellovibrionota","Bdellovibrionia","Bdellovibrionales","Bdellovibrionaceae","OM27 clade"
"ASV111","Antibiotics vs Control",0.573984562998999,NA,NA,0.0685947853038508,0.257611527030017,"ANCOMBC2","Proteobacteria","Gammaproteobacteria","Enterobacterales","Colwelliaceae","Colwellia"
"ASV203","Antibiotics vs Control",0.571473210147978,NA,NA,0.0750353488858415,0.275673346993635,"ANCOMBC2","Proteobacteria","Gammaproteobacteria","Pseudomonadales","Pseudohongiellaceae","Pseudohongiella"
"ASV30","Antibiotics vs Control",1.21715150182031,NA,NA,0.079434472606079,0.285626082349518,"ANCOMBC2","Proteobacteria","Gammaproteobacteria","Enterobacterales","Alteromonadaceae","Alteromonas"
"ASV124","Antibiotics vs Control",-0.653739025195617,NA,NA,0.0849305230603676,0.299026216608377,"ANCOMBC2","Bacteroidota","Bacteroidia","Flavobacteriales","Flavobacteriaceae","Gramella"
"ASV24","Antibiotics vs Control",0.575404611664675,NA,NA,0.0907299903019504,0.305862530538089,"ANCOMBC2","Proteobacteria","Alphaproteobacteria","Rhodobacterales","Rhodobacteraceae","Amylibacter"
"ASV132","Antibiotics vs Control",-0.575474067970835,NA,NA,0.0899852458833034,0.305862530538089,"ANCOMBC2","Proteobacteria","Alphaproteobacteria","Rhodobacterales","Rhodobacteraceae","Unclassified"
"ASV181","Antibiotics vs Control",-0.561900854397526,NA,NA,0.0923017103990682,0.305862530538089,"ANCOMBC2","Proteobacteria","Alphaproteobacteria","Rhodobacterales","Rhodobacteraceae","Marivita"
"ASV94","Antibiotics vs Control",0.543963532287808,NA,NA,0.100917285584063,0.326269339682947,"ANCOMBC2","Bacteroidota","Bacteroidia","Flavobacteriales","Cryomorphaceae","Unclassified"
"ASV33","Antibiotics vs Control",0.634279073877152,NA,NA,0.102321153865066,0.326269339682947,"ANCOMBC2","Proteobacteria","Alphaproteobacteria","Puniceispirillales","SAR116 clade","Candidatus Puniceispirillum"
"ASV236","Antibiotics vs Control",-0.534883208581894,NA,NA,0.107390449341844,0.336092332199475,"ANCOMBC2","Proteobacteria","Gammaproteobacteria","Pseudomonadales","Marinomonadaceae","Marinomonas"
"ASV34","Antibiotics vs Control",0.667759486827256,NA,NA,0.119609592135938,0.367527655835882,"ANCOMBC2","Proteobacteria","Alphaproteobacteria","Rhodobacterales","Rhodobacteraceae","Planktotalea"
"ASV139","Antibiotics vs Control",0.465506126500365,NA,NA,0.137848034292841,0.401660651646382,"ANCOMBC2","Bacteroidota","Bacteroidia","Flavobacteriales","Flavobacteriaceae","NS4 marine group"
"ASV52","Antibiotics vs Control",0.591846451004003,NA,NA,0.137556938181324,0.401660651646382,"ANCOMBC2","Bacteroidota","Bacteroidia","Flavobacteriales","Flavobacteriaceae","Aurantivirga"
"ASV254","Antibiotics vs Control",0.611166039231297,NA,NA,0.137262389192021,0.401660651646382,"ANCOMBC2","Proteobacteria","Alphaproteobacteria","Caulobacterales","Hyphomonadaceae","Algimonas"
"ASV242","Antibiotics vs Control",-0.421356047968024,NA,NA,0.145201165934311,0.40898328404831,"ANCOMBC2","Bacteroidota","Bacteroidia","Flavobacteriales","Flavobacteriaceae","Confluentibacter"
"ASV114","Antibiotics vs Control",0.462899656144116,NA,NA,0.14326512875069,0.40898328404831,"ANCOMBC2","Bacteroidota","Bacteroidia","Chitinophagales","Saprospiraceae","Unclassified"
"ASV152","Antibiotics vs Control",0.45765002890527,NA,NA,0.157085395646589,0.414803622879275,"ANCOMBC2","Actinobacteriota","Acidimicrobiia","Microtrichales","Ilumatobacteraceae","Ilumatobacter"
"ASV23","Antibiotics vs Control",-0.636468370749242,NA,NA,0.153429983104174,0.414803622879275,"ANCOMBC2","Firmicutes","Bacilli","Mycoplasmatales","Mycoplasmataceae","Mycoplasma"
"ASV131","Antibiotics vs Control",-0.438116223379607,NA,NA,0.151327767832082,0.414803622879275,"ANCOMBC2","Proteobacteria","Alphaproteobacteria","Rhodobacterales","Rhodobacteraceae","Unclassified"
"ASV237","Antibiotics vs Control",-0.528177236656799,NA,NA,0.155824662732041,0.414803622879275,"ANCOMBC2","Proteobacteria","Alphaproteobacteria","Rhodospirillales","Terasakiellaceae","Terasakiella"
"ASV2","Antibiotics vs Control",0.947955681545933,NA,NA,0.161634941401013,0.420250847642634,"ANCOMBC2","Proteobacteria","Gammaproteobacteria","Enterobacterales","Alteromonadaceae","Alteromonas"
"ASV142","Antibiotics vs Control",-0.40794986310436,NA,NA,0.169982708822702,0.428762355090099,"ANCOMBC2","Proteobacteria","Alphaproteobacteria","Rhodobacterales","Rhodobacteraceae","Tateyamaria"
"ASV17","Antibiotics vs Control",-0.644687104646588,NA,NA,0.169472741978589,0.428762355090099,"ANCOMBC2","Proteobacteria","Alphaproteobacteria","Rhodobacterales","Rhodobacteraceae","Unclassified"
"ASV232","Antibiotics vs Control",0.441645016291404,NA,NA,0.173564679492395,0.431359276973745,"ANCOMBC2","Nitrospinota","Nitrospinia","Nitrospinales","Nitrospinaceae","LS-NOB"
"ASV100","Antibiotics vs Control",0.497420511309242,NA,NA,0.192090192075436,0.463760606582124,"ANCOMBC2","Proteobacteria","Gammaproteobacteria","Pseudomonadales","Alcanivoracaceae","Ketobacter"
"ASV259","Antibiotics vs Control",0.403207857006501,NA,NA,0.18986468712956,0.463760606582124,"ANCOMBC2","Proteobacteria","Gammaproteobacteria","Pseudomonadales","Nitrincolaceae","Unclassified"
"ASV168","Antibiotics vs Control",-0.557590440396164,NA,NA,0.197673510114454,0.470518636751307,"ANCOMBC2","Proteobacteria","Gammaproteobacteria","Enterobacterales","Pseudoalteromonadaceae","Pseudoalteromonas"
"ASV127","Antibiotics vs Control",-0.381860214689321,NA,NA,0.218852033773204,0.486657811943045,"ANCOMBC2","Proteobacteria","Gammaproteobacteria","Pseudomonadales","Spongiibacteraceae","BD1-7 clade"
"ASV58","Antibiotics vs Control",0.503347020152918,NA,NA,0.215663804788087,0.486657811943045,"ANCOMBC2","Bacteroidota","Bacteroidia","Flavobacteriales","Flavobacteriaceae","Croceibacter"
"ASV12","Antibiotics vs Control",0.687928971220607,NA,NA,0.214879764727346,0.486657811943045,"ANCOMBC2","Cyanobacteria","Cyanobacteriia","Synechococcales","Cyanobiaceae","Synechococcus CC9902"
"ASV62","Antibiotics vs Control",0.490764843629478,NA,NA,0.216396752569218,0.486657811943045,"ANCOMBC2","Proteobacteria","Gammaproteobacteria","Pseudomonadales","SAR86 clade","Unclassified"
"ASV208","Antibiotics vs Control",0.347090243986401,NA,NA,0.218473989668227,0.486657811943045,"ANCOMBC2","Proteobacteria","Gammaproteobacteria","Pseudomonadales","Halieaceae","OM60(NOR5) clade"
"ASV138","Antibiotics vs Control",0.378004753087397,NA,NA,0.231733209633673,0.502730367387555,"ANCOMBC2","Bacteroidota","Bacteroidia","Flavobacteriales","Flavobacteriaceae","Unclassified"
"ASV273","Antibiotics vs Control",0.542662903273519,NA,NA,0.232029400332718,0.502730367387555,"ANCOMBC2","Bacteroidota","Bacteroidia","Flavobacteriales","Flavobacteriaceae","Unclassified"
"ASV5","Antibiotics vs Control",0.663599002042048,NA,NA,0.235160009436164,0.503063817654579,"ANCOMBC2","Proteobacteria","Gammaproteobacteria","Enterobacterales","Alteromonadaceae","Alteromonas"
"ASV84","Antibiotics vs Control",0.366579847828228,NA,NA,0.242251226807445,0.511755716630728,"ANCOMBC2","Proteobacteria","Alphaproteobacteria","Rhodobacterales","Rhodobacteraceae","Tropicibacter"
"ASV221","Antibiotics vs Control",-0.346938567631484,NA,NA,0.255284621426574,0.513608345489178,"ANCOMBC2","Proteobacteria","Gammaproteobacteria","Enterobacterales","Vibrionaceae","Aliivibrio"
"ASV31","Antibiotics vs Control",0.484828493055392,NA,NA,0.254220694301252,0.513608345489178,"ANCOMBC2","Proteobacteria","Alphaproteobacteria","Rhizobiales","Rhizobiaceae","Pseudahrensia"
"ASV66","Antibiotics vs Control",0.471862332785931,NA,NA,0.249162880137075,0.513608345489178,"ANCOMBC2","Proteobacteria","Alphaproteobacteria","Puniceispirillales","SAR116 clade","Unclassified"
"ASV262","Antibiotics vs Control",0.347398519589393,NA,NA,0.250624280418996,0.513608345489178,"ANCOMBC2","Actinobacteriota","Acidimicrobiia","Microtrichales","Microtrichaceae","Sva0996 marine group"
"ASV205","Antibiotics vs Control",0.376054965115548,NA,NA,0.275152967349245,0.540707575372354,"ANCOMBC2","Bacteroidota","Bacteroidia","Flavobacteriales","Flavobacteriaceae","NS5 marine group"
"ASV343","Antibiotics vs Control",0.353445584811671,NA,NA,0.272707029015391,0.540707575372354,"ANCOMBC2","Bacteroidota","Bacteroidia","Flavobacteriales","Crocinitomicaceae","Fluviicola"
"ASV148","Antibiotics vs Control",0.508037309632127,NA,NA,0.279480385301348,0.542898679493424,"ANCOMBC2","Bacteroidota","Bacteroidia","Flavobacteriales","Flavobacteriaceae","Muricauda"
"ASV253","Antibiotics vs Control",0.38488030976377,NA,NA,0.287885163790041,0.55287037136951,"ANCOMBC2","Bacteroidota","Bacteroidia","Flavobacteriales","NS7 marine group","Unclassified"
"ASV63","Antibiotics vs Control",-0.462351952218709,NA,NA,0.303485009141959,0.576280522977427,"ANCOMBC2","Proteobacteria","Gammaproteobacteria","Pseudomonadales","Cellvibrionaceae","Unclassified"
"ASV36","Antibiotics vs Control",0.350765612938461,NA,NA,0.308819725788757,0.579894818425554,"ANCOMBC2","Proteobacteria","Alphaproteobacteria","Rhodobacterales","Rhodobacteraceae","Unclassified"
"ASV341","Antibiotics vs Control",0.33180005597934,NA,NA,0.316481972414618,0.58775223448429,"ANCOMBC2","Proteobacteria","Gammaproteobacteria","Enterobacterales","Shewanellaceae","Unclassified"
"ASV189","Antibiotics vs Control",-0.260665347267964,NA,NA,0.333726278238475,0.606448828196798,"ANCOMBC2","Proteobacteria","Gammaproteobacteria","Pseudomonadales","Nitrincolaceae","Unclassified"
"ASV308","Antibiotics vs Control",0.280335681612514,NA,NA,0.331891784494784,0.606448828196798,"ANCOMBC2","Bacteroidota","Bacteroidia","Flavobacteriales","Flavobacteriaceae","Polaribacter"
"ASV122","Antibiotics vs Control",0.552380690775412,NA,NA,0.35222220175348,0.633250554216364,"ANCOMBC2","Proteobacteria","Gammaproteobacteria","Enterobacterales","Alteromonadaceae","Salinimonas"
"ASV218","Antibiotics vs Control",-0.264411975577696,NA,NA,0.407291633042758,0.649661524570951,"ANCOMBC2","Bacteroidota","Bacteroidia","Flavobacteriales","Flavobacteriaceae","Algibacter"
"ASV197","Antibiotics vs Control",0.236239932477199,NA,NA,0.405846959557698,0.649661524570951,"ANCOMBC2","Bacteroidota","Bacteroidia","Flavobacteriales","Flavobacteriaceae","Polaribacter"
"ASV336","Antibiotics vs Control",0.288903831326967,NA,NA,0.386692627607331,0.649661524570951,"ANCOMBC2","Bacteroidota","Bacteroidia","Chitinophagales","Saprospiraceae","Unclassified"
"ASV363","Antibiotics vs Control",0.265410222505319,NA,NA,0.400535540963257,0.649661524570951,"ANCOMBC2","Verrucomicrobiota","Verrucomicrobiae","Verrucomicrobiales","Rubritaleaceae","Roseibacillus"
"ASV177","Antibiotics vs Control",0.273641842092344,NA,NA,0.383230937153062,0.649661524570951,"ANCOMBC2","Proteobacteria","Gammaproteobacteria","Pseudomonadales","Thioglobaceae","SUP05 cluster"
"ASV113","Antibiotics vs Control",0.379747254370617,NA,NA,0.376238838331432,0.649661524570951,"ANCOMBC2","Proteobacteria","Gammaproteobacteria","Pseudomonadales","OM182 clade","Unclassified"
"ASV160","Antibiotics vs Control",0.255265829709258,NA,NA,0.377970943967432,0.649661524570951,"ANCOMBC2","Proteobacteria","Gammaproteobacteria","Enterobacterales","Colwelliaceae","Thalassotalea"
"ASV14","Antibiotics vs Control",0.347666655948235,NA,NA,0.389411029436038,0.649661524570951,"ANCOMBC2","Proteobacteria","Alphaproteobacteria","Rhodobacterales","Rhodobacteraceae","Phaeobacter"
"ASV121","Antibiotics vs Control",-0.221706262192055,NA,NA,0.407202324372766,0.649661524570951,"ANCOMBC2","Proteobacteria","Alphaproteobacteria","Rhodobacterales","Rhodobacteraceae","Unclassified"
"ASV42","Antibiotics vs Control",0.339181569381398,NA,NA,0.375544274911024,0.649661524570951,"ANCOMBC2","Proteobacteria","Alphaproteobacteria","Rhodobacterales","Rhodobacteraceae","Aestuariihabitans"
"ASV112","Antibiotics vs Control",0.245371897415468,NA,NA,0.407480009494206,0.649661524570951,"ANCOMBC2","Proteobacteria","Alphaproteobacteria","Caulobacterales","Hyphomonadaceae","Henriciella"
"ASV340","Antibiotics vs Control",0.277965603594793,NA,NA,0.387591377706376,0.649661524570951,"ANCOMBC2","Proteobacteria","Gammaproteobacteria","Pseudomonadales","KI89A clade","Unclassified"
"ASV109","Antibiotics vs Control",-0.234999289923666,NA,NA,0.421165408504918,0.656206146634262,"ANCOMBC2","Proteobacteria","Alphaproteobacteria","SAR11 clade","Clade II","Unclassified"
"ASV128","Antibiotics vs Control",0.28800468797934,NA,NA,0.427037943375088,0.656206146634262,"ANCOMBC2","Proteobacteria","Gammaproteobacteria","Pseudomonadales","SAR86 clade","Unclassified"
"ASV22","Antibiotics vs Control",-0.256818917238382,NA,NA,0.426006952252008,0.656206146634262,"ANCOMBC2","Proteobacteria","Alphaproteobacteria","Rhodobacterales","Rhodobacteraceae","Pseudooceanicola"
"ASV70","Antibiotics vs Control",-0.225661734444827,NA,NA,0.427116426803366,0.656206146634262,"ANCOMBC2","Proteobacteria","Alphaproteobacteria","Rhodobacterales","Rhodobacteraceae","Tateyamaria"
"ASV19","Antibiotics vs Control",-0.290906509885385,NA,NA,0.434184005786231,0.661054927728586,"ANCOMBC2","Proteobacteria","Gammaproteobacteria","Enterobacterales","Alteromonadaceae","Paraglaciecola"
"ASV39","Antibiotics vs Control",0.388949157450232,NA,NA,0.450950150699701,0.669646635708818,"ANCOMBC2","Bacteroidota","Bacteroidia","Flavobacteriales","Cryomorphaceae","Owenweeksia"
"ASV85","Antibiotics vs Control",-0.220776264173727,NA,NA,0.451714298643818,0.669646635708818,"ANCOMBC2","Bacteroidota","Bacteroidia","Flavobacteriales","Flavobacteriaceae","Unclassified"
"ASV183","Antibiotics vs Control",-0.211740670153691,NA,NA,0.449522876716781,0.669646635708818,"ANCOMBC2","Proteobacteria","Gammaproteobacteria","Pseudomonadales","Saccharospirillaceae","Oceaniserpentilla"
"ASV665","Antibiotics vs Control",-0.193117596543083,NA,NA,0.480171736556256,0.705643682417455,"ANCOMBC2","Proteobacteria","Gammaproteobacteria","Steroidobacterales","Woeseiaceae","Woeseia"
"ASV277","Antibiotics vs Control",-0.21642560781439,NA,NA,0.499593719165638,0.727856366715456,"ANCOMBC2","Proteobacteria","Alphaproteobacteria","Caulobacterales","Hyphomonadaceae","Unclassified"
"ASV45","Antibiotics vs Control",0.223806989167772,NA,NA,0.506890076455371,0.732174554879981,"ANCOMBC2","Proteobacteria","Alphaproteobacteria","Rhodobacterales","Rhodobacteraceae","Planktomarina"
"ASV61","Antibiotics vs Control",0.374990777089968,NA,NA,0.52034258711691,0.745236417142016,"ANCOMBC2","Proteobacteria","Gammaproteobacteria","Enterobacterales","Alteromonadaceae","Unclassified"
"ASV264","Antibiotics vs Control",0.19137473652738,NA,NA,0.536569132107454,0.762018347278653,"ANCOMBC2","Bacteroidota","Bacteroidia","Chitinophagales","Saprospiraceae","Unclassified"
"ASV562","Antibiotics vs Control",-0.19640102234049,NA,NA,0.542259144126461,0.7636816279781,"ANCOMBC2","Bacteroidota","Bacteroidia","Chitinophagales","Saprospiraceae","Unclassified"
"ASV51","Antibiotics vs Control",-0.250662934509387,NA,NA,0.564297119607619,0.78815052242717,"ANCOMBC2","Proteobacteria","Alphaproteobacteria","Rhodobacterales","Rhodobacteraceae","Sulfitobacter"
"ASV356","Antibiotics vs Control",0.199308501337952,NA,NA,0.569775900059649,0.789279730410497,"ANCOMBC2","Actinobacteriota","Acidimicrobiia","Microtrichales","Microtrichaceae","Sva0996 marine group"
"ASV87","Antibiotics vs Control",0.14272992592712,NA,NA,0.595448825250342,0.792368909191401,"ANCOMBC2","Proteobacteria","Gammaproteobacteria","Pseudomonadales","Nitrincolaceae","Unclassified"
"ASV149","Antibiotics vs Control",0.143630306751248,NA,NA,0.591152085966039,0.792368909191401,"ANCOMBC2","Bacteroidota","Bacteroidia","Cytophagales","Cyclobacteriaceae","Marinoscillum"
"ASV15","Antibiotics vs Control",0.31462074278774,NA,NA,0.583470038215194,0.792368909191401,"ANCOMBC2","Proteobacteria","Alphaproteobacteria","Sphingomonadales","Sphingomonadaceae","Blastomonas"
"ASV13","Antibiotics vs Control",-0.316534670749719,NA,NA,0.58661765727468,0.792368909191401,"ANCOMBC2","Proteobacteria","Gammaproteobacteria","Enterobacterales","Alteromonadaceae","Unclassified"
"ASV305","Antibiotics vs Control",-0.165224438430455,NA,NA,0.579967582405677,0.792368909191401,"ANCOMBC2","Proteobacteria","Gammaproteobacteria","Pseudomonadales","Halieaceae","Marimicrobium"
"ASV188","Antibiotics vs Control",-0.138711543403991,NA,NA,0.606653691004715,0.800972451404662,"ANCOMBC2","Bacteroidota","Bacteroidia","Flavobacteriales","Flavobacteriaceae","Unclassified"
"ASV144","Antibiotics vs Control",0.158966012729541,NA,NA,0.616797166066178,0.801836315886031,"ANCOMBC2","Campylobacterota","Campylobacteria","Campylobacterales","Arcobacteraceae","Pseudarcobacter"
"ASV119","Antibiotics vs Control",-0.166909551335859,NA,NA,0.613919868410762,0.801836315886031,"ANCOMBC2","Actinobacteriota","Acidimicrobiia","Microtrichales","Microtrichaceae","Sva0996 marine group"
"ASV306","Antibiotics vs Control",0.12388076878504,NA,NA,0.647449030854855,0.810510268255336,"ANCOMBC2","Bacteroidota","Bacteroidia","Flavobacteriales","Flavobacteriaceae","Ulvibacter"
"ASV346","Antibiotics vs Control",-0.134578128401788,NA,NA,0.642266105023191,0.810510268255336,"ANCOMBC2","Verrucomicrobiota","Verrucomicrobiae","Verrucomicrobiales","Rubritaleaceae","Roseibacillus"
"ASV145","Antibiotics vs Control",-0.223158456966339,NA,NA,0.641109150270538,0.810510268255336,"ANCOMBC2","Firmicutes","Bacilli","Bacillales","Bacillaceae","Unclassified"
"ASV425","Antibiotics vs Control",0.154552541906509,NA,NA,0.644596281109272,0.810510268255336,"ANCOMBC2","Proteobacteria","Gammaproteobacteria","Pseudomonadales","OM182 clade","Unclassified"
"ASV81","Antibiotics vs Control",0.157765323652523,NA,NA,0.629978181383293,0.810510268255336,"ANCOMBC2","Proteobacteria","Gammaproteobacteria","Burkholderiales","Methylophilaceae","OM43 clade"
"ASV210","Antibiotics vs Control",0.125634255052086,NA,NA,0.660214449105532,0.820413543373786,"ANCOMBC2","Bacteroidota","Bacteroidia","Flavobacteriales","Flavobacteriaceae","NS4 marine group"
"ASV108","Antibiotics vs Control",0.147244674489703,NA,NA,0.66905259052152,0.825327648161582,"ANCOMBC2","Proteobacteria","Gammaproteobacteria","Pseudomonadales","SAR86 clade","Unclassified"
"ASV57","Antibiotics vs Control",-0.1634199365753,NA,NA,0.685869569457747,0.828553565001421,"ANCOMBC2","Bacteroidota","Bacteroidia","Flavobacteriales","Flavobacteriaceae","Unclassified"
"ASV115","Antibiotics vs Control",-0.117866273984639,NA,NA,0.686375734320704,0.828553565001421,"ANCOMBC2","Proteobacteria","Alphaproteobacteria","Rhodobacterales","Rhodobacteraceae","Paracoccus"
"ASV107","Antibiotics vs Control",0.123675340023572,NA,NA,0.6844427624587,0.828553565001421,"ANCOMBC2","Proteobacteria","Gammaproteobacteria","Pseudomonadales","Halieaceae","Luminiphilus"
"ASV263","Antibiotics vs Control",0.129632351161606,NA,NA,0.692049522307614,0.829477796241041,"ANCOMBC2","Proteobacteria","Gammaproteobacteria","Pseudomonadales","OM182 clade","Unclassified"
"ASV314","Antibiotics vs Control",-0.108729838336624,NA,NA,0.699167569169935,0.83210788161774,"ANCOMBC2","Proteobacteria","Alphaproteobacteria","Rhizobiales","Rhizobiaceae","Brucella"
"ASV55","Antibiotics vs Control",0.113849399013436,NA,NA,0.714157237655822,0.844004008138699,"ANCOMBC2","Proteobacteria","Alphaproteobacteria","Rhodobacterales","Rhodobacteraceae","Unclassified"
"ASV38","Antibiotics vs Control",0.113716987133922,NA,NA,0.737602415431263,0.85380005621838,"ANCOMBC2","Proteobacteria","Alphaproteobacteria","SAR11 clade","Clade I","Clade Ia"
"ASV64","Antibiotics vs Control",-0.117097362648545,NA,NA,0.728068898442084,0.85380005621838,"ANCOMBC2","Proteobacteria","Gammaproteobacteria","Enterobacterales","Pseudoalteromonadaceae","Pseudoalteromonas"
"ASV1","Antibiotics vs Control",0.212015902027831,NA,NA,0.73389780292401,0.85380005621838,"ANCOMBC2","Proteobacteria","Alphaproteobacteria","Rhodobacterales","Rhodobacteraceae","Unclassified"
"ASV171","Antibiotics vs Control",0.0978831771667022,NA,NA,0.754639266640656,0.867578476614087,"ANCOMBC2","Actinobacteriota","Acidimicrobiia","Microtrichales","Microtrichaceae","Unclassified"
"ASV150","Antibiotics vs Control",0.138739228914185,NA,NA,0.766200212889363,0.874917810664205,"ANCOMBC2","Proteobacteria","Alphaproteobacteria","Rhodospirillales","AEGEAN-169 marine group","Unclassified"
"ASV404","Antibiotics vs Control",-0.0761013289547939,NA,NA,0.779359213092267,0.883971188003981,"ANCOMBC2","Bacteroidota","Rhodothermia","Balneolales","Balneolaceae","Unclassified"
"ASV4","Antibiotics vs Control",-0.156757253136678,NA,NA,0.788317122446486,0.888170624623041,"ANCOMBC2","Proteobacteria","Alphaproteobacteria","Rhodobacterales","Rhodobacteraceae","Unclassified"
"ASV92","Antibiotics vs Control",0.0734025129982666,NA,NA,0.802864494486911,0.898570195816477,"ANCOMBC2","Bacteroidota","Bacteroidia","Flavobacteriales","Flavobacteriaceae","Polaribacter"
"ASV201","Antibiotics vs Control",-0.101627668463186,NA,NA,0.812026947939194,0.90284575132713,"ANCOMBC2","Proteobacteria","Gammaproteobacteria","Pseudomonadales","Halomonadaceae","Halomonas"
"ASV157","Antibiotics vs Control",-0.0617920314459395,NA,NA,0.829837036163242,0.9166173798143,"ANCOMBC2","Actinobacteriota","Actinobacteria","Micrococcales","Microbacteriaceae","ML602J-51"
"ASV53","Antibiotics vs Control",0.0908181949533516,NA,NA,0.850106278917674,0.926890071852174,"ANCOMBC2","Proteobacteria","Gammaproteobacteria","Pseudomonadales","Alcanivoracaceae","Ketobacter"
"ASV117","Antibiotics vs Control",-0.0594370344550892,NA,NA,0.849577162841967,0.926890071852174,"ANCOMBC2","Proteobacteria","Alphaproteobacteria","Rhizobiales","Rhizobiaceae","Unclassified"
"ASV283","Antibiotics vs Control",-0.0533871405138539,NA,NA,0.872239107170167,0.932224521696764,"ANCOMBC2","Bacteroidota","Bacteroidia","Flavobacteriales","NS9 marine group","Unclassified"
"ASV161","Antibiotics vs Control",0.0434002582905699,NA,NA,0.89266856847447,0.932224521696764,"ANCOMBC2","Bacteroidota","Bacteroidia","Flavobacteriales","NS9 marine group","Unclassified"
"ASV32","Antibiotics vs Control",-0.0482814973580501,NA,NA,0.904643914545972,0.932224521696764,"ANCOMBC2","Bacteroidota","Bacteroidia","Flavobacteriales","Flavobacteriaceae","Flavobacterium"
"ASV28","Antibiotics vs Control",-0.0739630728144624,NA,NA,0.882302503673947,0.932224521696764,"ANCOMBC2","Cyanobacteria","Cyanobacteriia","Synechococcales","Cyanobiaceae","Synechococcus CC9902"
"ASV265","Antibiotics vs Control",-0.0472451465796011,NA,NA,0.900135325637714,0.932224521696764,"ANCOMBC2","Proteobacteria","Gammaproteobacteria","Pseudomonadales","Halomonadaceae","Cobetia"
"ASV96","Antibiotics vs Control",-0.0619088864685179,NA,NA,0.888125526993678,0.932224521696764,"ANCOMBC2","Proteobacteria","Gammaproteobacteria","Enterobacterales","Colwelliaceae","Unclassified"
"ASV268","Antibiotics vs Control",0.0461451460360748,NA,NA,0.898334853574606,0.932224521696764,"ANCOMBC2","Proteobacteria","Gammaproteobacteria","Enterobacterales","Alteromonadaceae","Paraglaciecola"
"ASV40","Antibiotics vs Control",-0.0480193127384057,NA,NA,0.878703521439646,0.932224521696764,"ANCOMBC2","Proteobacteria","Alphaproteobacteria","Rhodobacterales","Rhodobacteraceae","Unclassified"
"ASV18","Antibiotics vs Control",-0.0633399198824618,NA,NA,0.882270024136607,0.932224521696764,"ANCOMBC2","Proteobacteria","Alphaproteobacteria","Rhodobacterales","Rhodobacteraceae","Celeribacter"
"ASV270","Antibiotics vs Control",0.0429132799080317,NA,NA,0.911162819855527,0.933251615488388,"ANCOMBC2","Proteobacteria","Gammaproteobacteria","Enterobacterales","Colwelliaceae","Colwellia"
"ASV74","Antibiotics vs Control",0.0333024144512903,NA,NA,0.918658651540881,0.935260916327764,"ANCOMBC2","Proteobacteria","Alphaproteobacteria","Sphingomonadales","Sphingomonadaceae","Sphingorhabdus"
"ASV207","Antibiotics vs Control",0.0196222551397709,NA,NA,0.942704247976688,0.953994119209942,"ANCOMBC2","Proteobacteria","Gammaproteobacteria","Pseudomonadales","Alcanivoracaceae","Ketobacter"
"ASV785","Antibiotics vs Control",0.0203341259227783,NA,NA,0.951697458427023,0.957362324250993,"ANCOMBC2","Nitrospirota","Nitrospiria","Nitrospirales","Nitrospiraceae","Nitrospira"
"ASV73","Antibiotics vs Control",-0.00774639332876551,NA,NA,0.982414074859943,0.982414074859943,"ANCOMBC2","Proteobacteria","Alphaproteobacteria","Rhodobacterales","Rhodobacteraceae","Sulfitobacter"
"ASV57","High temperature vs Control",2.08827048843765,NA,NA,0.000177047113376654,0.0306291506141612,"ANCOMBC2","Bacteroidota","Bacteroidia","Flavobacteriales","Flavobacteriaceae","Unclassified"
"ASV47","High temperature vs Control",1.6103802462227,NA,NA,0.000894586762944975,0.0773817549947403,"ANCOMBC2","Bacteroidota","Bacteroidia","Flavobacteriales","Flavobacteriaceae","Unclassified"
"ASV16","High temperature vs Control",1.64292228744696,NA,NA,0.00207572950755522,0.119700401602351,"ANCOMBC2","Proteobacteria","Gammaproteobacteria","Enterobacterales","Alteromonadaceae","Alteromonas"
"ASV404","High temperature vs Control",-1.05759701960868,NA,NA,0.00288412688500187,0.124738487776331,"ANCOMBC2","Bacteroidota","Rhodothermia","Balneolales","Balneolaceae","Unclassified"
"ASV180","High temperature vs Control",0.919965626627842,NA,NA,0.0040305327524124,0.139456433233469,"ANCOMBC2","Proteobacteria","Gammaproteobacteria","Pseudomonadales","Thioglobaceae","Candidatus Thioglobus"
"ASV460","High temperature vs Control",-1.07103778431647,NA,NA,0.00723613735166714,0.192318763552299,"ANCOMBC2","Proteobacteria","Gammaproteobacteria","Pseudomonadales","Marinobacteraceae","Marinobacter"
"ASV144","High temperature vs Control",-0.862336813426631,NA,NA,0.0118406057108409,0.192318763552299,"ANCOMBC2","Campylobacterota","Campylobacteria","Campylobacterales","Arcobacteraceae","Pseudarcobacter"
"ASV29","High temperature vs Control",1.03286208322675,NA,NA,0.0115319895910608,0.192318763552299,"ANCOMBC2","Proteobacteria","Gammaproteobacteria","Enterobacterales","Alteromonadaceae","Unclassified"
"ASV117","High temperature vs Control",-0.813921492681837,NA,NA,0.0144516989952595,0.192318763552299,"ANCOMBC2","Proteobacteria","Alphaproteobacteria","Rhizobiales","Rhizobiaceae","Unclassified"
"ASV458","High temperature vs Control",-0.880948265605046,NA,NA,0.0134631843200998,0.192318763552299,"ANCOMBC2","Proteobacteria","Gammaproteobacteria","Burkholderiales","Nitrosomonadaceae","Nitrosomonas"
"ASV305","High temperature vs Control",-0.782166722439491,NA,NA,0.0143785161415126,0.192318763552299,"ANCOMBC2","Proteobacteria","Gammaproteobacteria","Pseudomonadales","Halieaceae","Marimicrobium"
"ASV274","High temperature vs Control",-0.680687782223214,NA,NA,0.0133212600393241,0.192318763552299,"ANCOMBC2","Proteobacteria","Gammaproteobacteria","Pseudomonadales","Halieaceae","OM60(NOR5) clade"
"ASV538","High temperature vs Control",-0.926182875189937,NA,NA,0.0118272215386208,0.192318763552299,"ANCOMBC2","Proteobacteria","Gammaproteobacteria","Pseudomonadales","Spongiibacteraceae","Unclassified"
"ASV101","High temperature vs Control",-0.737913067510628,NA,NA,0.0184136681386088,0.225180230928404,"ANCOMBC2","Proteobacteria","Alphaproteobacteria","SAR11 clade","Clade I","Clade Ia"
"ASV237","High temperature vs Control",-0.867446849938904,NA,NA,0.0195242974793414,0.225180230928404,"ANCOMBC2","Proteobacteria","Alphaproteobacteria","Rhodospirillales","Terasakiellaceae","Terasakiella"
"ASV207","High temperature vs Control",0.806024260019337,NA,NA,0.0363638805117092,0.241857221990049,"ANCOMBC2","Proteobacteria","Gammaproteobacteria","Pseudomonadales","Alcanivoracaceae","Ketobacter"
"ASV138","High temperature vs Control",0.575451493347304,NA,NA,0.0313976999575796,0.241857221990049,"ANCOMBC2","Bacteroidota","Bacteroidia","Flavobacteriales","Flavobacteriaceae","Unclassified"
"ASV139","High temperature vs Control",-0.735946633569723,NA,NA,0.0252853683424252,0.241857221990049,"ANCOMBC2","Bacteroidota","Bacteroidia","Flavobacteriales","Flavobacteriaceae","NS4 marine group"
"ASV92","High temperature vs Control",-0.59622905576723,NA,NA,0.033979784431794,0.241857221990049,"ANCOMBC2","Bacteroidota","Bacteroidia","Flavobacteriales","Flavobacteriaceae","Polaribacter"
"ASV264","High temperature vs Control",-0.685146758463716,NA,NA,0.0360016803128985,0.241857221990049,"ANCOMBC2","Bacteroidota","Bacteroidia","Chitinophagales","Saprospiraceae","Unclassified"
"ASV157","High temperature vs Control",-0.700563333857981,NA,NA,0.0293175304047683,0.241857221990049,"ANCOMBC2","Actinobacteriota","Actinobacteria","Micrococcales","Microbacteriaceae","ML602J-51"
"ASV797","High temperature vs Control",-0.625439258586256,NA,NA,0.0377465028539383,0.241857221990049,"ANCOMBC2","Planctomycetota","Phycisphaerae","Phycisphaerales","Phycisphaeraceae","Unclassified"
"ASV268","High temperature vs Control",-0.7664150186716,NA,NA,0.0278938536870779,0.241857221990049,"ANCOMBC2","Proteobacteria","Gammaproteobacteria","Enterobacterales","Alteromonadaceae","Paraglaciecola"
"ASV13","High temperature vs Control",0.992744130966536,NA,NA,0.0370882922674823,0.241857221990049,"ANCOMBC2","Proteobacteria","Gammaproteobacteria","Enterobacterales","Alteromonadaceae","Unclassified"
"ASV405","High temperature vs Control",-0.63408722572437,NA,NA,0.0356694778186272,0.241857221990049,"ANCOMBC2","Proteobacteria","Alphaproteobacteria","Rhodobacterales","Rhodobacteraceae","Halocynthiibacter"
"ASV181","High temperature vs Control",-0.830175141531384,NA,NA,0.0226325288536213,0.241857221990049,"ANCOMBC2","Proteobacteria","Alphaproteobacteria","Rhodobacterales","Rhodobacteraceae","Marivita"
"ASV17","High temperature vs Control",0.8618616921986,NA,NA,0.0267907108685605,0.241857221990049,"ANCOMBC2","Proteobacteria","Alphaproteobacteria","Rhodobacterales","Rhodobacteraceae","Unclassified"
"ASV222","High temperature vs Control",0.682323526068956,NA,NA,0.0446822837607268,0.252193518622347,"ANCOMBC2","Bacteroidota","Bacteroidia","Chitinophagales","Saprospiraceae","Aureispira"
"ASV188","High temperature vs Control",0.745972181488365,NA,NA,0.045801698751086,0.252193518622347,"ANCOMBC2","Bacteroidota","Bacteroidia","Flavobacteriales","Flavobacteriaceae","Unclassified"
"ASV253","High temperature vs Control",0.58098917045254,NA,NA,0.0436155914756583,0.252193518622347,"ANCOMBC2","Bacteroidota","Bacteroidia","Flavobacteriales","NS7 marine group","Unclassified"
"ASV620","High temperature vs Control",-0.57517450389914,NA,NA,0.0478753054646257,0.252193518622347,"ANCOMBC2","Proteobacteria","Alphaproteobacteria","SAR11 clade","Clade III","Unclassified"
"ASV190","High temperature vs Control",-0.611708377089724,NA,NA,0.0481062781187135,0.252193518622347,"ANCOMBC2","Bdellovibrionota","Bdellovibrionia","Bdellovibrionales","Bdellovibrionaceae","OM27 clade"
"ASV107","High temperature vs Control",-0.545484597817471,NA,NA,0.0479572690774412,0.252193518622347,"ANCOMBC2","Proteobacteria","Gammaproteobacteria","Pseudomonadales","Halieaceae","Luminiphilus"
"ASV205","High temperature vs Control",0.589573947153425,NA,NA,0.0525251999235489,0.259624559622113,"ANCOMBC2","Bacteroidota","Bacteroidia","Flavobacteriales","Flavobacteriaceae","NS5 marine group"
"ASV152","High temperature vs Control",-0.56539931402929,NA,NA,0.0510592987492018,0.259624559622113,"ANCOMBC2","Actinobacteriota","Acidimicrobiia","Microtrichales","Ilumatobacteraceae","Ilumatobacter"
"ASV194","High temperature vs Control",0.784668246669053,NA,NA,0.0547550527509376,0.263128447942006,"ANCOMBC2","Proteobacteria","Gammaproteobacteria","Pseudomonadales","Saccharospirillaceae","Oleibacter"
"ASV283","High temperature vs Control",0.589108808004725,NA,NA,0.0595501755181984,0.267915871267744,"ANCOMBC2","Bacteroidota","Bacteroidia","Flavobacteriales","NS9 marine group","Unclassified"
"ASV28","High temperature vs Control",-0.779750637188387,NA,NA,0.0616593378955738,0.267915871267744,"ANCOMBC2","Cyanobacteria","Cyanobacteriia","Synechococcales","Cyanobiaceae","Synechococcus CC9902"
"ASV8","High temperature vs Control",0.884887096287016,NA,NA,0.0619458661890737,0.267915871267744,"ANCOMBC2","Proteobacteria","Gammaproteobacteria","Enterobacterales","Alteromonadaceae","Alteromonas"
"ASV61","High temperature vs Control",-0.640393468324623,NA,NA,0.0618226482981684,0.267915871267744,"ANCOMBC2","Proteobacteria","Gammaproteobacteria","Enterobacterales","Alteromonadaceae","Unclassified"
"ASV277","High temperature vs Control",-0.62366098270979,NA,NA,0.0741781741335267,0.312995710368296,"ANCOMBC2","Proteobacteria","Alphaproteobacteria","Caulobacterales","Hyphomonadaceae","Unclassified"
"ASV103","High temperature vs Control",-0.468388328884653,NA,NA,0.0817268613164842,0.336636833517899,"ANCOMBC2","Proteobacteria","Alphaproteobacteria","Rhodobacterales","Rhodobacteraceae","Unclassified"
"ASV52","High temperature vs Control",0.478749894428727,NA,NA,0.0918205058918024,0.369417384169345,"ANCOMBC2","Bacteroidota","Bacteroidia","Flavobacteriales","Flavobacteriaceae","Aurantivirga"
"ASV218","High temperature vs Control",0.540115495907044,NA,NA,0.0971396782475717,0.38193555310977,"ANCOMBC2","Bacteroidota","Bacteroidia","Flavobacteriales","Flavobacteriaceae","Algibacter"
"ASV163","High temperature vs Control",0.490956922663871,NA,NA,0.109953719869126,0.42271096749686,"ANCOMBC2","Planctomycetota","Planctomycetes","Pirellulales","Pirellulaceae","Blastopirellula"
"ASV166","High temperature vs Control",-0.404944948855491,NA,NA,0.136489973681601,0.513320987976455,"ANCOMBC2","Bacteroidota","Bacteroidia","Flavobacteriales","Flavobacteriaceae","Olleya"
"ASV100","High temperature vs Control",0.394333246250162,NA,NA,0.156494628748946,0.517337902936576,"ANCOMBC2","Proteobacteria","Gammaproteobacteria","Pseudomonadales","Alcanivoracaceae","Ketobacter"
"ASV242","High temperature vs Control",-0.380777094535608,NA,NA,0.152316020907315,0.517337902936576,"ANCOMBC2","Bacteroidota","Bacteroidia","Flavobacteriales","Flavobacteriaceae","Confluentibacter"
"ASV114","High temperature vs Control",-0.540586987549976,NA,NA,0.156013188011399,0.517337902936576,"ANCOMBC2","Bacteroidota","Bacteroidia","Chitinophagales","Saprospiraceae","Unclassified"
"ASV142","High temperature vs Control",-0.404678684666571,NA,NA,0.153800668405613,0.517337902936576,"ANCOMBC2","Proteobacteria","Alphaproteobacteria","Rhodobacterales","Rhodobacteraceae","Tateyamaria"
"ASV55","High temperature vs Control",0.499619692328822,NA,NA,0.154078723132873,0.517337902936576,"ANCOMBC2","Proteobacteria","Alphaproteobacteria","Rhodobacterales","Rhodobacteraceae","Unclassified"
"ASV84","High temperature vs Control",0.386770310520376,NA,NA,0.158490802633749,0.517337902936576,"ANCOMBC2","Proteobacteria","Alphaproteobacteria","Rhodobacterales","Rhodobacteraceae","Tropicibacter"
"ASV356","High temperature vs Control",-0.410676854514017,NA,NA,0.144873699148448,0.517337902936576,"ANCOMBC2","Actinobacteriota","Acidimicrobiia","Microtrichales","Microtrichaceae","Sva0996 marine group"
"ASV71","High temperature vs Control",0.363187891243199,NA,NA,0.164049575282648,0.525566231924039,"ANCOMBC2","Proteobacteria","Gammaproteobacteria","Enterobacterales","Alteromonadaceae","Alteromonas"
"ASV500","High temperature vs Control",-0.436341851376264,NA,NA,0.173374040339926,0.535601946050128,"ANCOMBC2","Verrucomicrobiota","Verrucomicrobiae","Pedosphaerales","Pedosphaeraceae","SCGC AAA164-E04"
"ASV150","High temperature vs Control",0.445925099972477,NA,NA,0.173028011663031,0.535601946050128,"ANCOMBC2","Proteobacteria","Alphaproteobacteria","Rhodospirillales","AEGEAN-169 marine group","Unclassified"
"ASV576","High temperature vs Control",0.358306283019412,NA,NA,0.179315538337272,0.544238388286809,"ANCOMBC2","Acidobacteriota","Holophagae","Acanthopleuribacterales","Acanthopleuribacteraceae","Acanthopleuribacter"
"ASV314","High temperature vs Control",-0.369346290695778,NA,NA,0.18371142807706,0.547966845816057,"ANCOMBC2","Proteobacteria","Alphaproteobacteria","Rhizobiales","Rhizobiaceae","Brucella"
"ASV109","High temperature vs Control",-0.442515423028072,NA,NA,0.191273932987729,0.560854074692832,"ANCOMBC2","Proteobacteria","Alphaproteobacteria","SAR11 clade","Clade II","Unclassified"
"ASV108","High temperature vs Control",-0.410188928402017,NA,NA,0.196451031175738,0.566433806556712,"ANCOMBC2","Proteobacteria","Gammaproteobacteria","Pseudomonadales","SAR86 clade","Unclassified"
"ASV121","High temperature vs Control",0.36016162031456,NA,NA,0.204310004083539,0.579436568958234,"ANCOMBC2","Proteobacteria","Alphaproteobacteria","Rhodobacterales","Rhodobacteraceae","Unclassified"
"ASV74","High temperature vs Control",0.393882721266941,NA,NA,0.215293868812193,0.582301705687474,"ANCOMBC2","Proteobacteria","Alphaproteobacteria","Sphingomonadales","Sphingomonadaceae","Sphingorhabdus"
"ASV470","High temperature vs Control",0.411952246164299,NA,NA,0.219631276006108,0.582301705687474,"ANCOMBC2","Proteobacteria","Gammaproteobacteria","Pseudomonadales","Halomonadaceae","Halomonas"
"ASV43","High temperature vs Control",0.440960277403888,NA,NA,0.218367232415049,0.582301705687474,"ANCOMBC2","Proteobacteria","Gammaproteobacteria","Pseudomonadales","Thioglobaceae","SUP05 cluster"
"ASV30","High temperature vs Control",0.565652490006955,NA,NA,0.222149783672678,0.582301705687474,"ANCOMBC2","Proteobacteria","Gammaproteobacteria","Enterobacterales","Alteromonadaceae","Alteromonas"
"ASV81","High temperature vs Control",-0.408533911063199,NA,NA,0.209456727213155,0.582301705687474,"ANCOMBC2","Proteobacteria","Gammaproteobacteria","Burkholderiales","Methylophilaceae","OM43 clade"
"ASV85","High temperature vs Control",-0.317575395251567,NA,NA,0.235516279637934,0.592078506856076,"ANCOMBC2","Bacteroidota","Bacteroidia","Flavobacteriales","Flavobacteriaceae","Unclassified"
"ASV216","High temperature vs Control",-0.401380499280022,NA,NA,0.230565026613919,0.592078506856076,"ANCOMBC2","Cyanobacteria","Vampirivibrionia","Obscuribacterales","Obscuribacteraceae","Unclassified"
"ASV383","High temperature vs Control",0.321570354410241,NA,NA,0.236146918919476,0.592078506856076,"ANCOMBC2","Verrucomicrobiota","Verrucomicrobiae","Verrucomicrobiales","Rubritaleaceae","Persicirhabdus"
"ASV35","High temperature vs Control",0.33676546962175,NA,NA,0.24180046940805,0.597592588679895,"ANCOMBC2","Proteobacteria","Gammaproteobacteria","Pseudomonadales","Halieaceae","OM60(NOR5) clade"
"ASV50","High temperature vs Control",-0.499893963834003,NA,NA,0.262494621655519,0.639599571076123,"ANCOMBC2","Bacteroidota","Bacteroidia","Flavobacteriales","Crocinitomicaceae","Salinirepens"
"ASV124","High temperature vs Control",-0.36652679864139,NA,NA,0.270043700002671,0.648855001395306,"ANCOMBC2","Bacteroidota","Bacteroidia","Flavobacteriales","Flavobacteriaceae","Gramella"
"ASV64","High temperature vs Control",-0.355572769417317,NA,NA,0.28108394501104,0.650362203879398,"ANCOMBC2","Proteobacteria","Gammaproteobacteria","Enterobacterales","Pseudoalteromonadaceae","Pseudoalteromonas"
"ASV419","High temperature vs Control",0.307217812912783,NA,NA,0.281020860292583,0.650362203879398,"ANCOMBC2","Proteobacteria","Gammaproteobacteria","Burkholderiales","Methylophilaceae","Methylotenera"
"ASV90","High temperature vs Control",-0.398185331736075,NA,NA,0.281948932317658,0.650362203879398,"ANCOMBC2","Proteobacteria","Alphaproteobacteria","Rhizobiales","Rhizobiaceae","Lentilitoribacter"
"ASV177","High temperature vs Control",0.296640859867834,NA,NA,0.302649688402001,0.679979170046054,"ANCOMBC2","Proteobacteria","Gammaproteobacteria","Pseudomonadales","Thioglobaceae","SUP05 cluster"
"ASV67","High temperature vs Control",0.392344336403642,NA,NA,0.300855791387679,0.679979170046054,"ANCOMBC2","Proteobacteria","Gammaproteobacteria","Pseudomonadales","Porticoccaceae","Porticoccus"
"ASV38","High temperature vs Control",-0.399597979367641,NA,NA,0.318770477890642,0.690345409944717,"ANCOMBC2","Proteobacteria","Alphaproteobacteria","SAR11 clade","Clade I","Clade Ia"
"ASV215","High temperature vs Control",0.306844647003806,NA,NA,0.327014094034663,0.690345409944717,"ANCOMBC2","Proteobacteria","Gammaproteobacteria","Pseudomonadales","Oleiphilaceae","Oleiphilus"
"ASV78","High temperature vs Control",-0.306481763260055,NA,NA,0.327215743442005,0.690345409944717,"ANCOMBC2","Proteobacteria","Gammaproteobacteria","Enterobacterales","Vibrionaceae","Aliivibrio"
"ASV1","High temperature vs Control",0.457249088703281,NA,NA,0.323384323361329,0.690345409944717,"ANCOMBC2","Proteobacteria","Alphaproteobacteria","Rhodobacterales","Rhodobacteraceae","Unclassified"
"ASV340","High temperature vs Control",0.304881282067555,NA,NA,0.315719544971958,0.690345409944717,"ANCOMBC2","Proteobacteria","Gammaproteobacteria","Pseudomonadales","KI89A clade","Unclassified"
"ASV5","High temperature vs Control",-0.444440794289752,NA,NA,0.332986978572589,0.694057196301903,"ANCOMBC2","Proteobacteria","Gammaproteobacteria","Enterobacterales","Alteromonadaceae","Alteromonas"
"ASV119","High temperature vs Control",-0.282155683750947,NA,NA,0.33875821031327,0.697680599811854,"ANCOMBC2","Actinobacteriota","Acidimicrobiia","Microtrichales","Microtrichaceae","Sva0996 marine group"
"ASV80","High temperature vs Control",-0.303696042716521,NA,NA,0.352161423065535,0.716752072827501,"ANCOMBC2","Bdellovibrionota","Bdellovibrionia","Bdellovibrionales","Bdellovibrionaceae","OM27 clade"
"ASV58","High temperature vs Control",-0.269147594523539,NA,NA,0.372097792578094,0.748522303674537,"ANCOMBC2","Bacteroidota","Bacteroidia","Flavobacteriales","Flavobacteriaceae","Croceibacter"
"ASV171","High temperature vs Control",-0.210580281205223,NA,NA,0.378311133344136,0.752273862856731,"ANCOMBC2","Actinobacteriota","Acidimicrobiia","Microtrichales","Microtrichaceae","Unclassified"
"ASV362","High temperature vs Control",0.30226808833332,NA,NA,0.39355977417787,0.769413773635732,"ANCOMBC2","Proteobacteria","Gammaproteobacteria","Pseudomonadales","Oleiphilaceae","Oleiphilus"
"ASV221","High temperature vs Control",-0.24807988670981,NA,NA,0.404720539889316,0.769413773635732,"ANCOMBC2","Proteobacteria","Gammaproteobacteria","Enterobacterales","Vibrionaceae","Aliivibrio"
"ASV128","High temperature vs Control",0.220442670759251,NA,NA,0.398134153966612,0.769413773635732,"ANCOMBC2","Proteobacteria","Gammaproteobacteria","Pseudomonadales","SAR86 clade","Unclassified"
"ASV14","High temperature vs Control",0.265586752299063,NA,NA,0.402631098410866,0.769413773635732,"ANCOMBC2","Proteobacteria","Alphaproteobacteria","Rhodobacterales","Rhodobacteraceae","Phaeobacter"
"ASV122","High temperature vs Control",-0.28013055870528,NA,NA,0.413698985384084,0.769569080338135,"ANCOMBC2","Proteobacteria","Gammaproteobacteria","Enterobacterales","Alteromonadaceae","Salinimonas"
"ASV189","High temperature vs Control",-0.201236189280044,NA,NA,0.410186104667115,0.769569080338135,"ANCOMBC2","Proteobacteria","Gammaproteobacteria","Pseudomonadales","Nitrincolaceae","Unclassified"
"ASV83","High temperature vs Control",0.224351243212503,NA,NA,0.489376486466835,0.772484242418279,"ANCOMBC2","Proteobacteria","Gammaproteobacteria","Pseudomonadales","Pseudohongiellaceae","Pseudohongiella"
"ASV158","High temperature vs Control",0.192865415123056,NA,NA,0.465966751643686,0.772484242418279,"ANCOMBC2","Bacteroidota","Bacteroidia","Flavobacteriales","Flavobacteriaceae","NS3a marine group"
"ASV210","High temperature vs Control",-0.224394206820697,NA,NA,0.485381504562001,0.772484242418279,"ANCOMBC2","Bacteroidota","Bacteroidia","Flavobacteriales","Flavobacteriaceae","NS4 marine group"
"ASV308","High temperature vs Control",0.223365043825689,NA,NA,0.424554279871157,0.772484242418279,"ANCOMBC2","Bacteroidota","Bacteroidia","Flavobacteriales","Flavobacteriaceae","Polaribacter"
"ASV197","High temperature vs Control",-0.192211235660391,NA,NA,0.459686325163285,0.772484242418279,"ANCOMBC2","Bacteroidota","Bacteroidia","Flavobacteriales","Flavobacteriaceae","Polaribacter"
"ASV336","High temperature vs Control",-0.19279522479861,NA,NA,0.467310134043584,0.772484242418279,"ANCOMBC2","Bacteroidota","Bacteroidia","Chitinophagales","Saprospiraceae","Unclassified"
"ASV193","High temperature vs Control",0.219420819175493,NA,NA,0.460749385712637,0.772484242418279,"ANCOMBC2","Bacteroidota","Bacteroidia","Chitinophagales","Saprospiraceae","Lewinella"
"ASV12","High temperature vs Control",-0.345747721824848,NA,NA,0.491169190709834,0.772484242418279,"ANCOMBC2","Cyanobacteria","Cyanobacteriia","Synechococcales","Cyanobiaceae","Synechococcus CC9902"
"ASV15","High temperature vs Control",0.247103958941979,NA,NA,0.495640178661439,0.772484242418279,"ANCOMBC2","Proteobacteria","Alphaproteobacteria","Sphingomonadales","Sphingomonadaceae","Blastomonas"
"ASV201","High temperature vs Control",-0.214530696702965,NA,NA,0.461417392108138,0.772484242418279,"ANCOMBC2","Proteobacteria","Gammaproteobacteria","Pseudomonadales","Halomonadaceae","Halomonas"
"ASV160","High temperature vs Control",0.188870904209091,NA,NA,0.458726882945603,0.772484242418279,"ANCOMBC2","Proteobacteria","Gammaproteobacteria","Enterobacterales","Colwelliaceae","Thalassotalea"
"ASV62","High temperature vs Control",-0.297195080135261,NA,NA,0.422339668903627,0.772484242418279,"ANCOMBC2","Proteobacteria","Gammaproteobacteria","Pseudomonadales","SAR86 clade","Unclassified"
"ASV48","High temperature vs Control",0.213499177890432,NA,NA,0.48198726836499,0.772484242418279,"ANCOMBC2","Proteobacteria","Alphaproteobacteria","Rhodobacterales","Rhodobacteraceae","Oceanibulbus"
"ASV37","High temperature vs Control",-0.236178404852616,NA,NA,0.491539078785934,0.772484242418279,"ANCOMBC2","Proteobacteria","Alphaproteobacteria","Rhodobacterales","Rhodobacteraceae","Celeribacter"
"ASV18","High temperature vs Control",0.396893123895433,NA,NA,0.430625453671037,0.772484242418279,"ANCOMBC2","Proteobacteria","Alphaproteobacteria","Rhodobacterales","Rhodobacteraceae","Celeribacter"
"ASV254","High temperature vs Control",-0.236746284669608,NA,NA,0.467552291913686,0.772484242418279,"ANCOMBC2","Proteobacteria","Alphaproteobacteria","Caulobacterales","Hyphomonadaceae","Algimonas"
"ASV232","High temperature vs Control",0.212408666236859,NA,NA,0.470488986042253,0.772484242418279,"ANCOMBC2","Nitrospinota","Nitrospinia","Nitrospinales","Nitrospinaceae","LS-NOB"
"ASV208","High temperature vs Control",-0.247748925253652,NA,NA,0.436022659762808,0.772484242418279,"ANCOMBC2","Proteobacteria","Gammaproteobacteria","Pseudomonadales","Halieaceae","OM60(NOR5) clade"
"ASV265","High temperature vs Control",-0.188155005245372,NA,NA,0.509674770073035,0.782318570154154,"ANCOMBC2","Proteobacteria","Gammaproteobacteria","Pseudomonadales","Halomonadaceae","Cobetia"
"ASV262","High temperature vs Control",0.174706757129761,NA,NA,0.510994210563118,0.782318570154154,"ANCOMBC2","Actinobacteriota","Acidimicrobiia","Microtrichales","Microtrichaceae","Sva0996 marine group"
"ASV23","High temperature vs Control",0.38048691990449,NA,NA,0.51972751479541,0.788709298768472,"ANCOMBC2","Firmicutes","Bacilli","Mycoplasmatales","Mycoplasmataceae","Mycoplasma"
"ASV34","High temperature vs Control",0.247939208713108,NA,NA,0.529617867210868,0.79672948719548,"ANCOMBC2","Proteobacteria","Alphaproteobacteria","Rhodobacterales","Rhodobacteraceae","Planktotalea"
"ASV70","High temperature vs Control",-0.166626419664308,NA,NA,0.537136227973271,0.801073857235999,"ANCOMBC2","Proteobacteria","Alphaproteobacteria","Rhodobacterales","Rhodobacteraceae","Tateyamaria"
"ASV203","High temperature vs Control",0.151237140468793,NA,NA,0.567312785464853,0.817799888325676,"ANCOMBC2","Proteobacteria","Gammaproteobacteria","Pseudomonadales","Pseudohongiellaceae","Pseudohongiella"
"ASV127","High temperature vs Control",0.200294582503464,NA,NA,0.571688314428807,0.817799888325676,"ANCOMBC2","Proteobacteria","Gammaproteobacteria","Pseudomonadales","Spongiibacteraceae","BD1-7 clade"
"ASV346","High temperature vs Control",0.137434080989577,NA,NA,0.581441539098602,0.817799888325676,"ANCOMBC2","Verrucomicrobiota","Verrucomicrobiae","Verrucomicrobiales","Rubritaleaceae","Roseibacillus"
"ASV263","High temperature vs Control",-0.172700075145519,NA,NA,0.576529471328664,0.817799888325676,"ANCOMBC2","Proteobacteria","Gammaproteobacteria","Pseudomonadales","OM182 clade","Unclassified"
"ASV22","High temperature vs Control",0.197951464079974,NA,NA,0.554529630139651,0.817799888325676,"ANCOMBC2","Proteobacteria","Alphaproteobacteria","Rhodobacterales","Rhodobacteraceae","Pseudooceanicola"
"ASV115","High temperature vs Control",-0.172759864337029,NA,NA,0.560382422846267,0.817799888325676,"ANCOMBC2","Proteobacteria","Alphaproteobacteria","Rhodobacterales","Rhodobacteraceae","Paracoccus"
"ASV76","High temperature vs Control",-0.175884372791191,NA,NA,0.577203054338119,0.817799888325676,"ANCOMBC2","Proteobacteria","Alphaproteobacteria","Kiloniellales","Kiloniellaceae","Unclassified"
"ASV45","High temperature vs Control",-0.135689693827951,NA,NA,0.600691145677146,0.83135654561717,"ANCOMBC2","Proteobacteria","Alphaproteobacteria","Rhodobacterales","Rhodobacteraceae","Planktomarina"
"ASV33","High temperature vs Control",0.17597997467542,NA,NA,0.597609917117393,0.83135654561717,"ANCOMBC2","Proteobacteria","Alphaproteobacteria","Puniceispirillales","SAR116 clade","Candidatus Puniceispirillum"
"ASV341","High temperature vs Control",0.151956973100193,NA,NA,0.62041559081968,0.846778271020042,"ANCOMBC2","Proteobacteria","Gammaproteobacteria","Enterobacterales","Shewanellaceae","Unclassified"
"ASV39","High temperature vs Control",0.22520182801915,NA,NA,0.640624242276644,0.846778271020042,"ANCOMBC2","Bacteroidota","Bacteroidia","Flavobacteriales","Cryomorphaceae","Owenweeksia"
"ASV32","High temperature vs Control",0.26526525676257,NA,NA,0.641202043373558,0.846778271020042,"ANCOMBC2","Bacteroidota","Bacteroidia","Flavobacteriales","Flavobacteriaceae","Flavobacterium"
"ASV105","High temperature vs Control",0.154573570704764,NA,NA,0.634192409017694,0.846778271020042,"ANCOMBC2","Firmicutes","Bacilli","Mycoplasmatales","Mycoplasmataceae","Mycoplasma"
"ASV236","High temperature vs Control",-0.132263490237376,NA,NA,0.632211237958859,0.846778271020042,"ANCOMBC2","Proteobacteria","Gammaproteobacteria","Pseudomonadales","Marinomonadaceae","Marinomonas"
"ASV131","High temperature vs Control",-0.137377027740313,NA,NA,0.625196877481871,0.846778271020042,"ANCOMBC2","Proteobacteria","Alphaproteobacteria","Rhodobacterales","Rhodobacteraceae","Unclassified"
"ASV36","High temperature vs Control",0.112719444583268,NA,NA,0.646819742163095,0.847725874198602,"ANCOMBC2","Proteobacteria","Alphaproteobacteria","Rhodobacterales","Rhodobacteraceae","Unclassified"
"ASV259","High temperature vs Control",-0.0887160571361798,NA,NA,0.741279165026263,0.877267434728213,"ANCOMBC2","Proteobacteria","Gammaproteobacteria","Pseudomonadales","Nitrincolaceae","Unclassified"
"ASV87","High temperature vs Control",-0.0862415649853993,NA,NA,0.735894681116995,0.877267434728213,"ANCOMBC2","Proteobacteria","Gammaproteobacteria","Pseudomonadales","Nitrincolaceae","Unclassified"
"ASV306","High temperature vs Control",-0.087118261334256,NA,NA,0.736944083574659,0.877267434728213,"ANCOMBC2","Bacteroidota","Bacteroidia","Flavobacteriales","Flavobacteriaceae","Ulvibacter"
"ASV41","High temperature vs Control",0.113480023235793,NA,NA,0.739911341381658,0.877267434728213,"ANCOMBC2","Bacteroidota","Bacteroidia","Flavobacteriales","Flavobacteriaceae","NS5 marine group"
"ASV113","High temperature vs Control",0.121807846848876,NA,NA,0.728046946552818,0.877267434728213,"ANCOMBC2","Proteobacteria","Gammaproteobacteria","Pseudomonadales","OM182 clade","Unclassified"
"ASV63","High temperature vs Control",0.134129895686306,NA,NA,0.755565594072276,0.877267434728213,"ANCOMBC2","Proteobacteria","Gammaproteobacteria","Pseudomonadales","Cellvibrionaceae","Unclassified"
"ASV96","High temperature vs Control",0.134244763305221,NA,NA,0.748872329303188,0.877267434728213,"ANCOMBC2","Proteobacteria","Gammaproteobacteria","Enterobacterales","Colwelliaceae","Unclassified"
"ASV19","High temperature vs Control",-0.146687901226495,NA,NA,0.721299917565763,0.877267434728213,"ANCOMBC2","Proteobacteria","Gammaproteobacteria","Enterobacterales","Alteromonadaceae","Paraglaciecola"
"ASV111","High temperature vs Control",0.110508611414632,NA,NA,0.689698975627489,0.877267434728213,"ANCOMBC2","Proteobacteria","Gammaproteobacteria","Enterobacterales","Colwelliaceae","Colwellia"
"ASV183","High temperature vs Control",-0.0886350990324868,NA,NA,0.750738812411053,0.877267434728213,"ANCOMBC2","Proteobacteria","Gammaproteobacteria","Pseudomonadales","Saccharospirillaceae","Oceaniserpentilla"
"ASV132","High temperature vs Control",-0.0845139004886719,NA,NA,0.743625647323119,0.877267434728213,"ANCOMBC2","Proteobacteria","Alphaproteobacteria","Rhodobacterales","Rhodobacteraceae","Unclassified"
"ASV73","High temperature vs Control",-0.0928194921789931,NA,NA,0.74506858398708,0.877267434728213,"ANCOMBC2","Proteobacteria","Alphaproteobacteria","Rhodobacterales","Rhodobacteraceae","Sulfitobacter"
"ASV40","High temperature vs Control",0.10047840045905,NA,NA,0.704169821953037,0.877267434728213,"ANCOMBC2","Proteobacteria","Alphaproteobacteria","Rhodobacterales","Rhodobacteraceae","Unclassified"
"ASV42","High temperature vs Control",0.182766468373029,NA,NA,0.677543224282552,0.877267434728213,"ANCOMBC2","Proteobacteria","Alphaproteobacteria","Rhodobacterales","Rhodobacteraceae","Aestuariihabitans"
"ASV424","High temperature vs Control",0.0912554776478371,NA,NA,0.715089005103579,0.877267434728213,"ANCOMBC2","Proteobacteria","Alphaproteobacteria","Caulobacterales","Hyphomonadaceae","Hellea"
"ASV46","High temperature vs Control",0.10580299311125,NA,NA,0.742885183402191,0.877267434728213,"ANCOMBC2","Proteobacteria","Alphaproteobacteria","Parvibaculales","PS1 clade","Unclassified"
"ASV66","High temperature vs Control",-0.120960402455058,NA,NA,0.726594496474549,0.877267434728213,"ANCOMBC2","Proteobacteria","Alphaproteobacteria","Puniceispirillales","SAR116 clade","Unclassified"
"ASV4","High temperature vs Control",0.105943978545694,NA,NA,0.777861024243741,0.897133047961115,"ANCOMBC2","Proteobacteria","Alphaproteobacteria","Rhodobacterales","Rhodobacteraceae","Unclassified"
"ASV161","High temperature vs Control",-0.075425070949697,NA,NA,0.810317507017965,0.928377011351709,"ANCOMBC2","Bacteroidota","Bacteroidia","Flavobacteriales","NS9 marine group","Unclassified"
"ASV27","High temperature vs Control",-0.107129265063989,NA,NA,0.81998278926186,0.933269885146723,"ANCOMBC2","Bacteroidota","Bacteroidia","Flavobacteriales","Crocinitomicaceae","Salinirepens"
"ASV168","High temperature vs Control",0.0469595083083436,NA,NA,0.838292125176837,0.947872795134594,"ANCOMBC2","Proteobacteria","Gammaproteobacteria","Enterobacterales","Pseudoalteromonadaceae","Pseudoalteromonas"
"ASV98","High temperature vs Control",0.0516904800113743,NA,NA,0.845708516570943,0.95004917770632,"ANCOMBC2","Proteobacteria","Alphaproteobacteria","Rhodobacterales","Rhodobacteraceae","Oceanibulbus"
"ASV77","High temperature vs Control",-0.0534773838161839,NA,NA,0.870661812603437,0.95331957962275,"ANCOMBC2","Bacteroidota","Bacteroidia","Flavobacteriales","Flavobacteriaceae","Kordia"
"ASV350","High temperature vs Control",0.0452193782017533,NA,NA,0.863703855913258,0.95331957962275,"ANCOMBC2","Bdellovibrionota","Bdellovibrionia","Bdellovibrionales","Bdellovibrionaceae","OM27 clade"
"ASV2","High temperature vs Control",0.0923468274121783,NA,NA,0.859214348528526,0.95331957962275,"ANCOMBC2","Proteobacteria","Gammaproteobacteria","Enterobacterales","Alteromonadaceae","Alteromonas"
"ASV11","High temperature vs Control",-0.0660384071491543,NA,NA,0.868621687261968,0.95331957962275,"ANCOMBC2","Proteobacteria","Alphaproteobacteria","Rhodobacterales","Rhodobacteraceae","Amylibacter"
"ASV363","High temperature vs Control",-0.0378437104843127,NA,NA,0.889188300118171,0.953730860649577,"ANCOMBC2","Verrucomicrobiota","Verrucomicrobiae","Verrucomicrobiales","Rubritaleaceae","Roseibacillus"
"ASV24","High temperature vs Control",0.0407719509072299,NA,NA,0.898601909166942,0.953730860649577,"ANCOMBC2","Proteobacteria","Alphaproteobacteria","Rhodobacterales","Rhodobacteraceae","Amylibacter"
"ASV20","High temperature vs Control",0.0380106467880115,NA,NA,0.896673741570367,0.953730860649577,"ANCOMBC2","Proteobacteria","Alphaproteobacteria","Rhodobacterales","Rhodobacteraceae","Planktomarina"
"ASV31","High temperature vs Control",0.0620106460617262,NA,NA,0.883781895373937,0.953730860649577,"ANCOMBC2","Proteobacteria","Alphaproteobacteria","Rhizobiales","Rhizobiaceae","Pseudahrensia"
"ASV49","High temperature vs Control",0.0549653521608583,NA,NA,0.887367274932559,0.953730860649577,"ANCOMBC2","Actinobacteriota","Acidimicrobiia","Actinomarinales","Actinomarinaceae","Candidatus Actinomarina"
"ASV51","High temperature vs Control",-0.0468091602788293,NA,NA,0.910029640733706,0.95997029174958,"ANCOMBC2","Proteobacteria","Alphaproteobacteria","Rhodobacterales","Rhodobacteraceae","Sulfitobacter"
"ASV120","High temperature vs Control",0.0297442065487611,NA,NA,0.928867387856479,0.962239868857311,"ANCOMBC2","Proteobacteria","Gammaproteobacteria","Pseudomonadales","Pseudomonadaceae","Pseudomonas"
"ASV148","High temperature vs Control",-0.0260926976677603,NA,NA,0.923475807945913,0.962239868857311,"ANCOMBC2","Bacteroidota","Bacteroidia","Flavobacteriales","Flavobacteriaceae","Muricauda"
"ASV149","High temperature vs Control",-0.0249870432589299,NA,NA,0.917821641943222,0.962239868857311,"ANCOMBC2","Bacteroidota","Bacteroidia","Cytophagales","Cyclobacteriaceae","Marinoscillum"
"ASV53","High temperature vs Control",0.0253391553844878,NA,NA,0.947193436355559,0.969612215914271,"ANCOMBC2","Proteobacteria","Gammaproteobacteria","Pseudomonadales","Alcanivoracaceae","Ketobacter"
"ASV145","High temperature vs Control",-0.0279368488804125,NA,NA,0.942011159453225,0.969612215914271,"ANCOMBC2","Firmicutes","Bacilli","Bacillales","Bacillaceae","Unclassified"
"ASV147","High temperature vs Control",0.0131413021551814,NA,NA,0.968775232039097,0.98010593650739,"ANCOMBC2","Proteobacteria","Gammaproteobacteria","Pseudomonadales","Cellvibrionaceae","Unclassified"
"ASV112","High temperature vs Control",0.0126905475083685,NA,NA,0.96723998358688,0.98010593650739,"ANCOMBC2","Proteobacteria","Alphaproteobacteria","Caulobacterales","Hyphomonadaceae","Henriciella"
"ASV94","High temperature vs Control",-0.00971088956948696,NA,NA,0.976214884288081,0.981890552219989,"ANCOMBC2","Bacteroidota","Bacteroidia","Flavobacteriales","Cryomorphaceae","Unclassified"
"ASV343","High temperature vs Control",0.000578065224421569,NA,NA,0.998296689867517,0.998296689867517,"ANCOMBC2","Bacteroidota","Bacteroidia","Flavobacteriales","Crocinitomicaceae","Fluviicola"
